[2025-10-03 11:13:11] cekTagihan: Wrong number of segments in C:\laragon\www\WS_KEU\src\jwt\JWT.php:109
[2025-10-03 11:16:26] cekTagihan: Wrong number of segments in C:\laragon\www\WS_KEU\src\jwt\JWT.php:109
[2025-10-03 11:17:08] cekTagihan: Signature verification failed in C:\laragon\www\WS_KEU\src\jwt\JWT.php:150
[2025-10-03 11:18:06] cekTagihan: Signature verification failed in C:\laragon\www\WS_KEU\src\jwt\JWT.php:150
[2025-10-03 11:23:30] cekTagihan: Signature verification failed in C:\laragon\www\WS_KEU\src\jwt\JWT.php:150
[2025-10-03 11:23:41] cekTagihan: Signature verification failed in C:\laragon\www\WS_KEU\src\jwt\JWT.php:150
[2025-10-03 11:23:44] cekTagihan: Signature verification failed in C:\laragon\www\WS_KEU\src\jwt\JWT.php:150
[2025-10-03 11:24:15] cekTagihan: Signature verification failed in C:\laragon\www\WS_KEU\src\jwt\JWT.php:150
[2025-10-03 11:24:20] cekTagihan: Signature verification failed in C:\laragon\www\WS_KEU\src\jwt\JWT.php:150
[2025-10-03 11:26:09] cekTagihan: Signature verification failed in C:\laragon\www\WS_KEU\src\jwt\JWT.php:150
[2025-11-13 13:30:49] cekTagihan: Signature verification failed in C:\laragon\www\WS_KEU_SAYA\WS_KEU\src\jwt\JWT.php:150
[2025-11-13 14:09:51] cekTagihan: Signature verification failed in C:\laragon\www\WS_KEU_SAYA\WS_KEU\src\jwt\JWT.php:150
[2025-11-13 14:13:54] cekTagihan: Signature verification failed in C:\laragon\www\WS_KEU_SAYA\WS_KEU\src\jwt\JWT.php:150
[2025-11-13 14:15:16] cekTagihan: Signature verification failed in C:\laragon\www\WS_KEU_SAYA\WS_KEU\src\jwt\JWT.php:150
[2025-11-13 14:20:44] RAW_INPUT: {
    "method": "CekTagihan",
    "token": "eyJ0eXAiOiJKV1QiLCJhbGciOiJIUzI1NiJ9.eyJuaXMiOiIyNTIwMDAzOTQ3In0.CqYHz0yKtDa3Z4qhQwduf9KM1XP2GZJQ3eDcbAukl4k"
}

[2025-11-13 14:20:44] DECODE_JWT: {"nis":"2520003947"}
[2025-11-13 14:23:00] RAW_INPUT: {
    "method": "CekTagihan",
    "token": "eyJ0eXAiOiJKV1QiLCJhbGciOiJIUzI1NiJ9.eyJub21vcl9wZW5kYWZ0YXJhbiI6IjI1MjAwMDM5NDcifQ.n6N8dieLibHb9WJEPlUB-LM5xlY__aHgE-7EvCjVbgE"
}

[2025-11-13 14:23:00] DECODE_JWT: {"nomor_pendaftaran":"2520003947"}
[2025-11-17 20:29:19] bayarOnline: Signature verification failed
[2025-11-17 20:42:49] cekSaldo: SQLSTATE[42000]: Syntax error or access violation: 1370 execute command denied to user 'webtagihan'@'%' for routine 'malang_arrohmah.fn_cek_saldo' in C:\laragon\www\WS_SERVER\index.php:944
[2025-11-17 20:43:27] cekSaldo: SQLSTATE[42000]: Syntax error or access violation: 1370 execute command denied to user 'webtagihan'@'%' for routine 'malang_arrohmah.fn_cek_saldo' in C:\laragon\www\WS_SERVER\index.php:944
[2025-11-17 20:45:19] cekSaldo: SQLSTATE[42000]: Syntax error or access violation: 1370 execute command denied to user 'webtagihan'@'%' for routine 'malang_arrohmah.fn_cek_saldo' in C:\laragon\www\WS_SERVER\index.php:944
[2025-11-17 20:45:43] bayarOnline: SQLSTATE[42S02]: Base table or view not found: 1146 Table 'malang_azizah.saldo_va' doesn't exist
[2025-11-17 20:46:18] cekSaldo: SQLSTATE[42000]: Syntax error or access violation: 1370 execute command denied to user 'webtagihan'@'%' for routine 'malang_arrohmah.fn_cek_saldo' in C:\laragon\www\WS_SERVER\index.php:944
[2025-11-17 20:47:36] cekSaldo RAW_INPUT: {
    "method": "cekSaldo",
    "token": "eyJ0eXAiOiJKV1QiLCJhbGciOiJIUzI1NiJ9.eyJwaWQiOiIwMDUwNTEwOTY2In0.oUNb8iRxF9iJK6CqSjtCM4Ybly_fb5f8LRqRmoeq8yY"
}

[2025-11-17 20:47:36] cekSaldo ARR_TOKEN: {"method":"cekSaldo","token":"eyJ0eXAiOiJKV1QiLCJhbGciOiJIUzI1NiJ9.eyJwaWQiOiIwMDUwNTEwOTY2In0.oUNb8iRxF9iJK6CqSjtCM4Ybly_fb5f8LRqRmoeq8yY"}
[2025-11-17 20:47:36] cekSaldo JWT_DECODE_START
[2025-11-17 20:47:36] cekSaldo JWT_DECODED: {"pid":"0050510966"}
[2025-11-17 20:47:36] cekSaldo DB_CONNECT: host=103.23.103.39 user=webtagihan
[2025-11-17 20:47:36] cekSaldo DB_CONNECTED OK
[2025-11-17 20:47:36] cekSaldo DATA_SISWA: {"CUSTID":3406,"NOCUST":"2220003150","NMCUST":"ACHMAD FADHIL SENGADJI","UNIT":"SMP","KELAS":"9"}
[2025-11-17 20:47:36] cekSaldo ERROR: SQLSTATE[42000]: Syntax error or access violation: 1370 execute command denied to user 'webtagihan'@'%' for routine 'malang_arrohmah.fn_cek_saldo' FILE: C:\laragon\www\WS_SERVER\index.php LINE: 976
[2025-11-17 20:50:44] cekSaldo RAW_INPUT: {
    "method": "cekSaldo",
    "token": "eyJ0eXAiOiJKV1QiLCJhbGciOiJIUzI1NiJ9.eyJwaWQiOiIwMDUwNTEwOTY2In0.oUNb8iRxF9iJK6CqSjtCM4Ybly_fb5f8LRqRmoeq8yY"
}

[2025-11-17 20:50:44] cekSaldo ARR_TOKEN: {"method":"cekSaldo","token":"eyJ0eXAiOiJKV1QiLCJhbGciOiJIUzI1NiJ9.eyJwaWQiOiIwMDUwNTEwOTY2In0.oUNb8iRxF9iJK6CqSjtCM4Ybly_fb5f8LRqRmoeq8yY"}
[2025-11-17 20:50:44] cekSaldo JWT_DECODE_START
[2025-11-17 20:50:44] cekSaldo JWT_DECODED: {"pid":"0050510966"}
[2025-11-17 20:50:44] cekSaldo DB_CONNECT: host=localhost user=root
[2025-11-17 20:50:44] cekSaldo DB_CONNECTED OK
[2025-11-17 20:50:44] cekSaldo DATA_SISWA: {"CUSTID":3406,"NOCUST":"2220003150","NMCUST":"ACHMAD FADHIL SENGADJI","UNIT":"SMP","KELAS":"9"}
[2025-11-17 20:50:44] cekSaldo SALDO_RESULT: 64300.00
[2025-11-17 20:50:44] cekSaldo SUCCESS_RESPONSE: {"pid":"0050510966","nama":"ACHMAD FADHIL SENGADJI","unit":"SMP","kelas":"9","saldo":64300}
[2025-11-17 20:53:02] debetCash RAW_INPUT: {
    "method": "debetCash",
    "token": "eyJ0eXAiOiJKV1QiLCJhbGciOiJIUzI1NiJ9.eyJwaWQiOiIwMDUwNTEwOTY2Iiwibm9taW5hbCI6NTAwMH0.P-0wOeMwLQ2xJMl7HzbK7D4D6iLLtlbfxRGGXLIj_QM"
}

[2025-11-17 20:53:02] debetCash ARR_TOKEN: {"method":"debetCash","token":"eyJ0eXAiOiJKV1QiLCJhbGciOiJIUzI1NiJ9.eyJwaWQiOiIwMDUwNTEwOTY2Iiwibm9taW5hbCI6NTAwMH0.P-0wOeMwLQ2xJMl7HzbK7D4D6iLLtlbfxRGGXLIj_QM"}
[2025-11-17 20:53:02] debetCash JWT_DECODE_START
[2025-11-17 20:53:02] debetCash JWT_DECODED: {"pid":"0050510966","nominal":5000}
[2025-11-17 20:53:02] debetCash DB_CONNECT: host=localhost user=root db=malang_arrohmah
[2025-11-17 20:53:02] debetCash DB_CONNECTED OK
[2025-11-17 20:53:02] debetCash DATA_SISWA: {"CUSTID":3406,"NMCUST":"ACHMAD FADHIL SENGADJI"}
[2025-11-17 20:53:02] debetCash FN_RESULT: Saldo berhasil didebet untuk ACHMAD FADHIL SENGADJI. Saldo sebelum: 64300.00, Saldo sesudah: 59300.00
[2025-11-17 20:53:02] debetCash SUCCESS
[2025-11-17 21:08:56] bayarOnline RAW_INPUT: {
    "method": "bayarOnline",
    "token": "eyJ0eXAiOiJKV1QiLCJhbGciOiJIUzI1NiJ9.eyJub2N1c3QiOiIyMDE3MDEwMzYzIiwibm9taW5hbCI6NTAwMDAwMDAwMDAwMDAwMDB9.Cv0W2tbXXzS-IWZUE4QWLUS2ZmD7wGBaZZkgmd54nmw"
}

[2025-11-17 21:08:56] bayarOnline ARR_TOKEN: {"method":"bayarOnline","token":"eyJ0eXAiOiJKV1QiLCJhbGciOiJIUzI1NiJ9.eyJub2N1c3QiOiIyMDE3MDEwMzYzIiwibm9taW5hbCI6NTAwMDAwMDAwMDAwMDAwMDB9.Cv0W2tbXXzS-IWZUE4QWLUS2ZmD7wGBaZZkgmd54nmw"}
[2025-11-17 21:08:56] bayarOnline JWT_DECODE_START
[2025-11-17 21:08:56] bayarOnline JWT_DECODED: {"nocust":"2017010363","nominal":50000000000000000}
[2025-11-17 21:08:56] bayarOnline DB_CONNECT: host=localhost user=root db=malang_azizah
[2025-11-17 21:08:56] bayarOnline DB_CONNECTED OK
[2025-11-17 21:08:56] bayarOnline ERROR: SQLSTATE[42S02]: Base table or view not found: 1146 Table 'malang_azizah.saldo_va' doesn't exist FILE: C:\laragon\www\WS_SERVER\index.php LINE: 1160
[2025-11-17 21:10:46] bayarOnline RAW_INPUT: {
    "method": "bayarOnline",
    "token": "eyJ0eXAiOiJKV1QiLCJhbGciOiJIUzI1NiJ9.eyJub2N1c3QiOiIyMDE3MDEwMzYzIiwibm9taW5hbCI6NTAwMDAwMDAwMDAwMDAwMDB9.Cv0W2tbXXzS-IWZUE4QWLUS2ZmD7wGBaZZkgmd54nmw"
}

[2025-11-17 21:10:46] bayarOnline ARR_TOKEN: {"method":"bayarOnline","token":"eyJ0eXAiOiJKV1QiLCJhbGciOiJIUzI1NiJ9.eyJub2N1c3QiOiIyMDE3MDEwMzYzIiwibm9taW5hbCI6NTAwMDAwMDAwMDAwMDAwMDB9.Cv0W2tbXXzS-IWZUE4QWLUS2ZmD7wGBaZZkgmd54nmw"}
[2025-11-17 21:10:46] bayarOnline JWT_DECODE_START
[2025-11-17 21:10:46] bayarOnline JWT_DECODED: {"nocust":"2017010363","nominal":50000000000000000}
[2025-11-17 21:10:46] bayarOnline DB_CONNECT: host=localhost user=root db=malang_azizah
[2025-11-17 21:10:46] bayarOnline DB_CONNECTED OK
[2025-11-17 21:10:46] bayarOnline ERROR: SQLSTATE[42S02]: Base table or view not found: 1146 Table 'malang_azizah.saldo_va_view' doesn't exist FILE: C:\laragon\www\WS_SERVER\index.php LINE: 1160
[2025-11-17 21:36:07] ==== BAYARONLINE DIPANGGIL ====
[2025-11-17 21:36:07] RAW_INPUT: {
    "method": "bayarOnline",
    "token": "eyJ0eXAiOiJKV1QiLCJhbGciOiJIUzI1NiJ9.eyJub2N1c3QiOiIyMDE3MDEwMzYzIiwibm9taW5hbCI6NTB9.ZWf33GF_RmRMi1UYG6cFFtFRSuglFMQRDq7KAJVYFYM"
}

[2025-11-17 21:36:07] ARR_TOKEN: {"method":"bayarOnline","token":"eyJ0eXAiOiJKV1QiLCJhbGciOiJIUzI1NiJ9.eyJub2N1c3QiOiIyMDE3MDEwMzYzIiwibm9taW5hbCI6NTB9.ZWf33GF_RmRMi1UYG6cFFtFRSuglFMQRDq7KAJVYFYM"}
[2025-11-17 21:36:07] JWT_DECODE_START
[2025-11-17 21:36:07] JWT_DECODED: {"nocust":"2017010363","nominal":50}
[2025-11-17 21:36:07] DB_CONNECT: host=localhost user=root db=malang_azizah
[2025-11-17 21:36:07] DB_CONNECTED_OK
[2025-11-17 21:36:13] DATA_SALDO: {"NOCUST":"2017010363","NMCUST":"Arin Lia Riani","SALDO":"127800"}
[2025-11-17 21:36:13] SALDO_AKHIR: 127750
[2025-11-17 21:36:13] BAYARONLINE_ERROR: SQLSTATE[42S02]: Base table or view not found: 1146 Table 'malang_azizah.scctsaldo' doesn't exist FILE:C:\laragon\www\WS_SERVER\index.php LINE:1194
[2025-11-17 22:08:38] bayarOnline RAW_INPUT: {
    "method": "bayarOnline",
    "token": "eyJ0eXAiOiJKV1QiLCJhbGciOiJIUzI1NiJ9.eyJub2N1c3QiOiIyMDE3MDEwMzYzIiwibm9taW5hbCI6NTB9.ZWf33GF_RmRMi1UYG6cFFtFRSuglFMQRDq7KAJVYFYM"
}

[2025-11-17 22:08:38] bayarOnline ARR_TOKEN: {"method":"bayarOnline","token":"eyJ0eXAiOiJKV1QiLCJhbGciOiJIUzI1NiJ9.eyJub2N1c3QiOiIyMDE3MDEwMzYzIiwibm9taW5hbCI6NTB9.ZWf33GF_RmRMi1UYG6cFFtFRSuglFMQRDq7KAJVYFYM"}
[2025-11-17 22:08:38] bayarOnline JWT_DECODE_START
[2025-11-17 22:08:38] bayarOnline JWT_DECODED: {"nocust":"2017010363","nominal":50}
[2025-11-17 22:08:38] bayarOnline DB_CONNECT: host=localhost user=root db=malang_azizah
[2025-11-17 22:08:38] bayarOnline DB_CONNECTED_OK
[2025-11-17 22:08:38] bayarOnline DATA_SISWA: {"CUSTID":29,"NMCUST":"Arin Lia Riani"}
[2025-11-17 22:08:44] bayarOnline DATA_SALDO: {"SALDO":"127800"}
[2025-11-17 22:08:44] bayarOnline INSERT_TRANSAKSI
[2025-11-17 22:08:44] bayarOnline ERROR: SQLSTATE[42S22]: Column not found: 1054 Unknown column 'TGLTRN' in 'field list' FILE: C:\laragon\www\WS_SERVER\index.php LINE: 1205
[2025-11-17 22:08:52] bayarOnline RAW_INPUT: {
    "method": "bayarOnline",
    "token": "eyJ0eXAiOiJKV1QiLCJhbGciOiJIUzI1NiJ9.eyJub2N1c3QiOiIyMDE3MDEwMzYzIiwibm9taW5hbCI6NTB9.ZWf33GF_RmRMi1UYG6cFFtFRSuglFMQRDq7KAJVYFYM"
}

[2025-11-17 22:08:52] bayarOnline ARR_TOKEN: {"method":"bayarOnline","token":"eyJ0eXAiOiJKV1QiLCJhbGciOiJIUzI1NiJ9.eyJub2N1c3QiOiIyMDE3MDEwMzYzIiwibm9taW5hbCI6NTB9.ZWf33GF_RmRMi1UYG6cFFtFRSuglFMQRDq7KAJVYFYM"}
[2025-11-17 22:08:52] bayarOnline JWT_DECODE_START
[2025-11-17 22:08:52] bayarOnline JWT_DECODED: {"nocust":"2017010363","nominal":50}
[2025-11-17 22:08:52] bayarOnline DB_CONNECT: host=localhost user=root db=malang_azizah
[2025-11-17 22:08:52] bayarOnline DB_CONNECTED_OK
[2025-11-17 22:08:52] bayarOnline DATA_SISWA: {"CUSTID":29,"NMCUST":"Arin Lia Riani"}
[2025-11-17 22:08:57] bayarOnline DATA_SALDO: {"SALDO":"127800"}
[2025-11-17 22:08:57] bayarOnline INSERT_TRANSAKSI
[2025-11-17 22:08:57] bayarOnline ERROR: SQLSTATE[42S22]: Column not found: 1054 Unknown column 'TGLTRN' in 'field list' FILE: C:\laragon\www\WS_SERVER\index.php LINE: 1205
[2025-11-17 22:14:29] bayarOnline ARR_TOKEN: {
    "method": "bayarOnline",
    "token": "eyJ0eXAiOiJKV1QiLCJhbGciOiJIUzI1NiJ9.eyJub2N1c3QiOiIyMDE3MDEwMzYzIiwibm9taW5hbCI6NTB9.ZWf33GF_RmRMi1UYG6cFFtFRSuglFMQRDq7KAJVYFYM"
}

[2025-11-17 22:14:29] bayarOnline JWT_DECODE_START
[2025-11-17 22:14:29] bayarOnline JWT_DECODED: {"nocust":"2017010363","nominal":50}
[2025-11-17 22:14:29] bayarOnline DB_CONNECT: host=localhost user=root db=malang_azizah
[2025-11-17 22:14:29] bayarOnline DB_CONNECTED_OK
[2025-11-17 22:14:29] bayarOnline DATA_SISWA: {"CUSTID":29,"NMCUST":"Arin Lia Riani"}
[2025-11-17 22:14:35] bayarOnline DATA_SALDO: {"SALDO":"127800"}
[2025-11-17 22:14:35] bayarOnline INSERT_TRANSAKSI
[2025-11-17 22:16:12] bayarOnline ARR_TOKEN: {
    "method": "bayarOnline",
    "token": "eyJ0eXAiOiJKV1QiLCJhbGciOiJIUzI1NiJ9.eyJub2N1c3QiOiIyMDE3MDEwMzYzIiwibm9taW5hbCI6NTB9.ZWf33GF_RmRMi1UYG6cFFtFRSuglFMQRDq7KAJVYFYM"
}

[2025-11-17 22:16:12] bayarOnline JWT_DECODE_START
[2025-11-17 22:16:12] bayarOnline JWT_DECODED: {"nocust":"2017010363","nominal":50}
[2025-11-17 22:16:12] bayarOnline DB_CONNECT: host=localhost user=root db=malang_azizah
[2025-11-17 22:16:12] bayarOnline DB_CONNECTED_OK
[2025-11-17 22:16:12] bayarOnline DATA_SISWA: {"CUSTID":29,"NMCUST":"Arin Lia Riani"}
[2025-11-17 22:16:18] bayarOnline DATA_SALDO: {"SALDO":"127850"}
[2025-11-17 22:16:18] bayarOnline INSERT_TRANSAKSI
[2025-11-17 22:21:47] bayarOnline ARR_TOKEN: {
    "method": "bayarOnline",
    "token": "eyJ0eXAiOiJKV1QiLCJhbGciOiJIUzI1NiJ9.eyJub2N1c3QiOiIyMDE3MDEwMzYzIiwibm9taW5hbCI6NTB9.ZWf33GF_RmRMi1UYG6cFFtFRSuglFMQRDq7KAJVYFYM"
}

[2025-11-17 22:21:47] bayarOnline JWT_DECODE_START
[2025-11-17 22:21:47] bayarOnline JWT_DECODED: {"nocust":"2017010363","nominal":50}
[2025-11-17 22:21:47] bayarOnline DB_CONNECT: host=localhost user=root db=malang_azizah
[2025-11-17 22:21:47] bayarOnline DB_CONNECTED_OK
[2025-11-17 22:21:47] bayarOnline DATA_SISWA: {"CUSTID":29,"NMCUST":"Arin Lia Riani"}
[2025-11-17 22:21:52] bayarOnline DATA_SALDO: {"SALDO":"127800"}
[2025-11-17 22:21:52] bayarOnline INSERT_TRANSAKSI
[2025-11-17 22:25:14] debetCash RAW_INPUT: {
    "method": "debetCash",
    "token": "eyJ0eXAiOiJKV1QiLCJhbGciOiJIUzI1NiJ9.eyJwaWQiOiIwMDUwNTEwOTY2Iiwibm9taW5hbCI6MTB9.gu7YY4rm25Z2gKrJS-30ExGIiy7Tki9SP8NKzmmJYuA"
}

[2025-11-17 22:25:14] debetCash ARR_TOKEN: {"method":"debetCash","token":"eyJ0eXAiOiJKV1QiLCJhbGciOiJIUzI1NiJ9.eyJwaWQiOiIwMDUwNTEwOTY2Iiwibm9taW5hbCI6MTB9.gu7YY4rm25Z2gKrJS-30ExGIiy7Tki9SP8NKzmmJYuA"}
[2025-11-17 22:25:14] debetCash JWT_DECODE_START
[2025-11-17 22:25:14] debetCash JWT_DECODED: {"pid":"0050510966","nominal":10}
[2025-11-17 22:25:14] debetCash DB_CONNECT: host=localhost user=root db=malang_arrohmah
[2025-11-17 22:25:14] debetCash DB_CONNECTED OK
[2025-11-17 22:25:14] debetCash DATA_SISWA: {"CUSTID":3406,"NMCUST":"ACHMAD FADHIL SENGADJI"}
[2025-11-17 22:25:15] debetCash FN_RESULT: Saldo berhasil didebet untuk ACHMAD FADHIL SENGADJI. Saldo sebelum: 59300.00, Saldo sesudah: 59290.00
[2025-11-17 22:25:15] debetCash SUCCESS
[2025-11-17 22:26:15] debetCash RAW_INPUT: {
    "method": "debetCash",
    "token": "eyJ0eXAiOiJKV1QiLCJhbGciOiJIUzI1NiJ9.eyJwaWQiOiIwMDUwNTEwOTY2Iiwibm9taW5hbCI6MTB9.gu7YY4rm25Z2gKrJS-30ExGIiy7Tki9SP8NKzmmJYuA"
}

[2025-11-17 22:26:15] debetCash ARR_TOKEN: {"method":"debetCash","token":"eyJ0eXAiOiJKV1QiLCJhbGciOiJIUzI1NiJ9.eyJwaWQiOiIwMDUwNTEwOTY2Iiwibm9taW5hbCI6MTB9.gu7YY4rm25Z2gKrJS-30ExGIiy7Tki9SP8NKzmmJYuA"}
[2025-11-17 22:26:15] debetCash JWT_DECODE_START
[2025-11-17 22:26:15] debetCash JWT_DECODED: {"pid":"0050510966","nominal":10}
[2025-11-17 22:26:15] debetCash DB_CONNECT: host=localhost user=root db=malang_arrohmah
[2025-11-17 22:26:15] debetCash DB_CONNECTED OK
[2025-11-17 22:26:15] debetCash DATA_SISWA: {"CUSTID":3406,"NMCUST":"ACHMAD FADHIL SENGADJI"}
[2025-11-17 22:26:15] debetCash FN_RESULT: Saldo berhasil didebet untuk ACHMAD FADHIL SENGADJI. Saldo sebelum: 59290.00, Saldo sesudah: 59280.00
[2025-11-17 22:26:15] debetCash SUCCESS
[2025-11-17 22:36:53] cekSaldo RAW_INPUT: {
    "method": "cekSaldo",
    "token": "eyJ0eXAiOiJKV1QiLCJhbGciOiJIUzI1NiJ9.eyJub2N1c3QiOiIyMDE3MDEwMzYzIiwibm9taW5hbCI6NTB9.ZWf33GF_RmRMi1UYG6cFFtFRSuglFMQRDq7KAJVYFYM"
}

[2025-11-17 22:36:53] cekSaldo ARR_TOKEN: {"method":"cekSaldo","token":"eyJ0eXAiOiJKV1QiLCJhbGciOiJIUzI1NiJ9.eyJub2N1c3QiOiIyMDE3MDEwMzYzIiwibm9taW5hbCI6NTB9.ZWf33GF_RmRMi1UYG6cFFtFRSuglFMQRDq7KAJVYFYM"}
[2025-11-17 22:36:53] cekSaldo JWT_DECODE_START
[2025-11-17 22:36:53] cekSaldo JWT_DECODED: {"nocust":"2017010363","nominal":50}
[2025-11-18 22:38:11] debetCash RAW_INPUT: {
    "method": "debetCash",
    "token": "eyJ0eXAiOiJKV1QiLCJhbGciOiJIUzI1NiJ9.eyJwaWQiOiIwMDQ2MzkzNTg5YXdmcyIsIm5vbWluYWwiOjUwfQ.H47KlMYFGnh0gLq_o5zDaK2i59UNxj0cdnjIONopNr0"
}

[2025-11-18 22:38:11] debetCash ARR_TOKEN: {"method":"debetCash","token":"eyJ0eXAiOiJKV1QiLCJhbGciOiJIUzI1NiJ9.eyJwaWQiOiIwMDQ2MzkzNTg5YXdmcyIsIm5vbWluYWwiOjUwfQ.H47KlMYFGnh0gLq_o5zDaK2i59UNxj0cdnjIONopNr0"}
[2025-11-18 22:38:11] debetCash JWT_DECODE_START
[2025-11-18 22:38:11] debetCash JWT_DECODED: {"pid":"0046393589awfs","nominal":50}
[2025-11-18 22:38:11] debetCash DB_CONNECT: host=localhost user=root db=malang_arrohmah
[2025-11-18 22:38:11] debetCash DB_CONNECTED OK
[2025-11-18 22:38:11] debetCash DATA_SISWA: {"CUSTID":3756,"NMCUST":"FURQON YUKI PRATAMA"}
[2025-11-18 22:38:11] debetCash FN_RESULT: Saldo berhasil didebet untuk FURQON YUKI PRATAMA. Saldo sebelum: 84886, Saldo sesudah: 84836
[2025-11-18 22:38:11] debetCash SUCCESS
[2025-11-18 22:38:36] cekSaldo RAW_INPUT: {
    "method": "cekSaldo",
    "token": "eyJ0eXAiOiJKV1QiLCJhbGciOiJIUzI1NiJ9.eyJwaWQiOiIwMDQ2MzkzNTg5YXdmcyJ9.402J_qMf2qBIbPTwjx5LZrVnMr9rtBQoutOYROUi47I"
}

[2025-11-18 22:38:36] cekSaldo ARR_TOKEN: {"method":"cekSaldo","token":"eyJ0eXAiOiJKV1QiLCJhbGciOiJIUzI1NiJ9.eyJwaWQiOiIwMDQ2MzkzNTg5YXdmcyJ9.402J_qMf2qBIbPTwjx5LZrVnMr9rtBQoutOYROUi47I"}
[2025-11-18 22:38:36] cekSaldo JWT_DECODE_START
[2025-11-18 22:38:36] cekSaldo JWT_DECODED: {"pid":"0046393589awfs"}
[2025-11-18 22:38:36] cekSaldo DB_CONNECT: host=localhost user=root
[2025-11-18 22:38:36] cekSaldo DB_CONNECTED OK
[2025-11-18 22:38:36] cekSaldo DATA_SISWA: {"CUSTID":3756,"NOCUST":"2320003305","NMCUST":"FURQON YUKI PRATAMA","UNIT":"SMP","KELAS":"9"}
[2025-11-18 22:38:36] cekSaldo SALDO_RESULT: 84836
[2025-11-18 22:38:36] cekSaldo SUCCESS_RESPONSE: {"pid":"0046393589awfs","nama":"FURQON YUKI PRATAMA","unit":"SMP","kelas":"9","saldo":84836}
[2025-11-19 08:09:52] debetCash RAW_INPUT: {"method":"debetCash","token":"eyJ0eXAiOiJKV1QiLCJhbGciOiJIUzI1NiJ9.eyJwaWQiOiIwOTI3MyIsIm5vbWluYWwiOjQ5NDAwfQ.9EqFMi6O449z4ets3ARDJ5JFQZhqLHP_qos-Kd7fnjY"}
[2025-11-19 08:09:52] debetCash ARR_TOKEN: {"method":"debetCash","token":"eyJ0eXAiOiJKV1QiLCJhbGciOiJIUzI1NiJ9.eyJwaWQiOiIwOTI3MyIsIm5vbWluYWwiOjQ5NDAwfQ.9EqFMi6O449z4ets3ARDJ5JFQZhqLHP_qos-Kd7fnjY"}
[2025-11-19 08:09:52] debetCash JWT_DECODE_START
[2025-11-19 08:09:52] debetCash JWT_DECODED: {"pid":"09273","nominal":49400}
[2025-11-19 08:09:52] debetCash DB_CONNECT: host=localhost user=root db=malang_arrohmah
[2025-11-19 08:09:52] debetCash DB_CONNECTED OK
[2025-11-19 08:09:52] debetCash DATA_SISWA: false
[2025-11-19 08:11:35] debetCash RAW_INPUT: {"method":"debetCash","token":"eyJ0eXAiOiJKV1QiLCJhbGciOiJIUzI1NiJ9.eyJwaWQiOiIwOTI3MyIsIm5vbWluYWwiOjQ2MDAwfQ.b251OIDLDG_PjfNDXyVd9fBI5DwbSnKKafuCicE9chs"}
[2025-11-19 08:11:35] debetCash ARR_TOKEN: {"method":"debetCash","token":"eyJ0eXAiOiJKV1QiLCJhbGciOiJIUzI1NiJ9.eyJwaWQiOiIwOTI3MyIsIm5vbWluYWwiOjQ2MDAwfQ.b251OIDLDG_PjfNDXyVd9fBI5DwbSnKKafuCicE9chs"}
[2025-11-19 08:11:35] debetCash JWT_DECODE_START
[2025-11-19 08:11:35] debetCash JWT_DECODED: {"pid":"09273","nominal":46000}
[2025-11-19 08:11:35] debetCash DB_CONNECT: host=localhost user=root db=malang_arrohmah
[2025-11-19 08:11:35] debetCash DB_CONNECTED OK
[2025-11-19 08:11:35] debetCash DATA_SISWA: false
[2025-11-19 08:11:49] debetCash RAW_INPUT: {"method":"debetCash","token":"eyJ0eXAiOiJKV1QiLCJhbGciOiJIUzI1NiJ9.eyJwaWQiOiIwOTI3MyIsIm5vbWluYWwiOjQ2MDAwfQ.b251OIDLDG_PjfNDXyVd9fBI5DwbSnKKafuCicE9chs"}
[2025-11-19 08:11:49] debetCash ARR_TOKEN: {"method":"debetCash","token":"eyJ0eXAiOiJKV1QiLCJhbGciOiJIUzI1NiJ9.eyJwaWQiOiIwOTI3MyIsIm5vbWluYWwiOjQ2MDAwfQ.b251OIDLDG_PjfNDXyVd9fBI5DwbSnKKafuCicE9chs"}
[2025-11-19 08:11:49] debetCash JWT_DECODE_START
[2025-11-19 08:11:49] debetCash JWT_DECODED: {"pid":"09273","nominal":46000}
[2025-11-19 08:11:49] debetCash DB_CONNECT: host=localhost user=root db=malang_arrohmah
[2025-11-19 08:11:49] debetCash DB_CONNECTED OK
[2025-11-19 08:11:49] debetCash DATA_SISWA: false
[2025-11-19 08:18:16] debetCash RAW_INPUT: {"method":"debetCash","token":"eyJ0eXAiOiJKV1QiLCJhbGciOiJIUzI1NiJ9.eyJwaWQiOiIwOTI3MyIsIm5vbWluYWwiOjQ2NDAwfQ.VPBmRxKr_Al762aOMRKxONYumnUxK_e3h5YkTWoplgA"}
[2025-11-19 08:18:16] debetCash ARR_TOKEN: {"method":"debetCash","token":"eyJ0eXAiOiJKV1QiLCJhbGciOiJIUzI1NiJ9.eyJwaWQiOiIwOTI3MyIsIm5vbWluYWwiOjQ2NDAwfQ.VPBmRxKr_Al762aOMRKxONYumnUxK_e3h5YkTWoplgA"}
[2025-11-19 08:18:16] debetCash JWT_DECODE_START
[2025-11-19 08:18:16] debetCash JWT_DECODED: {"pid":"09273","nominal":46400}
[2025-11-19 08:18:16] debetCash DB_CONNECT: host=localhost user=root db=malang_arrohmah
[2025-11-19 08:18:16] debetCash DB_CONNECTED OK
[2025-11-19 08:18:16] debetCash DATA_SISWA: false
[2025-11-19 08:23:36] debetCash RAW_INPUT: {"method":"debetCash","token":"eyJ0eXAiOiJKV1QiLCJhbGciOiJIUzI1NiJ9.eyJwaWQiOiIxMDQzNiIsIm5vbWluYWwiOjQ2NDAwfQ.FJjY0togTbYOKkYpvHyilKjKQxLp0dj4D0pb-Hj47HQ"}
[2025-11-19 08:23:36] debetCash ARR_TOKEN: {"method":"debetCash","token":"eyJ0eXAiOiJKV1QiLCJhbGciOiJIUzI1NiJ9.eyJwaWQiOiIxMDQzNiIsIm5vbWluYWwiOjQ2NDAwfQ.FJjY0togTbYOKkYpvHyilKjKQxLp0dj4D0pb-Hj47HQ"}
[2025-11-19 08:23:36] debetCash JWT_DECODE_START
[2025-11-19 08:23:36] debetCash JWT_DECODED: {"pid":"10436","nominal":46400}
[2025-11-19 08:23:36] debetCash DB_CONNECT: host=localhost user=root db=malang_arrohmah
[2025-11-19 08:23:36] debetCash DB_CONNECTED OK
[2025-11-19 08:23:36] debetCash DATA_SISWA: false
[2025-11-19 10:29:01] debetCash RAW_INPUT: {"method":"debetCash","token":"eyJ0eXAiOiJKV1QiLCJhbGciOiJIUzI1NiJ9.eyJwaWQiOiIxMDQzNiIsIm5vbWluYWwiOjM0MjAwfQ.PxuSqvg7xvZc21wbRYtmxMDPZeG07CeEm6rI-wsgm_c"}
[2025-11-19 10:29:01] debetCash ARR_TOKEN: {"method":"debetCash","token":"eyJ0eXAiOiJKV1QiLCJhbGciOiJIUzI1NiJ9.eyJwaWQiOiIxMDQzNiIsIm5vbWluYWwiOjM0MjAwfQ.PxuSqvg7xvZc21wbRYtmxMDPZeG07CeEm6rI-wsgm_c"}
[2025-11-19 10:29:01] debetCash JWT_DECODE_START
[2025-11-19 10:29:01] debetCash JWT_DECODED: {"pid":"10436","nominal":34200}
[2025-11-19 10:29:01] debetCash DB_CONNECT: host=localhost user=root db=malang_arrohmah
[2025-11-19 10:29:01] debetCash DB_CONNECTED OK
[2025-11-19 10:29:01] debetCash DATA_SISWA: false
[2025-11-19 10:30:46] debetCash RAW_INPUT: {
    "method": "debetCash",
    "token": "eyJ0eXAiOiJKV1QiLCJhbGciOiJIUzI1NiJ9.eyJwaWQiOiIxMDQzNjUwMDgzIiwibm9taW5hbCI6NTB9.TrjffvgfYjjbMUkcybwjvozBDFc52WQC0ggU5ZvtBLY"
}

[2025-11-19 10:30:46] debetCash ARR_TOKEN: {"method":"debetCash","token":"eyJ0eXAiOiJKV1QiLCJhbGciOiJIUzI1NiJ9.eyJwaWQiOiIxMDQzNjUwMDgzIiwibm9taW5hbCI6NTB9.TrjffvgfYjjbMUkcybwjvozBDFc52WQC0ggU5ZvtBLY"}
[2025-11-19 10:30:46] debetCash JWT_DECODE_START
[2025-11-19 10:30:46] debetCash JWT_DECODED: {"pid":"1043650083","nominal":50}
[2025-11-19 10:30:46] debetCash DB_CONNECT: host=localhost user=root db=malang_arrohmah
[2025-11-19 10:30:46] debetCash DB_CONNECTED OK
[2025-11-19 10:30:46] debetCash DATA_SISWA: {"CUSTID":3756,"NMCUST":"FURQON YUKI PRATAMA"}
[2025-11-19 10:30:46] debetCash FN_RESULT: Saldo berhasil didebet untuk FURQON YUKI PRATAMA. Saldo sebelum: 84836, Saldo sesudah: 84786
[2025-11-19 10:30:46] debetCash SUCCESS
[2025-11-19 10:31:11] debetCash RAW_INPUT: {"method":"debetCash","token":"eyJ0eXAiOiJKV1QiLCJhbGciOiJIUzI1NiJ9.eyJwaWQiOiIxMDQzNiIsIm5vbWluYWwiOjE3ODAwfQ.pTifu9aOdzrXnLH-O2frsO9-WEsTr6olKsFeJxfnHkY"}
[2025-11-19 10:31:11] debetCash ARR_TOKEN: {"method":"debetCash","token":"eyJ0eXAiOiJKV1QiLCJhbGciOiJIUzI1NiJ9.eyJwaWQiOiIxMDQzNiIsIm5vbWluYWwiOjE3ODAwfQ.pTifu9aOdzrXnLH-O2frsO9-WEsTr6olKsFeJxfnHkY"}
[2025-11-19 10:31:11] debetCash JWT_DECODE_START
[2025-11-19 10:31:11] debetCash JWT_DECODED: {"pid":"10436","nominal":17800}
[2025-11-19 10:31:11] debetCash DB_CONNECT: host=localhost user=root db=malang_arrohmah
[2025-11-19 10:31:11] debetCash DB_CONNECTED OK
[2025-11-19 10:31:11] debetCash DATA_SISWA: false
[2025-11-19 10:34:31] debetCash RAW_INPUT: {"method":"debetCash","token":"eyJ0eXAiOiJKV1QiLCJhbGciOiJIUzI1NiJ9.eyJwaWQiOiIxMDQzNiIsIm5vbWluYWwiOjkwMDB9.2D7A76fR6jGMFjwfNPPzvR72vnI_WHxZjrWW21GmnyU"}
[2025-11-19 10:34:31] debetCash ARR_TOKEN: {"method":"debetCash","token":"eyJ0eXAiOiJKV1QiLCJhbGciOiJIUzI1NiJ9.eyJwaWQiOiIxMDQzNiIsIm5vbWluYWwiOjkwMDB9.2D7A76fR6jGMFjwfNPPzvR72vnI_WHxZjrWW21GmnyU"}
[2025-11-19 10:34:31] debetCash JWT_DECODE_START
[2025-11-19 10:34:31] debetCash JWT_DECODED: {"pid":"10436","nominal":9000}
[2025-11-19 10:34:31] debetCash DB_CONNECT: host=localhost user=root db=malang_arrohmah
[2025-11-19 10:34:31] debetCash DB_CONNECTED OK
[2025-11-19 10:34:31] debetCash DATA_SISWA: false
[2025-11-19 10:37:29] debetCash RAW_INPUT: {"method":"debetCash","token":"eyJ0eXAiOiJKV1QiLCJhbGciOiJIUzI1NiJ9.eyJwaWQiOiIxMDQzNiIsIm5vbWluYWwiOjUwMDB9.iQlLS1ODuyZMi7ZQhl7WXURJPNRrPzE32McTRhoWdbo"}
[2025-11-19 10:37:29] debetCash ARR_TOKEN: {"method":"debetCash","token":"eyJ0eXAiOiJKV1QiLCJhbGciOiJIUzI1NiJ9.eyJwaWQiOiIxMDQzNiIsIm5vbWluYWwiOjUwMDB9.iQlLS1ODuyZMi7ZQhl7WXURJPNRrPzE32McTRhoWdbo"}
[2025-11-19 10:37:29] debetCash JWT_DECODE_START
[2025-11-19 10:37:29] debetCash JWT_DECODED: {"pid":"10436","nominal":5000}
[2025-11-19 10:37:29] debetCash DB_CONNECT: host=localhost user=root db=malang_arrohmah
[2025-11-19 10:37:29] debetCash DB_CONNECTED OK
[2025-11-19 10:37:29] debetCash DATA_SISWA: false
[2025-11-19 10:41:13] debetCash RAW_INPUT: {"method":"debetCash","token":"eyJ0eXAiOiJKV1QiLCJhbGciOiJIUzI1NiJ9.eyJwaWQiOiIxMDQzNjUwMDgzIiwibm9taW5hbCI6MzY0MDB9.lSCWsiT0dbDZ4ToOPc3SufiY73lBsOxDrNPfsHeB9AQ"}
[2025-11-19 10:41:13] debetCash ARR_TOKEN: {"method":"debetCash","token":"eyJ0eXAiOiJKV1QiLCJhbGciOiJIUzI1NiJ9.eyJwaWQiOiIxMDQzNjUwMDgzIiwibm9taW5hbCI6MzY0MDB9.lSCWsiT0dbDZ4ToOPc3SufiY73lBsOxDrNPfsHeB9AQ"}
[2025-11-19 10:41:13] debetCash JWT_DECODE_START
[2025-11-19 10:41:13] debetCash JWT_DECODED: {"pid":"1043650083","nominal":36400}
[2025-11-19 10:41:13] debetCash DB_CONNECT: host=localhost user=root db=malang_arrohmah
[2025-11-19 10:41:13] debetCash DB_CONNECTED OK
[2025-11-19 10:41:13] debetCash DATA_SISWA: {"CUSTID":3756,"NMCUST":"FURQON YUKI PRATAMA"}
[2025-11-19 10:41:13] debetCash FN_RESULT: Saldo berhasil didebet untuk FURQON YUKI PRATAMA. Saldo sebelum: 84786, Saldo sesudah: 48386
[2025-11-19 10:41:13] debetCash SUCCESS
[2025-11-19 10:42:08] debetCash RAW_INPUT: {"method":"debetCash","token":"eyJ0eXAiOiJKV1QiLCJhbGciOiJIUzI1NiJ9.eyJwaWQiOiIxMDQzNjUwMDgzIiwibm9taW5hbCI6OTYwMH0.f2ZAxr51k60o5r-UvWYmV3ufYL_ur1KneOcaP3mwLbI"}
[2025-11-19 10:42:08] debetCash ARR_TOKEN: {"method":"debetCash","token":"eyJ0eXAiOiJKV1QiLCJhbGciOiJIUzI1NiJ9.eyJwaWQiOiIxMDQzNjUwMDgzIiwibm9taW5hbCI6OTYwMH0.f2ZAxr51k60o5r-UvWYmV3ufYL_ur1KneOcaP3mwLbI"}
[2025-11-19 10:42:08] debetCash JWT_DECODE_START
[2025-11-19 10:42:08] debetCash JWT_DECODED: {"pid":"1043650083","nominal":9600}
[2025-11-19 10:42:08] debetCash DB_CONNECT: host=localhost user=root db=malang_arrohmah
[2025-11-19 10:42:08] debetCash DB_CONNECTED OK
[2025-11-19 10:42:08] debetCash DATA_SISWA: {"CUSTID":3756,"NMCUST":"FURQON YUKI PRATAMA"}
[2025-11-19 10:42:08] debetCash FN_RESULT: Saldo berhasil didebet untuk FURQON YUKI PRATAMA. Saldo sebelum: 48386, Saldo sesudah: 38786
[2025-11-19 10:42:08] debetCash SUCCESS
[2025-11-19 11:02:23] debetCash RAW_INPUT: {"method":"debetCash","token":"eyJ0eXAiOiJKV1QiLCJhbGciOiJIUzI1NiJ9.eyJwaWQiOiIxMDQzNjUwMDgzIiwibm9taW5hbCI6NTM4MDB9.zmd7LnqBrPlzUyhGVR-6I10N-0vDXcRda48F8LKHdcQ"}
[2025-11-19 11:02:23] debetCash ARR_TOKEN: {"method":"debetCash","token":"eyJ0eXAiOiJKV1QiLCJhbGciOiJIUzI1NiJ9.eyJwaWQiOiIxMDQzNjUwMDgzIiwibm9taW5hbCI6NTM4MDB9.zmd7LnqBrPlzUyhGVR-6I10N-0vDXcRda48F8LKHdcQ"}
[2025-11-19 11:02:23] debetCash JWT_DECODE_START
[2025-11-19 11:02:23] debetCash JWT_DECODED: {"pid":"1043650083","nominal":53800}
[2025-11-19 11:02:23] debetCash DB_CONNECT: host=localhost user=root db=malang_arrohmah
[2025-11-19 11:02:23] debetCash DB_CONNECTED OK
[2025-11-19 11:02:23] debetCash DATA_SISWA: {"CUSTID":3756,"NMCUST":"FURQON YUKI PRATAMA"}
[2025-11-19 11:02:23] debetCash FN_RESULT: Saldo tidak mencukupi. Saldo saat ini: 38786
[2025-11-19 11:02:23] debetCash SUCCESS
[2025-11-19 11:14:00] debetCash RAW_INPUT: {
    "method": "debetCash",
    "token": "eyJ0eXAiOiJKV1QiLCJhbGciOiJIUzI1NiJ9.eyJwaWQiOiIxMDQzNjUwMDgzIiwibm9taW5hbCI6NTB9.TrjffvgfYjjbMUkcybwjvozBDFc52WQC0ggU5ZvtBLY"
}

[2025-11-19 11:14:04] debetCash RAW_INPUT: {
    "method": "debetCash",
    "token": "eyJ0eXAiOiJKV1QiLCJhbGciOiJIUzI1NiJ9.eyJwaWQiOiIxMDQzNjUwMDgzIiwibm9taW5hbCI6NTB9.TrjffvgfYjjbMUkcybwjvozBDFc52WQC0ggU5ZvtBLY"
}

[2025-11-19 11:14:07] debetCash RAW_INPUT: {
    "method": "debetCash",
    "token": "eyJ0eXAiOiJKV1QiLCJhbGciOiJIUzI1NiJ9.eyJwaWQiOiIxMDQzNjUwMDgzIiwibm9taW5hbCI6NTB9.TrjffvgfYjjbMUkcybwjvozBDFc52WQC0ggU5ZvtBLY"
}

[2025-11-19 11:15:12] debetCash RAW_INPUT: {"method":"debetCash","token":"eyJ0eXAiOiJKV1QiLCJhbGciOiJIUzI1NiJ9.eyJwaWQiOiIxMDQzNjUwMDgzIiwibm9taW5hbCI6MTY5MDAwfQ.cieXp9axY_jHPilTjE9ZuHBZ88lXp8RueZ2JptzsTZg"}
[2025-11-19 14:31:53] debetCash RAW_INPUT: {"method":"debetCash","token":"eyJ0eXAiOiJKV1QiLCJhbGciOiJIUzI1NiJ9.eyJwaWQiOiIxMDQzNjUwMDgzIiwibm9taW5hbCI6MTUwMDB9.5T0ITrko6-PmLTKW6SqFDFLGQswz0s6lqidz_M6Bm2c"}
[2025-11-19 14:32:24] debetCash RAW_INPUT: {"method":"debetCash","token":"eyJ0eXAiOiJKV1QiLCJhbGciOiJIUzI1NiJ9.eyJwaWQiOiIxMDQzNjUwMDgzIiwibm9taW5hbCI6NjAwMDB9.UEIRWa_ap15APG2wBFVuYPfqPnEirzpfuEmGQgQFnxs"}
[2025-11-19 16:17:42] debetCash RAW_INPUT: {"method":"debetCash","token":"eyJ0eXAiOiJKV1QiLCJhbGciOiJIUzI1NiJ9.eyJwaWQiOiIxMDQzNjUwMDgzIiwibm9taW5hbCI6MjEwMDB9.3HQOfaukqxayQqnEBwB8P9ntbfCu_omXSvahchg33HQ"}
[2025-11-19 21:42:26] debetCash RAW_INPUT: {"method":"debetCash","token":"eyJ0eXAiOiJKV1QiLCJhbGciOiJIUzI1NiJ9.eyJwaWQiOiIxMDQzNjUwMDgzIiwibm9taW5hbCI6ODAwfQ.1TaFoQ-pUi7dKFnF-9JxaRKb1gcd0QINz4v-UmlpIZA"}
[2025-11-20 11:09:56] debetCash RAW_INPUT: {"method":"debetCash","token":"eyJ0eXAiOiJKV1QiLCJhbGciOiJIUzI1NiJ9.eyJwaWQiOiIwOTI3MzI4MDAyIiwibm9taW5hbCI6NDgzMDB9.GnK2yOqi8eh9zNnoi2Voi2g60ExUo4_WBNzQtCzKNQI"}
[2025-11-20 11:10:17] debetCash RAW_INPUT: {"method":"debetCash","token":"eyJ0eXAiOiJKV1QiLCJhbGciOiJIUzI1NiJ9.eyJwaWQiOiIxMDQzNjUwMDgzIiwibm9taW5hbCI6NDgzMDB9.VETYeKjWdN81noS_FbVKxNO8FDxd5UWwVm-KLG8vfEI"}
[2025-11-20 13:20:23] debetCash RAW_INPUT: {"method":"debetCash","token":"eyJ0eXAiOiJKV1QiLCJhbGciOiJIUzI1NiJ9.eyJwaWQiOiIxMDQzNjUwMDgzIiwibm9taW5hbCI6MjI1MDB9.bQMhi-OCfqm_mlOBw7_asqnwK6RsbH-qb0txvAX5isk"}
[2025-11-20 13:27:26] debetCash RAW_INPUT: {"method":"debetCash","token":"eyJ0eXAiOiJKV1QiLCJhbGciOiJIUzI1NiJ9.eyJwaWQiOiIxMDQzNjUwMDgzIiwibm9taW5hbCI6NTAwMH0.UFFDtVrNiM6899wex97nYHGzsFWwRBLey-2eoLcHSRM"}
[2025-11-20 13:37:09] debetCash RAW_INPUT: {"method":"debetCash","token":"eyJ0eXAiOiJKV1QiLCJhbGciOiJIUzI1NiJ9.eyJwaWQiOiIxMDQzNjUwMDgzIiwibm9taW5hbCI6MTI1MDB9.SlkM7HTatk_zUMzqrOVQLjvCSyRH6SfzZBHl40babl8"}
[2025-11-20 13:46:14] debetCash RAW_INPUT: {"method":"debetCash","token":"eyJ0eXAiOiJKV1QiLCJhbGciOiJIUzI1NiJ9.eyJwaWQiOiIxMDQzNjUwMDgzIiwibm9taW5hbCI6MTI1MDB9.SlkM7HTatk_zUMzqrOVQLjvCSyRH6SfzZBHl40babl8"}
[2025-11-20 15:43:16] debetCash RAW_INPUT: {"method":"debetCash","token":"eyJ0eXAiOiJKV1QiLCJhbGciOiJIUzI1NiJ9.eyJwaWQiOiIxMDQzNjUwMDgzIiwibm9taW5hbCI6MTM1MDB9.yuOmXC9NxK9vBkchB1PREEhEcPSV-bN8QPCpPJ860gg"}
[2025-11-23 10:44:46] debetCash RAW_INPUT: {"method":"debetCash","token":"eyJ0eXAiOiJKV1QiLCJhbGciOiJIUzI1NiJ9.eyJwaWQiOiIxMDQzNjUwMDgzIiwibm9taW5hbCI6NDcwMH0.bbwMXl82QU12y3I8vzsh9wu7ffJwOcSW-DzYKUrRsSA"}
[2025-11-23 10:45:39] debetCash RAW_INPUT: {"method":"debetCash","token":"eyJ0eXAiOiJKV1QiLCJhbGciOiJIUzI1NiJ9.eyJwaWQiOiIxMDQzNjUwMDgzIiwibm9taW5hbCI6NDd9.TYxBiFRGUO2TDTHombjPkqDqnuvNbBQgmaOH647JmDQ"}
[2025-11-23 21:18:04] debetCash RAW_INPUT: {"method":"debetCash","token":"eyJ0eXAiOiJKV1QiLCJhbGciOiJIUzI1NiJ9.eyJwaWQiOiIwOTI3MzI4MDAyIiwibm9taW5hbCI6MTIwMH0.1vt6lzp75LQSOoxNpDlIbOhdaXb0IfZo-xwAOMe-Xdk"}
[2025-11-23 21:18:44] debetCash RAW_INPUT: {"method":"debetCash","token":"eyJ0eXAiOiJKV1QiLCJhbGciOiJIUzI1NiJ9.eyJwaWQiOiIwOTI3MzI4MDAyIiwibm9taW5hbCI6MTIwMH0.1vt6lzp75LQSOoxNpDlIbOhdaXb0IfZo-xwAOMe-Xdk"}
[2025-11-23 21:25:35] debetCash RAW_INPUT: {"method":"debetCash","token":"eyJ0eXAiOiJKV1QiLCJhbGciOiJIUzI1NiJ9.eyJwaWQiOiIxMDQzNjUwMDgzIiwibm9taW5hbCI6MTIwMH0.rOf6NvAWs-GE5KBio2g0qbGcvpHLGOMn7g3-_iP8DNw"}
[2025-11-23 21:33:06] debetCash RAW_INPUT: {"method":"debetCash","token":"eyJ0eXAiOiJKV1QiLCJhbGciOiJIUzI1NiJ9.eyJwaWQiOiIxMDQzNjUwMDgzIiwibm9taW5hbCI6MTIwMH0.rOf6NvAWs-GE5KBio2g0qbGcvpHLGOMn7g3-_iP8DNw"}
[2025-11-23 21:43:46] debetCash RAW_INPUT: {"method":"debetCash","token":"eyJ0eXAiOiJKV1QiLCJhbGciOiJIUzI1NiJ9.eyJwaWQiOiIxMDQzNjUwMDgzIiwibm9taW5hbCI6MTIwMH0.rOf6NvAWs-GE5KBio2g0qbGcvpHLGOMn7g3-_iP8DNw"}
[2025-11-25 12:58:37] debetCash RAW_INPUT: {"method":"debetCash","token":"eyJ0eXAiOiJKV1QiLCJhbGciOiJIUzI1NiJ9.eyJwaWQiOiIxMDQzNjUwMDgzIiwibm9taW5hbCI6MzM0NTAwfQ.pfEnHwbcilBjH2OXkaHER65boRC6GvGLT1bHr0pl6E4"}
[2025-11-25 13:00:11] debetCash RAW_INPUT: {"method":"debetCash","token":"eyJ0eXAiOiJKV1QiLCJhbGciOiJIUzI1NiJ9.eyJwaWQiOiIxMDQzNjUwMDgzIiwibm9taW5hbCI6Mjk2MDAwfQ.tdprikZTkNsy3pChFLoKPvXNpWo7ddAxjcBjy9f8X-Q"}
[2025-11-25 13:00:22] debetCash RAW_INPUT: {"method":"debetCash","token":"eyJ0eXAiOiJKV1QiLCJhbGciOiJIUzI1NiJ9.eyJwaWQiOiIxMDQzNjUwMDgzIiwibm9taW5hbCI6MjgyMDAwfQ.dlxPPfIHPafD5andoMlEiZvp_5fbeSbaDcPRdul_Wrw"}
[2025-11-25 15:37:01] debetCash RAW_INPUT: {"method":"debetCash","token":"eyJ0eXAiOiJKV1QiLCJhbGciOiJIUzI1NiJ9.eyJwaWQiOiIxMDQzNjUwMDgzIiwibm9taW5hbCI6OTUwMH0.7WT7KnyMPqeOmNJfvNEfIYq0vDO2Ob9rmHLtauhdxCA"}
[2025-11-25 15:37:12] debetCash RAW_INPUT: {"method":"debetCash","token":"eyJ0eXAiOiJKV1QiLCJhbGciOiJIUzI1NiJ9.eyJwaWQiOiIxMDQzNjUwMDgzIiwibm9taW5hbCI6NjAwMH0.oH4Skwgu1MTr8Quse2GM_ycyeGhI6-Vsga_DLCIW238"}
[2025-11-25 16:40:32] debetCash RAW_INPUT: {"method":"debetCash","token":"eyJ0eXAiOiJKV1QiLCJhbGciOiJIUzI1NiJ9.eyJwaWQiOiIxMDQzNjUwMDgzIiwibm9taW5hbCI6MTIwMDB9.xhfUwlhiFRqLxtTNfCsr8gxHlHPsIKw3qStwgEurWow"}
[2025-11-25 16:43:16] debetCash RAW_INPUT: {"method":"debetCash","token":"eyJ0eXAiOiJKV1QiLCJhbGciOiJIUzI1NiJ9.eyJwaWQiOiIxMDQzNjUwMDgzIiwibm9taW5hbCI6MTIwMDB9.xhfUwlhiFRqLxtTNfCsr8gxHlHPsIKw3qStwgEurWow"}
[2025-11-25 16:43:24] debetCash RAW_INPUT: {"method":"debetCash","token":"eyJ0eXAiOiJKV1QiLCJhbGciOiJIUzI1NiJ9.eyJwaWQiOiIxMDQzNjUwMDgzIiwibm9taW5hbCI6MTIwMDB9.xhfUwlhiFRqLxtTNfCsr8gxHlHPsIKw3qStwgEurWow"}
[2025-11-25 16:43:56] debetCash RAW_INPUT: {"method":"debetCash","token":"eyJ0eXAiOiJKV1QiLCJhbGciOiJIUzI1NiJ9.eyJwaWQiOiIxMDQzNjUwMDgzIiwibm9taW5hbCI6MTIwMDB9.xhfUwlhiFRqLxtTNfCsr8gxHlHPsIKw3qStwgEurWow"}
[2025-11-25 16:44:23] debetCash RAW_INPUT: {"method":"debetCash","token":"eyJ0eXAiOiJKV1QiLCJhbGciOiJIUzI1NiJ9.eyJwaWQiOiIxMDQzNjUwMDgzIiwibm9taW5hbCI6MTIwMDB9.xhfUwlhiFRqLxtTNfCsr8gxHlHPsIKw3qStwgEurWow"}
[2025-11-25 16:45:38] debetCash RAW_INPUT: {"method":"debetCash","token":"eyJ0eXAiOiJKV1QiLCJhbGciOiJIUzI1NiJ9.eyJwaWQiOiIxMDQzNjUwMDgzIiwibm9taW5hbCI6MTIwMDB9.xhfUwlhiFRqLxtTNfCsr8gxHlHPsIKw3qStwgEurWow"}
[2025-11-25 16:54:30] debetCash RAW_INPUT: {"method":"debetCash","token":"eyJ0eXAiOiJKV1QiLCJhbGciOiJIUzI1NiJ9.eyJwaWQiOiIxMDQzNjUwMDgzIiwibm9taW5hbCI6MTIwMDB9.xhfUwlhiFRqLxtTNfCsr8gxHlHPsIKw3qStwgEurWow"}
[2025-11-25 16:59:47] debetCash RAW_INPUT: {"method":"debetCash","token":"eyJ0eXAiOiJKV1QiLCJhbGciOiJIUzI1NiJ9.eyJwaWQiOiIxMDQzNjUwMDgzIiwibm9taW5hbCI6MTIwMDB9.xhfUwlhiFRqLxtTNfCsr8gxHlHPsIKw3qStwgEurWow"}
[2025-11-25 17:04:03] debetCash RAW_INPUT: {"method":"debetCash","token":"eyJ0eXAiOiJKV1QiLCJhbGciOiJIUzI1NiJ9.eyJwaWQiOiIxMDQzNjUwMDgzIiwibm9taW5hbCI6MTIwMDB9.xhfUwlhiFRqLxtTNfCsr8gxHlHPsIKw3qStwgEurWow"}
[2025-11-26 11:17:01] debetCash RAW_INPUT: {"method":"debetCash","token":"eyJ0eXAiOiJKV1QiLCJhbGciOiJIUzI1NiJ9.eyJwaWQiOiIxMDQzNjUwMDgzIiwibm9taW5hbCI6MTUyMDUwfQ.tZk1HMTcl8G5j9Muis8mFJSZcmaL9nEuB2c_z4ryJ0Y"}
[2025-11-26 11:36:15] debetCash RAW_INPUT: {"method":"debetCash","token":"eyJ0eXAiOiJKV1QiLCJhbGciOiJIUzI1NiJ9.eyJwaWQiOiIxMDQzNjUwMDgzIiwibm9taW5hbCI6MTIwMDB9.xhfUwlhiFRqLxtTNfCsr8gxHlHPsIKw3qStwgEurWow"}
[2025-11-26 11:37:17] debetCash RAW_INPUT: {"method":"debetCash","token":"eyJ0eXAiOiJKV1QiLCJhbGciOiJIUzI1NiJ9.eyJwaWQiOiIxMDQzNjUwMDgzIiwibm9taW5hbCI6MTIwMDB9.xhfUwlhiFRqLxtTNfCsr8gxHlHPsIKw3qStwgEurWow"}
[2025-11-26 12:01:00] debetCash RAW_INPUT: {"method":"debetCash","token":"eyJ0eXAiOiJKV1QiLCJhbGciOiJIUzI1NiJ9.eyJwaWQiOiIxMDQzNjUwMDgzIiwibm9taW5hbCI6MTIwMDB9.xhfUwlhiFRqLxtTNfCsr8gxHlHPsIKw3qStwgEurWow"}
[2025-11-27 12:57:25] debetCash RAW_INPUT: {"method":"debetCash","token":"eyJ0eXAiOiJKV1QiLCJhbGciOiJIUzI1NiJ9.eyJtZXRob2QiOiJkZWJldENhc2giLCJwaWQiOiIxMDQzNjUwMDgzIiwibm9taW5hbCI6NTAwMH0.FqYhGQm13m6L6zPJ5N76MzYguXKw3imoerpmv-doffc"}
[2025-11-27 13:43:59] debetCash RAW_INPUT: {"method":"debetCash","token":"eyJ0eXAiOiJKV1QiLCJhbGciOiJIUzI1NiJ9.eyJwaWQiOiIwOTI3MzI4MDAyIiwibm9taW5hbCI6MTk5NDcwfQ.xR3qNkjKKBIusbv6DzmNfl3ZQ44i2mmcmT34nNaLiYQ"}
[2025-11-27 13:44:07] debetCash RAW_INPUT: {"method":"debetCash","token":"eyJ0eXAiOiJKV1QiLCJhbGciOiJIUzI1NiJ9.eyJwaWQiOiIxMDQzNjUwMDgzIiwibm9taW5hbCI6MTk5NDcwfQ.KaNpG_hUUWm4uxEdY5XH3T6mBi2jdLTpmMfKIGxTYfo"}
[2025-11-27 13:58:43] debetCash RAW_INPUT: {"method":"debetCash","token":"eyJ0eXAiOiJKV1QiLCJhbGciOiJIUzI1NiJ9.eyJwaWQiOiIxMDQzNjUwMDgzIiwibm9taW5hbCI6MTYxNjB9.HfXZ9dzb3tg2SRjTknB_-3qYwyE2kr5ayAXpV4HYswU"}
[2025-11-27 17:22:44] debetCash RAW_INPUT: {"method":"debetCash","token":"eyJ0eXAiOiJKV1QiLCJhbGciOiJIUzI1NiJ9.eyJwaWQiOiIxMDQzNjUwMDgzIiwibm9taW5hbCI6NzAwMDAwfQ.hwln8uq9JEDgkIFTGuax-mIj5dTopSlus-oxHf94iHM"}
[2025-11-27 20:52:45] debetCash RAW_INPUT: {"method":"debetCash","token":"eyJ0eXAiOiJKV1QiLCJhbGciOiJIUzI1NiJ9.eyJwaWQiOiIxMDQzNjUwMDgzIiwibm9taW5hbCI6Njk4OTR9.5w_RZNCC7iahyh8P3h4_j941i4dBSM5scTa21_1azkE"}
[2025-11-27 20:53:23] debetCash RAW_INPUT: {"method":"debetCash","token":"eyJ0eXAiOiJKV1QiLCJhbGciOiJIUzI1NiJ9.eyJwaWQiOiIxMDQzNjUwMDgzIiwibm9taW5hbCI6NDAwMDB9.Pv4omhvljYsBOR2kHBPynb7MEbV_Df3tQZqb8a8yRsI"}
[2025-11-27 20:56:21] debetCash RAW_INPUT: {"method":"debetCash","token":"eyJ0eXAiOiJKV1QiLCJhbGciOiJIUzI1NiJ9.eyJtZXRob2QiOiJkZWJldENhc2giLCJwaWQiOiIxMDQzNjUwMDgzIiwibm9taW5hbCI6NTAwMH0.FqYhGQm13m6L6zPJ5N76MzYguXKw3imoerpmv-doffc"}
[2025-11-27 20:58:45] debetCash RAW_INPUT: {"method":"debetCash","token":"eyJ0eXAiOiJKV1QiLCJhbGciOiJIUzI1NiJ9.eyJtZXRob2QiOiJkZWJldENhc2giLCJwaWQiOiIxMDQzNjUwMDgzIiwibm9taW5hbCI6NTAwMH0.FqYhGQm13m6L6zPJ5N76MzYguXKw3imoerpmv-doffc"}
[2025-11-27 20:58:48] debetCash RAW_INPUT: {"method":"debetCash","token":"eyJ0eXAiOiJKV1QiLCJhbGciOiJIUzI1NiJ9.eyJtZXRob2QiOiJkZWJldENhc2giLCJwaWQiOiIxMDQzNjUwMDgzIiwibm9taW5hbCI6NTAwMH0.FqYhGQm13m6L6zPJ5N76MzYguXKw3imoerpmv-doffc"}
[2025-11-27 20:58:50] debetCash RAW_INPUT: {"method":"debetCash","token":"eyJ0eXAiOiJKV1QiLCJhbGciOiJIUzI1NiJ9.eyJtZXRob2QiOiJkZWJldENhc2giLCJwaWQiOiIxMDQzNjUwMDgzIiwibm9taW5hbCI6NTAwMH0.FqYhGQm13m6L6zPJ5N76MzYguXKw3imoerpmv-doffc"}
[2025-11-27 20:58:51] debetCash RAW_INPUT: {"method":"debetCash","token":"eyJ0eXAiOiJKV1QiLCJhbGciOiJIUzI1NiJ9.eyJtZXRob2QiOiJkZWJldENhc2giLCJwaWQiOiIxMDQzNjUwMDgzIiwibm9taW5hbCI6NTAwMH0.FqYhGQm13m6L6zPJ5N76MzYguXKw3imoerpmv-doffc"}
[2025-11-27 20:58:52] debetCash RAW_INPUT: {"method":"debetCash","token":"eyJ0eXAiOiJKV1QiLCJhbGciOiJIUzI1NiJ9.eyJtZXRob2QiOiJkZWJldENhc2giLCJwaWQiOiIxMDQzNjUwMDgzIiwibm9taW5hbCI6NTAwMH0.FqYhGQm13m6L6zPJ5N76MzYguXKw3imoerpmv-doffc"}
[2025-11-27 20:58:54] debetCash RAW_INPUT: {"method":"debetCash","token":"eyJ0eXAiOiJKV1QiLCJhbGciOiJIUzI1NiJ9.eyJtZXRob2QiOiJkZWJldENhc2giLCJwaWQiOiIxMDQzNjUwMDgzIiwibm9taW5hbCI6NTAwMH0.FqYhGQm13m6L6zPJ5N76MzYguXKw3imoerpmv-doffc"}
[2025-11-27 20:58:55] debetCash RAW_INPUT: {"method":"debetCash","token":"eyJ0eXAiOiJKV1QiLCJhbGciOiJIUzI1NiJ9.eyJtZXRob2QiOiJkZWJldENhc2giLCJwaWQiOiIxMDQzNjUwMDgzIiwibm9taW5hbCI6NTAwMH0.FqYhGQm13m6L6zPJ5N76MzYguXKw3imoerpmv-doffc"}
[2025-11-27 20:58:56] debetCash RAW_INPUT: {"method":"debetCash","token":"eyJ0eXAiOiJKV1QiLCJhbGciOiJIUzI1NiJ9.eyJtZXRob2QiOiJkZWJldENhc2giLCJwaWQiOiIxMDQzNjUwMDgzIiwibm9taW5hbCI6NTAwMH0.FqYhGQm13m6L6zPJ5N76MzYguXKw3imoerpmv-doffc"}
[2025-11-27 20:58:57] debetCash RAW_INPUT: {"method":"debetCash","token":"eyJ0eXAiOiJKV1QiLCJhbGciOiJIUzI1NiJ9.eyJtZXRob2QiOiJkZWJldENhc2giLCJwaWQiOiIxMDQzNjUwMDgzIiwibm9taW5hbCI6NTAwMH0.FqYhGQm13m6L6zPJ5N76MzYguXKw3imoerpmv-doffc"}
[2025-11-27 20:58:58] debetCash RAW_INPUT: {"method":"debetCash","token":"eyJ0eXAiOiJKV1QiLCJhbGciOiJIUzI1NiJ9.eyJtZXRob2QiOiJkZWJldENhc2giLCJwaWQiOiIxMDQzNjUwMDgzIiwibm9taW5hbCI6NTAwMH0.FqYhGQm13m6L6zPJ5N76MzYguXKw3imoerpmv-doffc"}
[2025-11-27 20:59:00] debetCash RAW_INPUT: {"method":"debetCash","token":"eyJ0eXAiOiJKV1QiLCJhbGciOiJIUzI1NiJ9.eyJtZXRob2QiOiJkZWJldENhc2giLCJwaWQiOiIxMDQzNjUwMDgzIiwibm9taW5hbCI6NTAwMH0.FqYhGQm13m6L6zPJ5N76MzYguXKw3imoerpmv-doffc"}
[2025-11-27 20:59:01] debetCash RAW_INPUT: {"method":"debetCash","token":"eyJ0eXAiOiJKV1QiLCJhbGciOiJIUzI1NiJ9.eyJtZXRob2QiOiJkZWJldENhc2giLCJwaWQiOiIxMDQzNjUwMDgzIiwibm9taW5hbCI6NTAwMH0.FqYhGQm13m6L6zPJ5N76MzYguXKw3imoerpmv-doffc"}
[2025-11-27 20:59:02] debetCash RAW_INPUT: {"method":"debetCash","token":"eyJ0eXAiOiJKV1QiLCJhbGciOiJIUzI1NiJ9.eyJtZXRob2QiOiJkZWJldENhc2giLCJwaWQiOiIxMDQzNjUwMDgzIiwibm9taW5hbCI6NTAwMH0.FqYhGQm13m6L6zPJ5N76MzYguXKw3imoerpmv-doffc"}
[2025-11-27 20:59:04] debetCash RAW_INPUT: {"method":"debetCash","token":"eyJ0eXAiOiJKV1QiLCJhbGciOiJIUzI1NiJ9.eyJtZXRob2QiOiJkZWJldENhc2giLCJwaWQiOiIxMDQzNjUwMDgzIiwibm9taW5hbCI6NTAwMH0.FqYhGQm13m6L6zPJ5N76MzYguXKw3imoerpmv-doffc"}
[2025-11-27 20:59:05] debetCash RAW_INPUT: {"method":"debetCash","token":"eyJ0eXAiOiJKV1QiLCJhbGciOiJIUzI1NiJ9.eyJtZXRob2QiOiJkZWJldENhc2giLCJwaWQiOiIxMDQzNjUwMDgzIiwibm9taW5hbCI6NTAwMH0.FqYhGQm13m6L6zPJ5N76MzYguXKw3imoerpmv-doffc"}
[2025-11-27 20:59:06] debetCash RAW_INPUT: {"method":"debetCash","token":"eyJ0eXAiOiJKV1QiLCJhbGciOiJIUzI1NiJ9.eyJtZXRob2QiOiJkZWJldENhc2giLCJwaWQiOiIxMDQzNjUwMDgzIiwibm9taW5hbCI6NTAwMH0.FqYhGQm13m6L6zPJ5N76MzYguXKw3imoerpmv-doffc"}
[2025-11-27 20:59:12] debetCash RAW_INPUT: {"method":"debetCash","token":"eyJ0eXAiOiJKV1QiLCJhbGciOiJIUzI1NiJ9.eyJtZXRob2QiOiJkZWJldENhc2giLCJwaWQiOiIxMDQzNjUwMDgzIiwibm9taW5hbCI6NTAwMH0.FqYhGQm13m6L6zPJ5N76MzYguXKw3imoerpmv-doffc"}
[2025-11-27 20:59:13] debetCash RAW_INPUT: {"method":"debetCash","token":"eyJ0eXAiOiJKV1QiLCJhbGciOiJIUzI1NiJ9.eyJtZXRob2QiOiJkZWJldENhc2giLCJwaWQiOiIxMDQzNjUwMDgzIiwibm9taW5hbCI6NTAwMH0.FqYhGQm13m6L6zPJ5N76MzYguXKw3imoerpmv-doffc"}
[2025-11-27 20:59:18] debetCash RAW_INPUT: {"method":"debetCash","token":"eyJ0eXAiOiJKV1QiLCJhbGciOiJIUzI1NiJ9.eyJtZXRob2QiOiJkZWJldENhc2giLCJwaWQiOiIxMDQzNjUwMDgzIiwibm9taW5hbCI6NTAwMH0.FqYhGQm13m6L6zPJ5N76MzYguXKw3imoerpmv-doffc"}
[2025-11-27 20:59:34] debetCash RAW_INPUT: {"method":"debetCash","token":"eyJ0eXAiOiJKV1QiLCJhbGciOiJIUzI1NiJ9.eyJtZXRob2QiOiJkZWJldENhc2giLCJwaWQiOiIxMDQzNjUwMDgzIiwibm9taW5hbCI6NTAwMH0.FqYhGQm13m6L6zPJ5N76MzYguXKw3imoerpmv-doffc"}
[2025-11-27 21:00:03] debetCash RAW_INPUT: {"method":"debetCash","token":"eyJ0eXAiOiJKV1QiLCJhbGciOiJIUzI1NiJ9.eyJwaWQiOiIxMDQzNjUwMDgzIiwibm9taW5hbCI6MjQwMDAwfQ.90Jkr-aMDyazKbaDK5s0-_Iz41dnTXcflJgvFOD52e8"}
[2025-11-27 21:02:38] debetCash RAW_INPUT: {"method":"debetCash","token":"eyJ0eXAiOiJKV1QiLCJhbGciOiJIUzI1NiJ9.eyJwaWQiOiIxMDQzNjUwMDgzIiwibm9taW5hbCI6NDAwMDB9.Pv4omhvljYsBOR2kHBPynb7MEbV_Df3tQZqb8a8yRsI"}
[2025-11-27 21:03:10] debetCash RAW_INPUT: {"method":"debetCash","token":"eyJ0eXAiOiJKV1QiLCJhbGciOiJIUzI1NiJ9.eyJwaWQiOiIxMDQzNjUwMDgzIiwibm9taW5hbCI6NDAwMDB9.Pv4omhvljYsBOR2kHBPynb7MEbV_Df3tQZqb8a8yRsI"}
[2025-11-27 21:03:25] debetCash RAW_INPUT: {"method":"debetCash","token":"eyJ0eXAiOiJKV1QiLCJhbGciOiJIUzI1NiJ9.eyJwaWQiOiIxMDQzNjUwMDgzIiwibm9taW5hbCI6NDAwMDB9.Pv4omhvljYsBOR2kHBPynb7MEbV_Df3tQZqb8a8yRsI"}
[2025-11-27 21:20:48] debetCash RAW_INPUT: {"method":"debetCash","token":"eyJ0eXAiOiJKV1QiLCJhbGciOiJIUzI1NiJ9.eyJtZXRob2QiOiJkZWJldENhc2giLCJwaWQiOiIxMDQzNjUwMDgzIiwibm9taW5hbCI6NTAwMH0.FqYhGQm13m6L6zPJ5N76MzYguXKw3imoerpmv-doffc"}
[2025-11-27 21:47:05] debetCash RAW_INPUT: {"method":"debetCash","token":"eyJ0eXAiOiJKV1QiLCJhbGciOiJIUzI1NiJ9.eyJwaWQiOiIxMDQzNjUwMDgzIiwibm9taW5hbCI6NTkwMDB9.IA4k0Ryp_Jfq6efMgriON1YLLgERcOYWMwW7tFj9uA4"}
[2025-11-27 22:16:29] debetCash RAW_INPUT: {"method":"debetCash","token":"eyJ0eXAiOiJKV1QiLCJhbGciOiJIUzI1NiJ9.eyJwaWQiOiIwOTI3MzI4MDAyIiwibm9taW5hbCI6MTQwMDB9.vhvVz5ZI1IzVVBKVjEofN-3FvSyoPmnI01n5YBqEb8Q"}
[2025-11-27 22:16:36] debetCash RAW_INPUT: {"method":"debetCash","token":"eyJ0eXAiOiJKV1QiLCJhbGciOiJIUzI1NiJ9.eyJwaWQiOiIxMDQzNjUwMDgzIiwibm9taW5hbCI6MTQwMDB9.kNQ7XSvhL2w20-wVBDpbmGrJsOk-TyiCl-rekIMaRTA"}
[2025-11-27 22:34:08] debetCash RAW_INPUT: {"method":"debetCash","token":"eyJ0eXAiOiJKV1QiLCJhbGciOiJIUzI1NiJ9.eyJwaWQiOiIxMDQzNjUwMDgzIiwibm9taW5hbCI6MjE2MDB9.XKHjHhaoKSNuE2EjtldG6YX9FDItx-Mi-hOJolietpA"}
[2025-11-28 10:49:31] debetCash RAW_INPUT: {"method":"debetCash","token":"eyJ0eXAiOiJKV1QiLCJhbGciOiJIUzI1NiJ9.eyJwaWQiOiIxMDQzNjUwMDgzIiwibm9taW5hbCI6OTE4MDB9.swiYaXjDFmpUvbayhCOBR2nBl6otk5QkSl5ns2oIbHA"}
[2025-11-28 14:08:34] debetCash RAW_INPUT: {"method":"debetCash","token":"eyJ0eXAiOiJKV1QiLCJhbGciOiJIUzI1NiJ9.eyJwaWQiOiIxMDQzNjUwMDgzIiwibm9taW5hbCI6OTA4MTAwfQ.bgZzVCgHTMh7nmhgnWom3PsipI7kPvNq3-wnGOAsH7s"}
[2025-11-28 14:27:35] debetCash RAW_INPUT: {"method":"debetCash","token":"eyJ0eXAiOiJKV1QiLCJhbGciOiJIUzI1NiJ9.eyJwaWQiOiIxMDQzNjUwMDgzIiwibm9taW5hbCI6MTI0NzA0OH0.qSNeb2QH5cygggxH42tuMLzWkcn42lFX1eQ3uKWJs50"}
[2025-11-28 14:32:12] debetCash RAW_INPUT: {"method":"debetCash","token":"eyJ0eXAiOiJKV1QiLCJhbGciOiJIUzI1NiJ9.eyJwaWQiOiIxMDQzNjUwMDgzIiwibm9taW5hbCI6MjEwMDB9.3HQOfaukqxayQqnEBwB8P9ntbfCu_omXSvahchg33HQ"}
[2025-11-28 14:34:41] debetCash RAW_INPUT: {"method":"debetCash","token":"eyJ0eXAiOiJKV1QiLCJhbGciOiJIUzI1NiJ9.eyJwaWQiOiIxMDQzNjUwMDgzIiwibm9taW5hbCI6MjEwMDB9.3HQOfaukqxayQqnEBwB8P9ntbfCu_omXSvahchg33HQ"}
[2025-12-03 11:03:09] debetCash RAW_INPUT: {"method":"debetCash","token":"eyJ0eXAiOiJKV1QiLCJhbGciOiJIUzI1NiJ9.eyJwaWQiOiIxMDQzNjUwMDgzIiwibm9taW5hbCI6MzQ0NDcyfQ.vD1WDAlFKp8fVizhuP_z2JVDuoqtOekBC4gtzYIJhX4"}
[2025-12-03 11:04:36] debetCash RAW_INPUT: {"method":"debetCash","token":"eyJ0eXAiOiJKV1QiLCJhbGciOiJIUzI1NiJ9.eyJwaWQiOiIxMDQzNjUwMDgzIiwibm9taW5hbCI6MTY3NH0.2XEP9yTcsHJICuU3ZuuY7FB5sDY7-ftE1o6AcJOD4XY"}
[2025-12-03 11:08:13] debetCash RAW_INPUT: {"method":"debetCash","token":"eyJ0eXAiOiJKV1QiLCJhbGciOiJIUzI1NiJ9.eyJwaWQiOiIxMDQzNjUwMDgzIiwibm9taW5hbCI6NzQ0fQ.1ALuMLwtN-ULBSwFZKkds7KHqy8mkXOoQReElFaIL9M"}
[2025-12-04 09:41:37] debetCash RAW_INPUT: {"method":"debetCash","token":"eyJ0eXAiOiJKV1QiLCJhbGciOiJIUzI1NiJ9.eyJwaWQiOiIxMDQzNjUwMDgzIiwibm9taW5hbCI6NzgyMDB9.zesfMmLfp8Tz_-h3NBKx0KU98yykx3EvLtYxxJKl2CA"}
[2025-12-04 10:50:07] debetCash RAW_INPUT: {"method":"debetCash","token":"eyJ0eXAiOiJKV1QiLCJhbGciOiJIUzI1NiJ9.eyJwaWQiOiIxMDQzNjUwMDgzIiwibm9taW5hbCI6MTAxMTUwfQ.1bQaTaZypUHfZiVzC_x8iW2E-iOVDTEsE2nr3XpU8z0"}
[2025-12-04 21:44:50] debetCash RAW_INPUT: {"method":"debetCash","token":"eyJ0eXAiOiJKV1QiLCJhbGciOiJIUzI1NiJ9.eyJwaWQiOiIwOTI3MzI4MDAyIiwibm9taW5hbCI6MzA1NzMwfQ.4gZFehWMI5A8Hs-XxCmJ97D0qCDOl6G4VNL3mK83Ea0"}
[2025-12-04 21:49:09] debetCash RAW_INPUT: {"method":"debetCash","token":"eyJ0eXAiOiJKV1QiLCJhbGciOiJIUzI1NiJ9.eyJwaWQiOiIxMDQzNjUwMDgzIiwibm9taW5hbCI6MTc2NzMwfQ.sq8FPstwbRTb-FplIpyAxFgyAZFMNFDFlHRh6wheyZs"}
[2025-12-04 21:51:40] debetCash RAW_INPUT: {"method":"debetCash","token":"eyJ0eXAiOiJKV1QiLCJhbGciOiJIUzI1NiJ9.eyJwaWQiOiIwOTI3MzI4MDAyIiwibm9taW5hbCI6MTQ5ODMxfQ.MJvTiUeCCqyBLAdb-51iBZGSaMaPSQyaQSyxYTVF2VM"}
[2025-12-04 21:57:32] debetCash RAW_INPUT: {"method":"debetCash","token":"eyJ0eXAiOiJKV1QiLCJhbGciOiJIUzI1NiJ9.eyJwaWQiOiIwOTI3MzI4MDAyIiwibm9taW5hbCI6MTkxMTExfQ.v4JyX9JFUVa5h1ELBmykb5BymPMMZXQFKDwpXkBQXd8"}
[2025-12-04 21:57:42] debetCash RAW_INPUT: {"method":"debetCash","token":"eyJ0eXAiOiJKV1QiLCJhbGciOiJIUzI1NiJ9.eyJwaWQiOiIxMDQzNjUwMDgzIiwibm9taW5hbCI6MTkxMTExfQ.eIaWcHjFKzMxrlcBSEstLbpKjP2dg-7-k6oGuX4rJjk"}
[2025-12-04 21:59:30] debetCash RAW_INPUT: {"method":"debetCash","token":"eyJ0eXAiOiJKV1QiLCJhbGciOiJIUzI1NiJ9.eyJwaWQiOiIwOTI3MzI4MDAyIiwibm9taW5hbCI6NDEyODB9.BeDsLar1ffzmclCaKs0my-p59HvDLYugese9EZ0puls"}
[2025-12-08 10:16:43] debetCash RAW_INPUT: {"method":"debetCash","token":"eyJ0eXAiOiJKV1QiLCJhbGciOiJIUzI1NiJ9.eyJwaWQiOiIwOTI3MzI4MDAyIiwibm9taW5hbCI6NTE4NTB9.G0atG5Eeudz7MNW93lJb1qwusaWms7Cii-7SYtAf-Mg"}
[2025-12-08 10:17:00] debetCash RAW_INPUT: {"method":"debetCash","token":"eyJ0eXAiOiJKV1QiLCJhbGciOiJIUzI1NiJ9.eyJwaWQiOiIxMDQzNjUwMDgzIiwibm9taW5hbCI6NTE4NTB9.eysVLwGlPCk3dVX2Xw_fFGsF2uy3_USwcMfPxGc7YsA"}
[2025-12-08 10:18:46] debetCash RAW_INPUT: {"method":"debetCash","token":"eyJ0eXAiOiJKV1QiLCJhbGciOiJIUzI1NiJ9.eyJwaWQiOiIwOTI3MzI4MDAyIiwibm9taW5hbCI6NTEwMDB9.ZS8P-yemKVGKSZInCpt13lSpajIjDiMyYrUed_NJJ8k"}
[2026-01-21 11:53:12] GET_REPORT_ERROR: SQLSTATE[HY000] [2002] A connection attempt failed because the connected party did not properly respond after a period of time, or established connection failed because connected host has failed to respond
[2026-01-21 12:12:43] {"level":"INFO","event":"REQUEST","method":"POST","body":{"method":"getReport","token":"eyJ0eXAiOiJKV1QiLCJhbGciOiJIUzI1NiJ9.W10.K5NzDrsFlsvlHx-kJm4eKJ__Qcjw3KkNygXMUm4h0HQ"}}
[2026-01-21 12:12:43] {"level":"INFO","event":"DB_CONFIG","host":"10.99.23.26","port":"4406","db":"batam_hidayatullah","user":"webtagihan","pass":"f@*********nG"}
[2026-01-21 12:20:40] {"level":"INFO","event":"REQUEST","method":"POST","body":{"method":"getReport","tahun_akademik":"2022/2023 - GANJIL","kelas":"7","tahun_angkatan":"P","nis":"5221214","tanggal_from":"2025-11-01","tanggal_to":"2025-11-30"}}
[2026-01-21 12:20:40] {"level":"INFO","event":"DB_CONFIG","host":"10.99.23.26","port":"4406","db":"batam_hidayatullah","user":"webtagihan","pass":"f@*********nG"}
[2026-01-21 12:20:52] {"level":"INFO","event":"REQUEST","method":"POST","body":{"method":"getReport","nis":"5221214"}}
[2026-01-21 12:20:52] {"level":"INFO","event":"DB_CONFIG","host":"10.99.23.26","port":"4406","db":"batam_hidayatullah","user":"webtagihan","pass":"f@*********nG"}
[2026-01-21 12:21:11] {"level":"INFO","event":"REQUEST","method":"POST","body":{"method":"getReport","nis":"5221214"}}
[2026-01-21 12:21:11] {"level":"INFO","event":"DB_CONFIG","host":"103.23.103.39","port":"4406","db":"batam_hidayatullah","user":"webtagihan","pass":"f@*********nG"}
[2026-01-21 12:25:57] {"level":"INFO","event":"REQUEST","method":"POST","body":{"method":"getReport","nis":"5221214"}}
[2026-01-21 12:25:57] {"level":"INFO","event":"DB_CONFIG","host":"103.23.103.39","port":"4406","db":"batam_hidayatullah","user":"webtagihan","pass":"f@*********nG"}
[2026-01-21 12:26:18] {"level":"ERROR","event":"EXCEPTION","type":"RuntimeException","message":"DB_CONNECT_FAIL: SQLSTATE[HY000] [2002] A connection attempt failed because the connected party did not properly respond after a period of time, or established connection failed because connected host has failed to respond","file":"C:\\xampp\\htdocs\\WS_CLIENT\\Batam_Hidayatullah\\config\\conn.php","line":24}
[2026-01-21 13:27:27] {"level":"INFO","event":"REQUEST","method":"POST","body":{"method":"getReport","nis":"5221214"}}
[2026-01-21 13:27:27] {"level":"INFO","event":"DB_CONFIG","host":"10.99.23.26","port":"4406","db":"batam_hidayatullah","user":"webtagihan","pass":"f@*********nG"}
[2026-01-21 13:27:29] {"level":"ERROR","event":"EXCEPTION","type":"RuntimeException","message":"DB_CONNECT_FAIL: SQLSTATE[HY000] [2002] No connection could be made because the target machine actively refused it","file":"C:\\xampp\\htdocs\\WS_CLIENT\\Batam_Hidayatullah\\config\\conn.php","line":24}
[2026-01-21 13:33:29] {"level":"INFO","event":"REQUEST","method":"POST","body":{"method":"getReport","nis":"5221214"}}
[2026-01-21 13:33:29] {"level":"INFO","event":"DB_CONFIG","host":"10.99.23.26","port":"3306","db":"batam_hidayatullah","user":"webtagihan","pass":"f@*********nG"}
[2026-01-21 13:33:29] {"level":"INFO","event":"SQL","params":{":nis":"5221214"}}
[2026-01-21 13:33:29] {"level":"ERROR","event":"EXCEPTION","type":"PDOException","message":"SQLSTATE[42S22]: Column not found: 1054 Unknown column 'mt.NamaPost' in 'field list'","file":"C:\\xampp\\htdocs\\WS_CLIENT\\Batam_Hidayatullah\\index.php","line":181}
[2026-01-21 13:33:38] {"level":"INFO","event":"REQUEST","method":"POST","body":{"method":"getReport","nis":"5221214"}}
[2026-01-21 13:33:38] {"level":"INFO","event":"DB_CONFIG","host":"10.99.23.26","port":"3307","db":"batam_hidayatullah","user":"webtagihan","pass":"f@*********nG"}
[2026-01-21 13:33:40] {"level":"ERROR","event":"EXCEPTION","type":"RuntimeException","message":"DB_CONNECT_FAIL: SQLSTATE[HY000] [2002] No connection could be made because the target machine actively refused it","file":"C:\\xampp\\htdocs\\WS_CLIENT\\Batam_Hidayatullah\\config\\conn.php","line":24}
[2026-01-21 13:33:41] {"level":"INFO","event":"REQUEST","method":"POST","body":{"method":"getReport","nis":"5221214"}}
[2026-01-21 13:33:41] {"level":"INFO","event":"DB_CONFIG","host":"10.99.23.26","port":"3307","db":"batam_hidayatullah","user":"webtagihan","pass":"f@*********nG"}
[2026-01-21 13:33:43] {"level":"ERROR","event":"EXCEPTION","type":"RuntimeException","message":"DB_CONNECT_FAIL: SQLSTATE[HY000] [2002] No connection could be made because the target machine actively refused it","file":"C:\\xampp\\htdocs\\WS_CLIENT\\Batam_Hidayatullah\\config\\conn.php","line":24}
[2026-01-21 13:35:00] {"level":"INFO","event":"REQUEST","method":"POST","body":{"method":"getReport","nis":"5221214"}}
[2026-01-21 13:35:00] {"level":"INFO","event":"DB_CONFIG","host":"10.99.23.26","port":"3306","db":"batam_hidayatullah","user":"webtagihan","pass":"f@*********nG"}
[2026-01-21 13:35:00] {"level":"INFO","event":"SQL","params":{":nis":"5221214"}}
[2026-01-21 13:35:00] {"level":"ERROR","event":"EXCEPTION","type":"PDOException","message":"SQLSTATE[42S22]: Column not found: 1054 Unknown column 'mt.NamaPost' in 'field list'","file":"C:\\xampp\\htdocs\\WS_CLIENT\\Batam_Hidayatullah\\index.php","line":181}
[2026-01-21 13:41:23] {"level":"INFO","event":"REQUEST","method":"POST","body":{"method":"getReport","nis":"5221214"}}
[2026-01-21 13:41:23] {"level":"INFO","event":"DB_CONFIG","host":"10.99.23.26","port":"3306","db":"batam_hidayatullah","user":"webtagihan","pass":"f@*********nG"}
[2026-01-21 13:41:23] {"level":"INFO","event":"SQL","params":{":nis":"5221214"}}
[2026-01-21 13:41:23] {"level":"ERROR","event":"EXCEPTION","type":"PDOException","message":"SQLSTATE[HY093]: Invalid parameter number","file":"C:\\xampp\\htdocs\\WS_CLIENT\\Batam_Hidayatullah\\index.php","line":183}
[2026-01-21 13:44:06] {"level":"INFO","event":"REQUEST","method":"POST","body":{"method":"getReport","nis":"5221214"}}
[2026-01-21 13:44:06] {"level":"INFO","event":"DB_CONFIG","host":"10.99.23.26","port":"3306","db":"batam_hidayatullah","user":"webtagihan","pass":"f@*********nG"}
[2026-01-21 13:44:06] {"level":"INFO","event":"SQL","params":{":nis":"5221214"}}
[2026-01-21 13:44:17] {"level":"INFO","event":"REQUEST","method":"POST","body":{"method":"getReport","token":"eyJ0eXAiOiJKV1QiLCJhbGciOiJIUzI1NiJ9.W10.K5NzDrsFlsvlHx-kJm4eKJ__Qcjw3KkNygXMUm4h0HQ"}}
[2026-01-21 13:44:17] {"level":"INFO","event":"DB_CONFIG","host":"10.99.23.26","port":"3306","db":"batam_hidayatullah","user":"webtagihan","pass":"f@*********nG"}
[2026-01-21 13:44:17] {"level":"INFO","event":"SQL","params":[]}
[2026-01-21 13:45:57] {"level":"INFO","event":"REQUEST","method":"POST","body":{"method":"getReport","token":"eyJ0eXAiOiJKV1QiLCJhbGciOiJIUzI1NiJ9.W10.K5NzDrsFlsvlHx-kJm4eKJ__Qcjw3KkNygXMUm4h0HQ"}}
[2026-01-21 13:45:57] {"level":"INFO","event":"DB_CONFIG","host":"10.99.23.26","port":"3306","db":"batam_hidayatullah","user":"webtagihan","pass":"f@*********nG"}
[2026-01-21 13:45:57] {"level":"INFO","event":"SQL","params":[]}
[2026-01-21 14:14:14] {"level":"INFO","event":"REQUEST","method":"POST","body":{"method":"getReport","token":"eyJ0eXAiOiJKV1QiLCJhbGciOiJIUzI1NiJ9.W10.K5NzDrsFlsvlHx-kJm4eKJ__Qcjw3KkNygXMUm4h0HQ"}}
[2026-01-21 14:14:14] {"level":"INFO","event":"DB_CONFIG","host":"10.99.23.26","port":"3306","db":"batam_hidayatullah","user":"webtagihan","pass":"f@*********nG"}
[2026-01-21 14:14:14] {"level":"INFO","event":"SQL","params":[]}
[2026-01-21 14:16:26] {"level":"INFO","event":"REQUEST","method":"POST","body":{"method":"getReport","token":"eyJ0eXAiOiJKV1QiLCJhbGciOiJIUzI1NiJ9.W10.K5NzDrsFlsvlHx-kJm4eKJ__Qcjw3KkNygXMUm4h0HQ"}}
[2026-01-21 14:16:26] {"level":"INFO","event":"DB_CONFIG","host":"10.99.23.26","port":"3306","db":"batam_hidayatullah","user":"webtagihan","pass":"f@*********nG"}
[2026-01-21 14:16:26] {"level":"INFO","event":"SQL","params":[]}
[2026-01-21 14:18:33] {"level":"INFO","event":"REQUEST","method":"POST","body":{"method":"getReport","token":"eyJ0eXAiOiJKV1QiLCJhbGciOiJIUzI1NiJ9.W10.K5NzDrsFlsvlHx-kJm4eKJ__Qcjw3KkNygXMUm4h0HQ"}}
[2026-01-21 14:18:33] {"level":"INFO","event":"DB_CONFIG","host":"10.99.23.26","port":"3306","db":"batam_hidayatullah","user":"webtagihan","pass":"f@*********nG"}
[2026-01-21 14:18:33] {"level":"INFO","event":"SQL","params":[]}
[2026-01-21 14:21:03] {"level":"INFO","event":"REQUEST","method":"POST","body":{"method":"getReport","token":"eyJ0eXAiOiJKV1QiLCJhbGciOiJIUzI1NiJ9.W10.K5NzDrsFlsvlHx-kJm4eKJ__Qcjw3KkNygXMUm4h0HQ"}}
[2026-01-21 14:21:03] {"level":"INFO","event":"DB_CONFIG","host":"10.99.23.26","port":"3306","db":"batam_hidayatullah","user":"webtagihan","pass":"f@*********nG"}
[2026-01-21 14:21:03] {"level":"INFO","event":"SQL","params":[]}
[2026-01-21 14:23:43] {"level":"INFO","event":"REQUEST","method":"POST","body":{"method":"getReport","token":"eyJ0eXAiOiJKV1QiLCJhbGciOiJIUzI1NiJ9.W10.K5NzDrsFlsvlHx-kJm4eKJ__Qcjw3KkNygXMUm4h0HQ"}}
[2026-01-21 14:23:43] {"level":"INFO","event":"DB_CONFIG","host":"10.99.23.26","port":"3306","db":"batam_hidayatullah","user":"webtagihan","pass":"f@*********nG"}
[2026-01-21 14:23:43] {"level":"INFO","event":"SQL","params":[]}
[2026-01-21 14:23:58] {"level":"INFO","event":"REQUEST","method":"POST","body":{"method":"getReport","token":"eyJ0eXAiOiJKV1QiLCJhbGciOiJIUzI1NiJ9.W10.K5NzDrsFlsvlHx-kJm4eKJ__Qcjw3KkNygXMUm4h0HQ"}}
[2026-01-21 14:23:58] {"level":"INFO","event":"DB_CONFIG","host":"10.99.23.26","port":"3306","db":"batam_hidayatullah","user":"webtagihan","pass":"f@*********nG"}
[2026-01-21 14:23:58] {"level":"INFO","event":"SQL","params":[]}
[2026-01-21 14:24:16] {"level":"INFO","event":"REQUEST","method":"POST","body":{"method":"getReport","token":"eyJ0eXAiOiJKV1QiLCJhbGciOiJIUzI1NiJ9.W10.K5NzDrsFlsvlHx-kJm4eKJ__Qcjw3KkNygXMUm4h0HQ"}}
[2026-01-21 14:24:16] {"level":"INFO","event":"DB_CONFIG","host":"10.99.23.26","port":"3306","db":"batam_hidayatullah","user":"webtagihan","pass":"f@*********nG"}
[2026-01-21 14:24:16] {"level":"INFO","event":"SQL","params":[]}
[2026-01-21 14:24:34] {"level":"INFO","event":"REQUEST","method":"POST","body":{"method":"getReport","token":"eyJ0eXAiOiJKV1QiLCJhbGciOiJIUzI1NiJ9.W10.K5NzDrsFlsvlHx-kJm4eKJ__Qcjw3KkNygXMUm4h0HQ"}}
[2026-01-21 14:24:34] {"level":"INFO","event":"DB_CONFIG","host":"10.99.23.26","port":"3306","db":"batam_hidayatullah","user":"webtagihan","pass":"f@*********nG"}
[2026-01-21 14:24:34] {"level":"INFO","event":"SQL","params":[]}
[2026-01-21 14:26:32] {"level":"INFO","event":"REQUEST","method":"POST","body":{"method":"getReport","token":"eyJ0eXAiOiJKV1QiLCJhbGciOiJIUzI1NiJ9.W10.K5NzDrsFlsvlHx-kJm4eKJ__Qcjw3KkNygXMUm4h0HQ"}}
[2026-01-21 14:26:32] {"level":"INFO","event":"DB_CONFIG","host":"10.99.23.26","port":"3306","db":"batam_hidayatullah","user":"webtagihan","pass":"f@*********nG"}
[2026-01-21 14:26:32] {"level":"INFO","event":"SQL","params":[]}
[2026-01-21 14:26:47] {"level":"INFO","event":"REQUEST","method":"POST","body":{"method":"getReport","token":"eyJ0eXAiOiJKV1QiLCJhbGciOiJIUzI1NiJ9.W10.K5NzDrsFlsvlHx-kJm4eKJ__Qcjw3KkNygXMUm4h0HQ"}}
[2026-01-21 14:26:47] {"level":"INFO","event":"DB_CONFIG","host":"10.99.23.26","port":"3306","db":"batam_hidayatullah","user":"webtagihan","pass":"f@*********nG"}
[2026-01-21 14:26:47] {"level":"INFO","event":"SQL","params":[]}
[2026-01-21 14:26:49] {"level":"INFO","event":"REQUEST","method":"POST","body":{"method":"getReport","token":"eyJ0eXAiOiJKV1QiLCJhbGciOiJIUzI1NiJ9.W10.K5NzDrsFlsvlHx-kJm4eKJ__Qcjw3KkNygXMUm4h0HQ"}}
[2026-01-21 14:26:49] {"level":"INFO","event":"DB_CONFIG","host":"10.99.23.26","port":"3306","db":"batam_hidayatullah","user":"webtagihan","pass":"f@*********nG"}
[2026-01-21 14:26:49] {"level":"INFO","event":"SQL","params":[]}
[2026-01-21 14:26:51] {"level":"INFO","event":"REQUEST","method":"POST","body":{"method":"getReport","token":"eyJ0eXAiOiJKV1QiLCJhbGciOiJIUzI1NiJ9.W10.K5NzDrsFlsvlHx-kJm4eKJ__Qcjw3KkNygXMUm4h0HQ"}}
[2026-01-21 14:26:51] {"level":"INFO","event":"DB_CONFIG","host":"10.99.23.26","port":"3306","db":"batam_hidayatullah","user":"webtagihan","pass":"f@*********nG"}
[2026-01-21 14:26:51] {"level":"INFO","event":"SQL","params":[]}
[2026-01-21 14:26:53] {"level":"INFO","event":"REQUEST","method":"POST","body":{"method":"getReport","token":"eyJ0eXAiOiJKV1QiLCJhbGciOiJIUzI1NiJ9.W10.K5NzDrsFlsvlHx-kJm4eKJ__Qcjw3KkNygXMUm4h0HQ"}}
[2026-01-21 14:26:53] {"level":"INFO","event":"DB_CONFIG","host":"10.99.23.26","port":"3306","db":"batam_hidayatullah","user":"webtagihan","pass":"f@*********nG"}
[2026-01-21 14:26:53] {"level":"INFO","event":"SQL","params":[]}
[2026-01-21 15:14:36] {"level":"INFO","event":"REQUEST","method":"GET","body":[]}
[2026-01-21 15:14:36] {"level":"INFO","event":"DB_CONFIG","host":"10.99.23.26","port":"3306","db":"batam_hidayatullah","user":"webtagihan","pass":"f@*********nG"}
[2026-01-21 15:14:36] {"level":"INFO","event":"SQL","params":[]}
[2026-01-21 15:15:24] {"level":"INFO","event":"REQUEST","method":"GET","body":[]}
[2026-01-21 15:15:24] {"level":"INFO","event":"DB_CONFIG","host":"10.99.23.26","port":"3306","db":"batam_hidayatullah","user":"webtagihan","pass":"f@*********nG"}
[2026-01-21 15:15:24] {"level":"INFO","event":"SQL","params":[]}
[2026-01-21 15:17:42] {"level":"INFO","event":"REQUEST","method":"GET","body":[]}
[2026-01-21 15:17:42] {"level":"INFO","event":"DB_CONFIG","host":"10.99.23.26","port":"3306","db":"batam_hidayatullah","user":"webtagihan","pass":"f@*********nG"}
[2026-01-21 15:17:42] {"level":"INFO","event":"SQL","params":[]}
[2026-01-21 15:19:03] {"level":"INFO","event":"REQUEST","method":"GET","body":[]}
[2026-01-21 15:19:03] {"level":"INFO","event":"DB_CONFIG","host":"10.99.23.26","port":"3306","db":"batam_hidayatullah","user":"webtagihan","pass":"f@*********nG"}
[2026-01-21 15:19:03] {"level":"INFO","event":"SQL","params":[]}
[2026-01-21 15:19:15] {"level":"INFO","event":"REQUEST","method":"GET","body":[]}
[2026-01-21 15:19:15] {"level":"INFO","event":"DB_CONFIG","host":"10.99.23.26","port":"3306","db":"batam_hidayatullah","user":"webtagihan","pass":"f@*********nG"}
[2026-01-21 15:19:15] {"level":"INFO","event":"SQL","params":[]}
[2026-01-21 15:25:39] {"level":"INFO","event":"REQUEST","method":"GET","body":[]}
[2026-01-21 15:25:39] {"level":"INFO","event":"DB_CONFIG","host":"10.99.23.26","port":"3306","db":"batam_hidayatullah","user":"webtagihan","pass":"f@*********nG"}
[2026-01-21 15:25:39] {"level":"INFO","event":"SQL","params":[]}
[2026-01-21 15:25:54] {"level":"INFO","event":"REQUEST","method":"GET","body":[]}
[2026-01-21 15:25:54] {"level":"INFO","event":"DB_CONFIG","host":"10.99.23.26","port":"3306","db":"batam_hidayatullah","user":"webtagihan","pass":"f@*********nG"}
[2026-01-21 15:25:54] {"level":"INFO","event":"SQL","params":[]}
[2026-01-21 15:27:49] {"level":"INFO","event":"REQUEST","method":"POST","body":{"method":"getReport","token":"eyJ0eXAiOiJKV1QiLCJhbGciOiJIUzI1NiJ9.eyJ0YW5nZ2FsX2Zyb20iOiIyMDI2LTAxLTIwIiwidGFuZ2dhbF90byI6IjIwMjYtMDEtMjEifQ.baapWJFQyilC5hKSZqpk-EnD3zeMUc-r79iGuO7XkEw"}}
[2026-01-21 15:27:49] {"level":"INFO","event":"DB_CONFIG","host":"10.99.23.26","port":"3306","db":"batam_hidayatullah","user":"webtagihan","pass":"f@*********nG"}
[2026-01-21 15:27:49] {"level":"INFO","event":"SQL","params":[]}
[2026-01-21 15:34:37] {"level":"INFO","event":"REQUEST","method":"POST","body":{"method":"getReport","token":"eyJ0eXAiOiJKV1QiLCJhbGciOiJIUzI1NiJ9.eyJ0YW5nZ2FsX2Zyb20iOiIyMDI2LTAxLTIwIiwidGFuZ2dhbF90byI6IjIwMjYtMDEtMjEifQ.baapWJFQyilC5hKSZqpk-EnD3zeMUc-r79iGuO7XkEw"}}
[2026-01-21 15:34:37] {"level":"INFO","event":"DB_CONFIG","host":"10.99.23.26","port":"3306","db":"batam_hidayatullah","user":"webtagihan","pass":"f@*********nG"}
[2026-01-21 15:34:37] {"level":"INFO","event":"SQL","params":[]}
[2026-01-21 15:46:38] {"level":"INFO","event":"JWT_DECODED","payload":{"method":"getReport","token":"eyJ0eXAiOiJKV1QiLCJhbGciOiJIUzI1NiJ9.eyJ0YW5nZ2FsX2Zyb20iOiIyMDI2LTAxLTIwIiwidGFuZ2dhbF90byI6IjIwMjYtMDEtMjEifQ.baapWJFQyilC5hKSZqpk-EnD3zeMUc-r79iGuO7XkEw","tanggal_from":"2026-01-20","tanggal_to":"2026-01-21"}}
[2026-01-21 15:46:38] {"level":"INFO","event":"REQUEST","method":"POST","body":{"method":"getReport","token":"eyJ0eXAiOiJKV1QiLCJhbGciOiJIUzI1NiJ9.eyJ0YW5nZ2FsX2Zyb20iOiIyMDI2LTAxLTIwIiwidGFuZ2dhbF90byI6IjIwMjYtMDEtMjEifQ.baapWJFQyilC5hKSZqpk-EnD3zeMUc-r79iGuO7XkEw","tanggal_from":"2026-01-20","tanggal_to":"2026-01-21"}}
[2026-01-21 15:46:38] {"level":"INFO","event":"DB_CONFIG","host":"10.99.23.26","port":"3306","db":"batam_hidayatullah","user":"webtagihan","pass":"f@*********nG"}
[2026-01-21 15:46:38] {"level":"INFO","event":"SQL","params":{":from_dt":"2026-01-20 00:00:00",":to_dt":"2026-01-21 23:59:59"}}
[2026-01-21 15:46:38] {"level":"ERROR","event":"EXCEPTION","type":"PDOException","message":"SQLSTATE[HY093]: Invalid parameter number","file":"C:\\xampp\\htdocs\\WS_CLIENT\\Batam_Hidayatullah\\index.php","line":200}
[2026-01-21 15:47:35] {"level":"INFO","event":"JWT_DECODED","payload":{"method":"getReport","token":"eyJ0eXAiOiJKV1QiLCJhbGciOiJIUzI1NiJ9.eyJ0YW5nZ2FsX2Zyb20iOiIyMDI2LTAxLTIwIiwidGFuZ2dhbF90byI6IjIwMjYtMDEtMjEifQ.baapWJFQyilC5hKSZqpk-EnD3zeMUc-r79iGuO7XkEw","tanggal_from":"2026-01-20","tanggal_to":"2026-01-21"}}
[2026-01-21 15:47:35] {"level":"INFO","event":"REQUEST","method":"POST","body":{"method":"getReport","token":"eyJ0eXAiOiJKV1QiLCJhbGciOiJIUzI1NiJ9.eyJ0YW5nZ2FsX2Zyb20iOiIyMDI2LTAxLTIwIiwidGFuZ2dhbF90byI6IjIwMjYtMDEtMjEifQ.baapWJFQyilC5hKSZqpk-EnD3zeMUc-r79iGuO7XkEw","tanggal_from":"2026-01-20","tanggal_to":"2026-01-21"}}
[2026-01-21 15:47:35] {"level":"INFO","event":"DB_CONFIG","host":"10.99.23.26","port":"3306","db":"batam_hidayatullah","user":"webtagihan","pass":"f@*********nG"}
[2026-01-21 15:47:35] {"level":"INFO","event":"SQL","params":{":from_dt":"2026-01-20 00:00:00",":to_dt":"2026-01-21 23:59:59"},"query":"\r\n        SELECT\r\n            c.CODE02 AS unit,\r\n            c.DESC02 AS kelas,\r\n            c.DESC03 AS kelompok,\r\n            c.DESC04 AS tahun_angkatan,\r\n            d.KodePost AS kode,\r\n            b.BILLNM AS nama_tagihan,\r\n            d.BILLAM AS jumlah,\r\n            ua.NamaAkun AS namapost,\r\n            c.NUM2ND AS no_pend,\r\n            c.NOCUST AS nis,\r\n            c.NMCUST AS nama,\r\n            COALESCE(b.PAIDDT, b.FTGLTagihan) AS tanggal\r\n        FROM scctbill_detail d\r\n        INNER JOIN scctbill b\r\n            ON b.BILLCD = d.BILLCD AND b.CUSTID = d.CUSTID\r\n        INNER JOIN scctcust c\r\n            ON c.CUSTID = b.CUSTID\r\n        LEFT JOIN u_akun ua\r\n            ON ua.KodeAkun = d.KodePost\r\n        WHERE 1=1\r\n    \r\n            AND (\r\n                (b.PAIDDT IS NOT NULL AND b.PAIDDT BETWEEN :from_dt AND :to_dt)\r\n                OR\r\n                (b.PAIDDT IS NULL AND b.FTGLTagihan BETWEEN :from_dt AND :to_dt)\r\n            )\r\n         ORDER BY tanggal DESC, nis ASC LIMIT :limit OFFSET :offset "}
[2026-01-21 15:47:35] {"level":"ERROR","event":"EXCEPTION","type":"PDOException","message":"SQLSTATE[HY093]: Invalid parameter number","file":"C:\\xampp\\htdocs\\WS_CLIENT\\Batam_Hidayatullah\\index.php","line":200}
[2026-01-21 15:47:54] {"level":"INFO","event":"JWT_DECODED","payload":{"method":"getReport","token":"eyJ0eXAiOiJKV1QiLCJhbGciOiJIUzI1NiJ9.eyJ0YW5nZ2FsX2Zyb20iOiIyMDI2LTAxLTIwIiwidGFuZ2dhbF90byI6IjIwMjYtMDEtMjEifQ.baapWJFQyilC5hKSZqpk-EnD3zeMUc-r79iGuO7XkEw","tanggal_from":"2026-01-20","tanggal_to":"2026-01-21"}}
[2026-01-21 15:47:54] {"level":"INFO","event":"REQUEST","method":"POST","body":{"method":"getReport","token":"eyJ0eXAiOiJKV1QiLCJhbGciOiJIUzI1NiJ9.eyJ0YW5nZ2FsX2Zyb20iOiIyMDI2LTAxLTIwIiwidGFuZ2dhbF90byI6IjIwMjYtMDEtMjEifQ.baapWJFQyilC5hKSZqpk-EnD3zeMUc-r79iGuO7XkEw","tanggal_from":"2026-01-20","tanggal_to":"2026-01-21"}}
[2026-01-21 15:47:54] {"level":"INFO","event":"DB_CONFIG","host":"10.99.23.26","port":"3306","db":"batam_hidayatullah","user":"webtagihan","pass":"f@*********nG"}
[2026-01-21 15:47:54] {"level":"INFO","event":"SQL","params":{":from_dt":"2026-01-20 00:00:00",":to_dt":"2026-01-21 23:59:59"},"query":"\r\n        SELECT\r\n            c.CODE02 AS unit,\r\n            c.DESC02 AS kelas,\r\n            c.DESC03 AS kelompok,\r\n            c.DESC04 AS tahun_angkatan,\r\n            d.KodePost AS kode,\r\n            b.BILLNM AS nama_tagihan,\r\n            d.BILLAM AS jumlah,\r\n            ua.NamaAkun AS namapost,\r\n            c.NUM2ND AS no_pend,\r\n            c.NOCUST AS nis,\r\n            c.NMCUST AS nama,\r\n            COALESCE(b.PAIDDT, b.FTGLTagihan) AS tanggal\r\n        FROM scctbill_detail d\r\n        INNER JOIN scctbill b\r\n            ON b.BILLCD = d.BILLCD AND b.CUSTID = d.CUSTID\r\n        INNER JOIN scctcust c\r\n            ON c.CUSTID = b.CUSTID\r\n        LEFT JOIN u_akun ua\r\n            ON ua.KodeAkun = d.KodePost\r\n        WHERE 1=1\r\n    \r\n            AND (\r\n                (b.PAIDDT IS NOT NULL AND b.PAIDDT BETWEEN :from_dt AND :to_dt)\r\n                OR\r\n                (b.PAIDDT IS NULL AND b.FTGLTagihan BETWEEN :from_dt AND :to_dt)\r\n            )\r\n         ORDER BY tanggal DESC, nis ASC LIMIT :limit OFFSET :offset "}
[2026-01-21 15:47:54] {"level":"ERROR","event":"EXCEPTION","type":"PDOException","message":"SQLSTATE[HY093]: Invalid parameter number","file":"C:\\xampp\\htdocs\\WS_CLIENT\\Batam_Hidayatullah\\index.php","line":200}
[2026-01-21 15:49:56] {"level":"INFO","event":"JWT_DECODED","payload":{"method":"getReport","token":"eyJ0eXAiOiJKV1QiLCJhbGciOiJIUzI1NiJ9.eyJ0YW5nZ2FsX2Zyb20iOiIyMDI2LTAxLTIwIiwidGFuZ2dhbF90byI6IjIwMjYtMDEtMjEifQ.baapWJFQyilC5hKSZqpk-EnD3zeMUc-r79iGuO7XkEw","tanggal_from":"2026-01-20","tanggal_to":"2026-01-21"}}
[2026-01-21 15:49:56] {"level":"INFO","event":"REQUEST","method":"POST","body":{"method":"getReport","token":"eyJ0eXAiOiJKV1QiLCJhbGciOiJIUzI1NiJ9.eyJ0YW5nZ2FsX2Zyb20iOiIyMDI2LTAxLTIwIiwidGFuZ2dhbF90byI6IjIwMjYtMDEtMjEifQ.baapWJFQyilC5hKSZqpk-EnD3zeMUc-r79iGuO7XkEw","tanggal_from":"2026-01-20","tanggal_to":"2026-01-21"}}
[2026-01-21 15:49:56] {"level":"INFO","event":"DB_CONFIG","host":"10.99.23.26","port":"3306","db":"batam_hidayatullah","user":"webtagihan","pass":"f@*********nG"}
[2026-01-21 15:49:56] {"level":"INFO","event":"SQL","params":{":from_dt1":"2026-01-20 00:00:00",":to_dt1":"2026-01-21 23:59:59",":from_dt2":"2026-01-20 00:00:00",":to_dt2":"2026-01-21 23:59:59"},"query":"\r\n        SELECT\r\n            c.CODE02 AS unit,\r\n            c.DESC02 AS kelas,\r\n            c.DESC03 AS kelompok,\r\n            c.DESC04 AS tahun_angkatan,\r\n            d.KodePost AS kode,\r\n            b.BILLNM AS nama_tagihan,\r\n            d.BILLAM AS jumlah,\r\n            ua.NamaAkun AS namapost,\r\n            c.NUM2ND AS no_pend,\r\n            c.NOCUST AS nis,\r\n            c.NMCUST AS nama,\r\n            COALESCE(b.PAIDDT, b.FTGLTagihan) AS tanggal\r\n        FROM scctbill_detail d\r\n        INNER JOIN scctbill b\r\n            ON b.BILLCD = d.BILLCD AND b.CUSTID = d.CUSTID\r\n        INNER JOIN scctcust c\r\n            ON c.CUSTID = b.CUSTID\r\n        LEFT JOIN u_akun ua\r\n            ON ua.KodeAkun = d.KodePost\r\n        WHERE 1=1\r\n    \r\n            AND (\r\n                (b.PAIDDT IS NOT NULL AND b.PAIDDT BETWEEN :from_dt1 AND :to_dt1)\r\n                OR\r\n                (b.PAIDDT IS NULL AND b.FTGLTagihan BETWEEN :from_dt2 AND :to_dt2)\r\n            )\r\n         ORDER BY tanggal DESC, nis ASC LIMIT :limit OFFSET :offset "}
[2026-01-21 15:50:26] {"level":"INFO","event":"REQUEST","method":"GET","body":[]}
[2026-01-21 15:50:26] {"level":"INFO","event":"DB_CONFIG","host":"10.99.23.26","port":"3306","db":"batam_hidayatullah","user":"webtagihan","pass":"f@*********nG"}
[2026-01-21 15:50:26] {"level":"INFO","event":"SQL","params":[],"query":"\r\n        SELECT\r\n            c.CODE02 AS unit,\r\n            c.DESC02 AS kelas,\r\n            c.DESC03 AS kelompok,\r\n            c.DESC04 AS tahun_angkatan,\r\n            d.KodePost AS kode,\r\n            b.BILLNM AS nama_tagihan,\r\n            d.BILLAM AS jumlah,\r\n            ua.NamaAkun AS namapost,\r\n            c.NUM2ND AS no_pend,\r\n            c.NOCUST AS nis,\r\n            c.NMCUST AS nama,\r\n            COALESCE(b.PAIDDT, b.FTGLTagihan) AS tanggal\r\n        FROM scctbill_detail d\r\n        INNER JOIN scctbill b\r\n            ON b.BILLCD = d.BILLCD AND b.CUSTID = d.CUSTID\r\n        INNER JOIN scctcust c\r\n            ON c.CUSTID = b.CUSTID\r\n        LEFT JOIN u_akun ua\r\n            ON ua.KodeAkun = d.KodePost\r\n        WHERE 1=1\r\n     ORDER BY tanggal DESC, nis ASC LIMIT :limit OFFSET :offset "}
[2026-01-21 15:50:38] {"level":"INFO","event":"REQUEST","method":"GET","body":[]}
[2026-01-21 15:50:38] {"level":"INFO","event":"DB_CONFIG","host":"10.99.23.26","port":"3306","db":"batam_hidayatullah","user":"webtagihan","pass":"f@*********nG"}
[2026-01-21 15:50:38] {"level":"INFO","event":"SQL","params":[],"query":"\r\n        SELECT\r\n            c.CODE02 AS unit,\r\n            c.DESC02 AS kelas,\r\n            c.DESC03 AS kelompok,\r\n            c.DESC04 AS tahun_angkatan,\r\n            d.KodePost AS kode,\r\n            b.BILLNM AS nama_tagihan,\r\n            d.BILLAM AS jumlah,\r\n            ua.NamaAkun AS namapost,\r\n            c.NUM2ND AS no_pend,\r\n            c.NOCUST AS nis,\r\n            c.NMCUST AS nama,\r\n            COALESCE(b.PAIDDT, b.FTGLTagihan) AS tanggal\r\n        FROM scctbill_detail d\r\n        INNER JOIN scctbill b\r\n            ON b.BILLCD = d.BILLCD AND b.CUSTID = d.CUSTID\r\n        INNER JOIN scctcust c\r\n            ON c.CUSTID = b.CUSTID\r\n        LEFT JOIN u_akun ua\r\n            ON ua.KodeAkun = d.KodePost\r\n        WHERE 1=1\r\n     ORDER BY tanggal DESC, nis ASC LIMIT :limit OFFSET :offset "}
[2026-01-21 15:52:35] {"level":"INFO","event":"JWT_DECODED","payload":{"token":"eyJ0eXAiOiJKV1QiLCJhbGciOiJIUzI1NiJ9.eyJ0YW5nZ2FsX2Zyb20iOiIyMDI2LTAxLTIxIiwidGFuZ2dhbF90byI6IjIwMjYtMDEtMjEifQ.HeMJoeKFdmprPlksfipk-3cs_ahIUWUrqB0NwZymh14","method":"getReport","tanggal_from":"2026-01-21","tanggal_to":"2026-01-21"}}
[2026-01-21 15:52:35] {"level":"INFO","event":"REQUEST","method":"POST","body":{"token":"eyJ0eXAiOiJKV1QiLCJhbGciOiJIUzI1NiJ9.eyJ0YW5nZ2FsX2Zyb20iOiIyMDI2LTAxLTIxIiwidGFuZ2dhbF90byI6IjIwMjYtMDEtMjEifQ.HeMJoeKFdmprPlksfipk-3cs_ahIUWUrqB0NwZymh14","method":"getReport","tanggal_from":"2026-01-21","tanggal_to":"2026-01-21"}}
[2026-01-21 15:52:35] {"level":"INFO","event":"DB_CONFIG","host":"10.99.23.26","port":"3306","db":"batam_hidayatullah","user":"webtagihan","pass":"f@*********nG"}
[2026-01-21 15:52:35] {"level":"INFO","event":"SQL","params":{":from_dt1":"2026-01-21 00:00:00",":to_dt1":"2026-01-21 23:59:59",":from_dt2":"2026-01-21 00:00:00",":to_dt2":"2026-01-21 23:59:59"},"query":"\r\n        SELECT\r\n            c.CODE02 AS unit,\r\n            c.DESC02 AS kelas,\r\n            c.DESC03 AS kelompok,\r\n            c.DESC04 AS tahun_angkatan,\r\n            d.KodePost AS kode,\r\n            b.BILLNM AS nama_tagihan,\r\n            d.BILLAM AS jumlah,\r\n            ua.NamaAkun AS namapost,\r\n            c.NUM2ND AS no_pend,\r\n            c.NOCUST AS nis,\r\n            c.NMCUST AS nama,\r\n            COALESCE(b.PAIDDT, b.FTGLTagihan) AS tanggal\r\n        FROM scctbill_detail d\r\n        INNER JOIN scctbill b\r\n            ON b.BILLCD = d.BILLCD AND b.CUSTID = d.CUSTID\r\n        INNER JOIN scctcust c\r\n            ON c.CUSTID = b.CUSTID\r\n        LEFT JOIN u_akun ua\r\n            ON ua.KodeAkun = d.KodePost\r\n        WHERE 1=1\r\n    \r\n            AND (\r\n                (b.PAIDDT IS NOT NULL AND b.PAIDDT BETWEEN :from_dt1 AND :to_dt1)\r\n                OR\r\n                (b.PAIDDT IS NULL AND b.FTGLTagihan BETWEEN :from_dt2 AND :to_dt2)\r\n            )\r\n         ORDER BY tanggal DESC, nis ASC LIMIT :limit OFFSET :offset "}
[2026-01-21 15:52:45] {"level":"INFO","event":"JWT_DECODED","payload":{"token":"eyJ0eXAiOiJKV1QiLCJhbGciOiJIUzI1NiJ9.eyJ0YW5nZ2FsX2Zyb20iOiIyMDI2LTAxLTIwIiwidGFuZ2dhbF90byI6IjIwMjYtMDEtMjEifQ.baapWJFQyilC5hKSZqpk-EnD3zeMUc-r79iGuO7XkEw","method":"getReport","tanggal_from":"2026-01-20","tanggal_to":"2026-01-21"}}
[2026-01-21 15:52:45] {"level":"INFO","event":"REQUEST","method":"POST","body":{"token":"eyJ0eXAiOiJKV1QiLCJhbGciOiJIUzI1NiJ9.eyJ0YW5nZ2FsX2Zyb20iOiIyMDI2LTAxLTIwIiwidGFuZ2dhbF90byI6IjIwMjYtMDEtMjEifQ.baapWJFQyilC5hKSZqpk-EnD3zeMUc-r79iGuO7XkEw","method":"getReport","tanggal_from":"2026-01-20","tanggal_to":"2026-01-21"}}
[2026-01-21 15:52:45] {"level":"INFO","event":"DB_CONFIG","host":"10.99.23.26","port":"3306","db":"batam_hidayatullah","user":"webtagihan","pass":"f@*********nG"}
[2026-01-21 15:52:45] {"level":"INFO","event":"SQL","params":{":from_dt1":"2026-01-20 00:00:00",":to_dt1":"2026-01-21 23:59:59",":from_dt2":"2026-01-20 00:00:00",":to_dt2":"2026-01-21 23:59:59"},"query":"\r\n        SELECT\r\n            c.CODE02 AS unit,\r\n            c.DESC02 AS kelas,\r\n            c.DESC03 AS kelompok,\r\n            c.DESC04 AS tahun_angkatan,\r\n            d.KodePost AS kode,\r\n            b.BILLNM AS nama_tagihan,\r\n            d.BILLAM AS jumlah,\r\n            ua.NamaAkun AS namapost,\r\n            c.NUM2ND AS no_pend,\r\n            c.NOCUST AS nis,\r\n            c.NMCUST AS nama,\r\n            COALESCE(b.PAIDDT, b.FTGLTagihan) AS tanggal\r\n        FROM scctbill_detail d\r\n        INNER JOIN scctbill b\r\n            ON b.BILLCD = d.BILLCD AND b.CUSTID = d.CUSTID\r\n        INNER JOIN scctcust c\r\n            ON c.CUSTID = b.CUSTID\r\n        LEFT JOIN u_akun ua\r\n            ON ua.KodeAkun = d.KodePost\r\n        WHERE 1=1\r\n    \r\n            AND (\r\n                (b.PAIDDT IS NOT NULL AND b.PAIDDT BETWEEN :from_dt1 AND :to_dt1)\r\n                OR\r\n                (b.PAIDDT IS NULL AND b.FTGLTagihan BETWEEN :from_dt2 AND :to_dt2)\r\n            )\r\n         ORDER BY tanggal DESC, nis ASC LIMIT :limit OFFSET :offset "}
[2026-01-21 16:03:51] {"level":"INFO","event":"JWT_DECODED","payload":{"token":"eyJ0eXAiOiJKV1QiLCJhbGciOiJIUzI1NiJ9.eyJ0YWh1bl9ha2FkZW1payI6IjIwMjZcLzIwMjcgLSBHRU5BUCJ9.1RKBrKHB08Ly1nkGMMf6uVymxEap4mdjC9JjCtCQq_8","method":"getReport","tahun_akademik":"2026/2027 - GENAP"}}
[2026-01-21 16:03:51] {"level":"INFO","event":"REQUEST","method":"POST","body":{"token":"eyJ0eXAiOiJKV1QiLCJhbGciOiJIUzI1NiJ9.eyJ0YWh1bl9ha2FkZW1payI6IjIwMjZcLzIwMjcgLSBHRU5BUCJ9.1RKBrKHB08Ly1nkGMMf6uVymxEap4mdjC9JjCtCQq_8","method":"getReport","tahun_akademik":"2026/2027 - GENAP"}}
[2026-01-21 16:03:51] {"level":"INFO","event":"DB_CONFIG","host":"10.99.23.26","port":"3306","db":"batam_hidayatullah","user":"webtagihan","pass":"f@*********nG"}
[2026-01-21 16:03:51] {"level":"INFO","event":"SQL","params":{":tahun_akademik":"2026/2027 - GENAP"},"query":"\r\n        SELECT\r\n            c.CODE02 AS unit,\r\n            c.DESC02 AS kelas,\r\n            c.DESC03 AS kelompok,\r\n            c.DESC04 AS tahun_angkatan,\r\n            d.KodePost AS kode,\r\n            b.BILLNM AS nama_tagihan,\r\n            d.BILLAM AS jumlah,\r\n            ua.NamaAkun AS namapost,\r\n            c.NUM2ND AS no_pend,\r\n            c.NOCUST AS nis,\r\n            c.NMCUST AS nama,\r\n            COALESCE(b.PAIDDT, b.FTGLTagihan) AS tanggal\r\n        FROM scctbill_detail d\r\n        INNER JOIN scctbill b\r\n            ON b.BILLCD = d.BILLCD AND b.CUSTID = d.CUSTID\r\n        INNER JOIN scctcust c\r\n            ON c.CUSTID = b.CUSTID\r\n        LEFT JOIN u_akun ua\r\n            ON ua.KodeAkun = d.KodePost\r\n        WHERE 1=1\r\n     AND b.BTA = :tahun_akademik  ORDER BY tanggal DESC, nis ASC LIMIT :limit OFFSET :offset "}
[2026-01-21 16:03:58] {"level":"INFO","event":"JWT_DECODED","payload":{"token":"eyJ0eXAiOiJKV1QiLCJhbGciOiJIUzI1NiJ9.eyJ0YWh1bl9ha2FkZW1payI6IjIwMjZcLzIwMjcgLSBHQU5KSUwifQ.j7ApfL566MLUGWeqqz__P3PSDYBZrDItAldG0zNerM8","method":"getReport","tahun_akademik":"2026/2027 - GANJIL"}}
[2026-01-21 16:03:58] {"level":"INFO","event":"REQUEST","method":"POST","body":{"token":"eyJ0eXAiOiJKV1QiLCJhbGciOiJIUzI1NiJ9.eyJ0YWh1bl9ha2FkZW1payI6IjIwMjZcLzIwMjcgLSBHQU5KSUwifQ.j7ApfL566MLUGWeqqz__P3PSDYBZrDItAldG0zNerM8","method":"getReport","tahun_akademik":"2026/2027 - GANJIL"}}
[2026-01-21 16:03:58] {"level":"INFO","event":"DB_CONFIG","host":"10.99.23.26","port":"3306","db":"batam_hidayatullah","user":"webtagihan","pass":"f@*********nG"}
[2026-01-21 16:03:58] {"level":"INFO","event":"SQL","params":{":tahun_akademik":"2026/2027 - GANJIL"},"query":"\r\n        SELECT\r\n            c.CODE02 AS unit,\r\n            c.DESC02 AS kelas,\r\n            c.DESC03 AS kelompok,\r\n            c.DESC04 AS tahun_angkatan,\r\n            d.KodePost AS kode,\r\n            b.BILLNM AS nama_tagihan,\r\n            d.BILLAM AS jumlah,\r\n            ua.NamaAkun AS namapost,\r\n            c.NUM2ND AS no_pend,\r\n            c.NOCUST AS nis,\r\n            c.NMCUST AS nama,\r\n            COALESCE(b.PAIDDT, b.FTGLTagihan) AS tanggal\r\n        FROM scctbill_detail d\r\n        INNER JOIN scctbill b\r\n            ON b.BILLCD = d.BILLCD AND b.CUSTID = d.CUSTID\r\n        INNER JOIN scctcust c\r\n            ON c.CUSTID = b.CUSTID\r\n        LEFT JOIN u_akun ua\r\n            ON ua.KodeAkun = d.KodePost\r\n        WHERE 1=1\r\n     AND b.BTA = :tahun_akademik  ORDER BY tanggal DESC, nis ASC LIMIT :limit OFFSET :offset "}
[2026-01-21 16:04:07] {"level":"INFO","event":"REQUEST","method":"GET","body":[]}
[2026-01-21 16:04:07] {"level":"INFO","event":"DB_CONFIG","host":"10.99.23.26","port":"3306","db":"batam_hidayatullah","user":"webtagihan","pass":"f@*********nG"}
[2026-01-21 16:04:07] {"level":"INFO","event":"SQL","params":[],"query":"\r\n        SELECT\r\n            c.CODE02 AS unit,\r\n            c.DESC02 AS kelas,\r\n            c.DESC03 AS kelompok,\r\n            c.DESC04 AS tahun_angkatan,\r\n            d.KodePost AS kode,\r\n            b.BILLNM AS nama_tagihan,\r\n            d.BILLAM AS jumlah,\r\n            ua.NamaAkun AS namapost,\r\n            c.NUM2ND AS no_pend,\r\n            c.NOCUST AS nis,\r\n            c.NMCUST AS nama,\r\n            COALESCE(b.PAIDDT, b.FTGLTagihan) AS tanggal\r\n        FROM scctbill_detail d\r\n        INNER JOIN scctbill b\r\n            ON b.BILLCD = d.BILLCD AND b.CUSTID = d.CUSTID\r\n        INNER JOIN scctcust c\r\n            ON c.CUSTID = b.CUSTID\r\n        LEFT JOIN u_akun ua\r\n            ON ua.KodeAkun = d.KodePost\r\n        WHERE 1=1\r\n     ORDER BY tanggal DESC, nis ASC LIMIT :limit OFFSET :offset "}
[2026-01-21 16:05:21] {"level":"INFO","event":"REQUEST","method":"GET","body":[]}
[2026-01-21 16:05:21] {"level":"INFO","event":"DB_CONFIG","host":"10.99.23.26","port":"3306","db":"batam_hidayatullah","user":"webtagihan","pass":"f@*********nG"}
[2026-01-21 16:05:21] {"level":"INFO","event":"SQL","params":[],"query":"\r\n        SELECT\r\n            c.CODE02 AS unit,\r\n            c.DESC02 AS kelas,\r\n            c.DESC03 AS kelompok,\r\n            c.DESC04 AS tahun_angkatan,\r\n            d.KodePost AS kode,\r\n            b.BILLNM AS nama_tagihan,\r\n            d.BILLAM AS jumlah,\r\n            ua.NamaAkun AS namapost,\r\n            c.NUM2ND AS no_pend,\r\n            c.NOCUST AS nis,\r\n            c.NMCUST AS nama,\r\n            COALESCE(b.PAIDDT, b.FTGLTagihan) AS tanggal\r\n        FROM scctbill_detail d\r\n        INNER JOIN scctbill b\r\n            ON b.BILLCD = d.BILLCD AND b.CUSTID = d.CUSTID\r\n        INNER JOIN scctcust c\r\n            ON c.CUSTID = b.CUSTID\r\n        LEFT JOIN u_akun ua\r\n            ON ua.KodeAkun = d.KodePost\r\n        WHERE 1=1\r\n     ORDER BY tanggal DESC, nis ASC LIMIT :limit OFFSET :offset "}
[2026-01-21 16:08:24] {"level":"INFO","event":"REQUEST","method":"GET","body":[]}
[2026-01-21 16:08:24] {"level":"INFO","event":"DB_CONFIG","host":"10.99.23.26","port":"3306","db":"batam_hidayatullah","user":"webtagihan","pass":"f@*********nG"}
[2026-01-21 16:08:24] {"level":"INFO","event":"SQL","params":[],"query":"\r\n        SELECT\r\n            c.CODE02 AS unit,\r\n            c.DESC02 AS kelas,\r\n            c.DESC03 AS kelompok,\r\n            c.DESC04 AS tahun_angkatan,\r\n            d.KodePost AS kode,\r\n            b.BILLNM AS nama_tagihan,\r\n            d.BILLAM AS jumlah,\r\n            ua.NamaAkun AS namapost,\r\n            c.NUM2ND AS no_pend,\r\n            c.NOCUST AS nis,\r\n            c.NMCUST AS nama,\r\n            COALESCE(b.PAIDDT, b.FTGLTagihan) AS tanggal\r\n        FROM scctbill_detail d\r\n        INNER JOIN scctbill b\r\n            ON b.BILLCD = d.BILLCD AND b.CUSTID = d.CUSTID\r\n        INNER JOIN scctcust c\r\n            ON c.CUSTID = b.CUSTID\r\n        LEFT JOIN u_akun ua\r\n            ON ua.KodeAkun = d.KodePost\r\n        WHERE 1=1\r\n     ORDER BY tanggal DESC, nis ASC LIMIT :limit OFFSET :offset "}
[2026-01-21 16:08:34] {"level":"INFO","event":"JWT_DECODED","payload":{"token":"eyJ0eXAiOiJKV1QiLCJhbGciOiJIUzI1NiJ9.W10.K5NzDrsFlsvlHx-kJm4eKJ__Qcjw3KkNygXMUm4h0HQ","method":"getReport"}}
[2026-01-21 16:08:34] {"level":"INFO","event":"REQUEST","method":"POST","body":{"token":"eyJ0eXAiOiJKV1QiLCJhbGciOiJIUzI1NiJ9.W10.K5NzDrsFlsvlHx-kJm4eKJ__Qcjw3KkNygXMUm4h0HQ","method":"getReport"}}
[2026-01-21 16:08:34] {"level":"INFO","event":"DB_CONFIG","host":"10.99.23.26","port":"3306","db":"batam_hidayatullah","user":"webtagihan","pass":"f@*********nG"}
[2026-01-21 16:08:34] {"level":"INFO","event":"SQL","params":[],"query":"\r\n        SELECT\r\n            c.CODE02 AS unit,\r\n            c.DESC02 AS kelas,\r\n            c.DESC03 AS kelompok,\r\n            c.DESC04 AS tahun_angkatan,\r\n            d.KodePost AS kode,\r\n            b.BILLNM AS nama_tagihan,\r\n            d.BILLAM AS jumlah,\r\n            ua.NamaAkun AS namapost,\r\n            c.NUM2ND AS no_pend,\r\n            c.NOCUST AS nis,\r\n            c.NMCUST AS nama,\r\n            COALESCE(b.PAIDDT, b.FTGLTagihan) AS tanggal\r\n        FROM scctbill_detail d\r\n        INNER JOIN scctbill b\r\n            ON b.BILLCD = d.BILLCD AND b.CUSTID = d.CUSTID\r\n        INNER JOIN scctcust c\r\n            ON c.CUSTID = b.CUSTID\r\n        LEFT JOIN u_akun ua\r\n            ON ua.KodeAkun = d.KodePost\r\n        WHERE 1=1\r\n     ORDER BY tanggal DESC, nis ASC LIMIT :limit OFFSET :offset "}
[2026-01-21 16:08:38] {"level":"INFO","event":"JWT_DECODED","payload":{"token":"eyJ0eXAiOiJKV1QiLCJhbGciOiJIUzI1NiJ9.eyJiYW5rIjoiQlJJIn0.RJ-5kJhCACatJsQn1bujkt6VA3KZAOsixht2bWp_U_k","method":"getReport","bank":"BRI"}}
[2026-01-21 16:08:38] {"level":"INFO","event":"REQUEST","method":"POST","body":{"token":"eyJ0eXAiOiJKV1QiLCJhbGciOiJIUzI1NiJ9.eyJiYW5rIjoiQlJJIn0.RJ-5kJhCACatJsQn1bujkt6VA3KZAOsixht2bWp_U_k","method":"getReport","bank":"BRI"}}
[2026-01-21 16:08:38] {"level":"INFO","event":"DB_CONFIG","host":"10.99.23.26","port":"3306","db":"batam_hidayatullah","user":"webtagihan","pass":"f@*********nG"}
[2026-01-21 16:08:38] {"level":"INFO","event":"SQL","params":[],"query":"\r\n        SELECT\r\n            c.CODE02 AS unit,\r\n            c.DESC02 AS kelas,\r\n            c.DESC03 AS kelompok,\r\n            c.DESC04 AS tahun_angkatan,\r\n            d.KodePost AS kode,\r\n            b.BILLNM AS nama_tagihan,\r\n            d.BILLAM AS jumlah,\r\n            ua.NamaAkun AS namapost,\r\n            c.NUM2ND AS no_pend,\r\n            c.NOCUST AS nis,\r\n            c.NMCUST AS nama,\r\n            COALESCE(b.PAIDDT, b.FTGLTagihan) AS tanggal\r\n        FROM scctbill_detail d\r\n        INNER JOIN scctbill b\r\n            ON b.BILLCD = d.BILLCD AND b.CUSTID = d.CUSTID\r\n        INNER JOIN scctcust c\r\n            ON c.CUSTID = b.CUSTID\r\n        LEFT JOIN u_akun ua\r\n            ON ua.KodeAkun = d.KodePost\r\n        WHERE 1=1\r\n     ORDER BY tanggal DESC, nis ASC LIMIT :limit OFFSET :offset "}
[2026-01-21 16:08:50] {"level":"INFO","event":"JWT_DECODED","payload":{"token":"eyJ0eXAiOiJKV1QiLCJhbGciOiJIUzI1NiJ9.W10.K5NzDrsFlsvlHx-kJm4eKJ__Qcjw3KkNygXMUm4h0HQ","method":"getReport"}}
[2026-01-21 16:08:50] {"level":"INFO","event":"REQUEST","method":"POST","body":{"token":"eyJ0eXAiOiJKV1QiLCJhbGciOiJIUzI1NiJ9.W10.K5NzDrsFlsvlHx-kJm4eKJ__Qcjw3KkNygXMUm4h0HQ","method":"getReport"}}
[2026-01-21 16:08:50] {"level":"INFO","event":"DB_CONFIG","host":"10.99.23.26","port":"3306","db":"batam_hidayatullah","user":"webtagihan","pass":"f@*********nG"}
[2026-01-21 16:08:50] {"level":"INFO","event":"SQL","params":[],"query":"\r\n        SELECT\r\n            c.CODE02 AS unit,\r\n            c.DESC02 AS kelas,\r\n            c.DESC03 AS kelompok,\r\n            c.DESC04 AS tahun_angkatan,\r\n            d.KodePost AS kode,\r\n            b.BILLNM AS nama_tagihan,\r\n            d.BILLAM AS jumlah,\r\n            ua.NamaAkun AS namapost,\r\n            c.NUM2ND AS no_pend,\r\n            c.NOCUST AS nis,\r\n            c.NMCUST AS nama,\r\n            COALESCE(b.PAIDDT, b.FTGLTagihan) AS tanggal\r\n        FROM scctbill_detail d\r\n        INNER JOIN scctbill b\r\n            ON b.BILLCD = d.BILLCD AND b.CUSTID = d.CUSTID\r\n        INNER JOIN scctcust c\r\n            ON c.CUSTID = b.CUSTID\r\n        LEFT JOIN u_akun ua\r\n            ON ua.KodeAkun = d.KodePost\r\n        WHERE 1=1\r\n     ORDER BY tanggal DESC, nis ASC LIMIT :limit OFFSET :offset "}
[2026-01-21 16:09:06] {"level":"INFO","event":"JWT_DECODED","payload":{"token":"eyJ0eXAiOiJKV1QiLCJhbGciOiJIUzI1NiJ9.eyJuaXMiOiIzMjUwMDE4In0.NsQmJ8YT68HzTQxMHgqo6EEwggWIg3drbstjZbCLlMk","method":"getReport","nis":"3250018"}}
[2026-01-21 16:09:06] {"level":"INFO","event":"REQUEST","method":"POST","body":{"token":"eyJ0eXAiOiJKV1QiLCJhbGciOiJIUzI1NiJ9.eyJuaXMiOiIzMjUwMDE4In0.NsQmJ8YT68HzTQxMHgqo6EEwggWIg3drbstjZbCLlMk","method":"getReport","nis":"3250018"}}
[2026-01-21 16:09:06] {"level":"INFO","event":"DB_CONFIG","host":"10.99.23.26","port":"3306","db":"batam_hidayatullah","user":"webtagihan","pass":"f@*********nG"}
[2026-01-21 16:09:06] {"level":"INFO","event":"SQL","params":{":nis":"3250018"},"query":"\r\n        SELECT\r\n            c.CODE02 AS unit,\r\n            c.DESC02 AS kelas,\r\n            c.DESC03 AS kelompok,\r\n            c.DESC04 AS tahun_angkatan,\r\n            d.KodePost AS kode,\r\n            b.BILLNM AS nama_tagihan,\r\n            d.BILLAM AS jumlah,\r\n            ua.NamaAkun AS namapost,\r\n            c.NUM2ND AS no_pend,\r\n            c.NOCUST AS nis,\r\n            c.NMCUST AS nama,\r\n            COALESCE(b.PAIDDT, b.FTGLTagihan) AS tanggal\r\n        FROM scctbill_detail d\r\n        INNER JOIN scctbill b\r\n            ON b.BILLCD = d.BILLCD AND b.CUSTID = d.CUSTID\r\n        INNER JOIN scctcust c\r\n            ON c.CUSTID = b.CUSTID\r\n        LEFT JOIN u_akun ua\r\n            ON ua.KodeAkun = d.KodePost\r\n        WHERE 1=1\r\n     AND c.NOCUST = :nis  ORDER BY tanggal DESC, nis ASC LIMIT :limit OFFSET :offset "}
[2026-01-21 16:09:06] {"level":"INFO","event":"REQUEST","method":"GET","body":[]}
[2026-01-21 16:09:06] {"level":"INFO","event":"DB_CONFIG","host":"10.99.23.26","port":"3306","db":"batam_hidayatullah","user":"webtagihan","pass":"f@*********nG"}
[2026-01-21 16:09:06] {"level":"INFO","event":"SQL","params":[],"query":"\r\n        SELECT\r\n            c.CODE02 AS unit,\r\n            c.DESC02 AS kelas,\r\n            c.DESC03 AS kelompok,\r\n            c.DESC04 AS tahun_angkatan,\r\n            d.KodePost AS kode,\r\n            b.BILLNM AS nama_tagihan,\r\n            d.BILLAM AS jumlah,\r\n            ua.NamaAkun AS namapost,\r\n            c.NUM2ND AS no_pend,\r\n            c.NOCUST AS nis,\r\n            c.NMCUST AS nama,\r\n            COALESCE(b.PAIDDT, b.FTGLTagihan) AS tanggal\r\n        FROM scctbill_detail d\r\n        INNER JOIN scctbill b\r\n            ON b.BILLCD = d.BILLCD AND b.CUSTID = d.CUSTID\r\n        INNER JOIN scctcust c\r\n            ON c.CUSTID = b.CUSTID\r\n        LEFT JOIN u_akun ua\r\n            ON ua.KodeAkun = d.KodePost\r\n        WHERE 1=1\r\n     ORDER BY tanggal DESC, nis ASC LIMIT :limit OFFSET :offset "}
[2026-01-22 08:55:27] {"level":"INFO","event":"JWT_DECODED","payload":{"token":"eyJ0eXAiOiJKV1QiLCJhbGciOiJIUzI1NiJ9.W10.K5NzDrsFlsvlHx-kJm4eKJ__Qcjw3KkNygXMUm4h0HQ","method":"getReport"}}
[2026-01-22 08:55:27] {"level":"INFO","event":"REQUEST","method":"POST","body":{"token":"eyJ0eXAiOiJKV1QiLCJhbGciOiJIUzI1NiJ9.W10.K5NzDrsFlsvlHx-kJm4eKJ__Qcjw3KkNygXMUm4h0HQ","method":"getReport"}}
[2026-01-22 08:55:27] {"level":"INFO","event":"DB_CONFIG","host":"10.99.23.26","port":"3306","db":"batam_hidayatullah","user":"webtagihan","pass":"f@*********nG"}
[2026-01-22 08:55:27] {"level":"INFO","event":"SQL","params":[],"query":"\r\n        SELECT\r\n            c.CODE02 AS unit,\r\n            c.DESC02 AS kelas,\r\n            c.DESC03 AS kelompok,\r\n            c.DESC04 AS tahun_angkatan,\r\n            d.KodePost AS kode,\r\n            b.BILLNM AS nama_tagihan,\r\n            d.BILLAM AS jumlah,\r\n            ua.NamaAkun AS namapost,\r\n            c.NUM2ND AS no_pend,\r\n            c.NOCUST AS nis,\r\n            c.NMCUST AS nama,\r\n            COALESCE(b.PAIDDT, b.FTGLTagihan) AS tanggal\r\n        FROM scctbill_detail d\r\n        INNER JOIN scctbill b\r\n            ON b.BILLCD = d.BILLCD AND b.CUSTID = d.CUSTID\r\n        INNER JOIN scctcust c\r\n            ON c.CUSTID = b.CUSTID\r\n        LEFT JOIN u_akun ua\r\n            ON ua.KodeAkun = d.KodePost\r\n        WHERE 1=1\r\n     ORDER BY tanggal DESC, nis ASC LIMIT :limit OFFSET :offset "}
[2026-01-22 08:57:18] {"level":"INFO","event":"JWT_DECODED","payload":{"token":"eyJ0eXAiOiJKV1QiLCJhbGciOiJIUzI1NiJ9.W10.K5NzDrsFlsvlHx-kJm4eKJ__Qcjw3KkNygXMUm4h0HQ","method":"getReport"}}
[2026-01-22 08:57:18] {"level":"INFO","event":"REQUEST","method":"POST","body":{"token":"eyJ0eXAiOiJKV1QiLCJhbGciOiJIUzI1NiJ9.W10.K5NzDrsFlsvlHx-kJm4eKJ__Qcjw3KkNygXMUm4h0HQ","method":"getReport"}}
[2026-01-22 08:57:18] {"level":"INFO","event":"DB_CONFIG","host":"10.99.23.26","port":"3306","db":"batam_hidayatullah","user":"webtagihan","pass":"f@*********nG"}
[2026-01-22 08:57:18] {"level":"INFO","event":"SQL","params":[],"query":"\r\n        SELECT\r\n            c.CODE02 AS unit,\r\n            c.DESC02 AS kelas,\r\n            c.DESC03 AS kelompok,\r\n            c.DESC04 AS tahun_angkatan,\r\n            d.KodePost AS kode,\r\n            b.BILLNM AS nama_tagihan,\r\n            d.BILLAM AS jumlah,\r\n            ua.NamaAkun AS namapost,\r\n            c.NUM2ND AS no_pend,\r\n            c.NOCUST AS nis,\r\n            c.NMCUST AS nama,\r\n            COALESCE(b.PAIDDT, b.FTGLTagihan) AS tanggal\r\n        FROM scctbill_detail d\r\n        INNER JOIN scctbill b\r\n            ON b.BILLCD = d.BILLCD AND b.CUSTID = d.CUSTID\r\n        INNER JOIN scctcust c\r\n            ON c.CUSTID = b.CUSTID\r\n        LEFT JOIN u_akun ua\r\n            ON ua.KodeAkun = d.KodePost\r\n        WHERE 1=1\r\n     ORDER BY tanggal DESC, nis ASC LIMIT :limit OFFSET :offset "}
[2026-01-22 08:57:40] {"level":"INFO","event":"JWT_DECODED","payload":{"token":"eyJ0eXAiOiJKV1QiLCJhbGciOiJIUzI1NiJ9.W10.K5NzDrsFlsvlHx-kJm4eKJ__Qcjw3KkNygXMUm4h0HQ","method":"getReport"}}
[2026-01-22 08:57:40] {"level":"INFO","event":"REQUEST","method":"POST","body":{"token":"eyJ0eXAiOiJKV1QiLCJhbGciOiJIUzI1NiJ9.W10.K5NzDrsFlsvlHx-kJm4eKJ__Qcjw3KkNygXMUm4h0HQ","method":"getReport"}}
[2026-01-22 08:57:40] {"level":"INFO","event":"DB_CONFIG","host":"10.99.23.26","port":"3306","db":"batam_hidayatullah","user":"webtagihan","pass":"f@*********nG"}
[2026-01-22 08:57:40] {"level":"INFO","event":"SQL","params":[],"query":"\r\n        SELECT\r\n            c.CODE02 AS unit,\r\n            c.DESC02 AS kelas,\r\n            c.DESC03 AS kelompok,\r\n            c.DESC04 AS tahun_angkatan,\r\n            d.KodePost AS kode,\r\n            b.BILLNM AS nama_tagihan,\r\n            d.BILLAM AS jumlah,\r\n            ua.NamaAkun AS namapost,\r\n            c.NUM2ND AS no_pend,\r\n            c.NOCUST AS nis,\r\n            c.NMCUST AS nama,\r\n            COALESCE(b.PAIDDT, b.FTGLTagihan) AS tanggal\r\n        FROM scctbill_detail d\r\n        INNER JOIN scctbill b\r\n            ON b.BILLCD = d.BILLCD AND b.CUSTID = d.CUSTID\r\n        INNER JOIN scctcust c\r\n            ON c.CUSTID = b.CUSTID\r\n        LEFT JOIN u_akun ua\r\n            ON ua.KodeAkun = d.KodePost\r\n        WHERE 1=1\r\n     ORDER BY tanggal DESC, nis ASC LIMIT :limit OFFSET :offset "}
[2026-01-22 08:57:44] {"level":"INFO","event":"JWT_DECODED","payload":{"token":"eyJ0eXAiOiJKV1QiLCJhbGciOiJIUzI1NiJ9.W10.K5NzDrsFlsvlHx-kJm4eKJ__Qcjw3KkNygXMUm4h0HQ","method":"getReport"}}
[2026-01-22 08:57:44] {"level":"INFO","event":"REQUEST","method":"POST","body":{"token":"eyJ0eXAiOiJKV1QiLCJhbGciOiJIUzI1NiJ9.W10.K5NzDrsFlsvlHx-kJm4eKJ__Qcjw3KkNygXMUm4h0HQ","method":"getReport"}}
[2026-01-22 08:57:44] {"level":"INFO","event":"DB_CONFIG","host":"10.99.23.26","port":"3306","db":"batam_hidayatullah","user":"webtagihan","pass":"f@*********nG"}
[2026-01-22 08:57:44] {"level":"INFO","event":"SQL","params":[],"query":"\r\n        SELECT\r\n            c.CODE02 AS unit,\r\n            c.DESC02 AS kelas,\r\n            c.DESC03 AS kelompok,\r\n            c.DESC04 AS tahun_angkatan,\r\n            d.KodePost AS kode,\r\n            b.BILLNM AS nama_tagihan,\r\n            d.BILLAM AS jumlah,\r\n            ua.NamaAkun AS namapost,\r\n            c.NUM2ND AS no_pend,\r\n            c.NOCUST AS nis,\r\n            c.NMCUST AS nama,\r\n            COALESCE(b.PAIDDT, b.FTGLTagihan) AS tanggal\r\n        FROM scctbill_detail d\r\n        INNER JOIN scctbill b\r\n            ON b.BILLCD = d.BILLCD AND b.CUSTID = d.CUSTID\r\n        INNER JOIN scctcust c\r\n            ON c.CUSTID = b.CUSTID\r\n        LEFT JOIN u_akun ua\r\n            ON ua.KodeAkun = d.KodePost\r\n        WHERE 1=1\r\n     ORDER BY tanggal DESC, nis ASC LIMIT :limit OFFSET :offset "}
[2026-01-22 08:59:42] {"level":"INFO","event":"JWT_DECODED","payload":{"token":"eyJ0eXAiOiJKV1QiLCJhbGciOiJIUzI1NiJ9.W10.K5NzDrsFlsvlHx-kJm4eKJ__Qcjw3KkNygXMUm4h0HQ","method":"getReport"}}
[2026-01-22 08:59:42] {"level":"INFO","event":"REQUEST","method":"POST","body":{"token":"eyJ0eXAiOiJKV1QiLCJhbGciOiJIUzI1NiJ9.W10.K5NzDrsFlsvlHx-kJm4eKJ__Qcjw3KkNygXMUm4h0HQ","method":"getReport"}}
[2026-01-22 08:59:42] {"level":"INFO","event":"DB_CONFIG","host":"10.99.23.26","port":"3306","db":"batam_hidayatullah","user":"webtagihan","pass":"f@*********nG"}
[2026-01-22 08:59:42] {"level":"INFO","event":"SQL","params":[],"query":"\r\n        SELECT\r\n            c.CODE02 AS unit,\r\n            c.DESC02 AS kelas,\r\n            c.DESC03 AS kelompok,\r\n            c.DESC04 AS tahun_angkatan,\r\n            d.KodePost AS kode,\r\n            b.BILLNM AS nama_tagihan,\r\n            d.BILLAM AS jumlah,\r\n            ua.NamaAkun AS namapost,\r\n            c.NUM2ND AS no_pend,\r\n            c.NOCUST AS nis,\r\n            c.NMCUST AS nama,\r\n            COALESCE(b.PAIDDT, b.FTGLTagihan) AS tanggal\r\n        FROM scctbill_detail d\r\n        INNER JOIN scctbill b\r\n            ON b.BILLCD = d.BILLCD AND b.CUSTID = d.CUSTID\r\n        INNER JOIN scctcust c\r\n            ON c.CUSTID = b.CUSTID\r\n        LEFT JOIN u_akun ua\r\n            ON ua.KodeAkun = d.KodePost\r\n        WHERE 1=1\r\n     ORDER BY tanggal DESC, nis ASC LIMIT :limit OFFSET :offset "}
[2026-01-22 09:04:51] {"level":"INFO","event":"JWT_DECODED","payload":{"token":"eyJ0eXAiOiJKV1QiLCJhbGciOiJIUzI1NiJ9.W10.K5NzDrsFlsvlHx-kJm4eKJ__Qcjw3KkNygXMUm4h0HQ","method":"getReport"}}
[2026-01-22 09:04:51] {"level":"INFO","event":"REQUEST","method":"POST","body":{"token":"eyJ0eXAiOiJKV1QiLCJhbGciOiJIUzI1NiJ9.W10.K5NzDrsFlsvlHx-kJm4eKJ__Qcjw3KkNygXMUm4h0HQ","method":"getReport"}}
[2026-01-22 09:04:51] {"level":"INFO","event":"DB_CONFIG","host":"10.99.23.26","port":"3306","db":"batam_hidayatullah","user":"webtagihan","pass":"f@*********nG"}
[2026-01-22 09:04:51] {"level":"INFO","event":"SQL","params":[],"query":"\r\n        SELECT\r\n            c.CODE02 AS unit,\r\n            c.DESC02 AS kelas,\r\n            c.DESC03 AS kelompok,\r\n            c.DESC04 AS tahun_angkatan,\r\n            d.KodePost AS kode,\r\n            b.BILLNM AS nama_tagihan,\r\n            d.BILLAM AS jumlah,\r\n            ua.NamaAkun AS namapost,\r\n            c.NUM2ND AS no_pend,\r\n            c.NOCUST AS nis,\r\n            c.NMCUST AS nama,\r\n            COALESCE(b.PAIDDT, b.FTGLTagihan) AS tanggal\r\n        FROM scctbill_detail d\r\n        INNER JOIN scctbill b\r\n            ON b.BILLCD = d.BILLCD AND b.CUSTID = d.CUSTID\r\n        INNER JOIN scctcust c\r\n            ON c.CUSTID = b.CUSTID\r\n        LEFT JOIN u_akun ua\r\n            ON ua.KodeAkun = d.KodePost\r\n        WHERE 1=1\r\n     ORDER BY tanggal DESC, nis ASC LIMIT :limit OFFSET :offset "}
[2026-01-22 09:23:35] {"level":"INFO","event":"JWT_DECODED","payload":{"token":"eyJ0eXAiOiJKV1QiLCJhbGciOiJIUzI1NiJ9.W10.K5NzDrsFlsvlHx-kJm4eKJ__Qcjw3KkNygXMUm4h0HQ","method":"getReport"}}
[2026-01-22 09:23:35] {"level":"INFO","event":"REQUEST","method":"POST","body":{"token":"eyJ0eXAiOiJKV1QiLCJhbGciOiJIUzI1NiJ9.W10.K5NzDrsFlsvlHx-kJm4eKJ__Qcjw3KkNygXMUm4h0HQ","method":"getReport"}}
[2026-01-22 09:23:35] {"level":"INFO","event":"DB_CONFIG","host":"10.99.23.26","port":"3306","db":"batam_hidayatullah","user":"webtagihan","pass":"f@*********nG"}
[2026-01-22 09:23:35] {"level":"INFO","event":"SQL","params":[],"query":"\r\n        SELECT\r\n            c.CODE02 AS unit,\r\n            c.DESC02 AS kelas,\r\n            c.DESC03 AS kelompok,\r\n            c.DESC04 AS tahun_angkatan,\r\n            d.KodePost AS kode,\r\n            b.BILLNM AS nama_tagihan,\r\n            d.BILLAM AS jumlah,\r\n            ua.NamaAkun AS namapost,\r\n            c.NUM2ND AS no_pend,\r\n            c.NOCUST AS nis,\r\n            c.NMCUST AS nama,\r\n            COALESCE(b.PAIDDT, b.FTGLTagihan) AS tanggal\r\n        FROM scctbill_detail d\r\n        INNER JOIN scctbill b\r\n            ON b.BILLCD = d.BILLCD AND b.CUSTID = d.CUSTID\r\n        INNER JOIN scctcust c\r\n            ON c.CUSTID = b.CUSTID\r\n        LEFT JOIN u_akun ua\r\n            ON ua.KodeAkun = d.KodePost\r\n        WHERE 1=1\r\n     ORDER BY tanggal DESC, nis ASC LIMIT :limit OFFSET :offset "}
[2026-01-22 09:23:58] {"level":"INFO","event":"JWT_DECODED","payload":{"token":"eyJ0eXAiOiJKV1QiLCJhbGciOiJIUzI1NiJ9.W10.K5NzDrsFlsvlHx-kJm4eKJ__Qcjw3KkNygXMUm4h0HQ","method":"getReport"}}
[2026-01-22 09:23:58] {"level":"INFO","event":"REQUEST","method":"POST","body":{"token":"eyJ0eXAiOiJKV1QiLCJhbGciOiJIUzI1NiJ9.W10.K5NzDrsFlsvlHx-kJm4eKJ__Qcjw3KkNygXMUm4h0HQ","method":"getReport"}}
[2026-01-22 09:23:58] {"level":"INFO","event":"DB_CONFIG","host":"10.99.23.26","port":"3306","db":"batam_hidayatullah","user":"webtagihan","pass":"f@*********nG"}
[2026-01-22 09:23:58] {"level":"INFO","event":"SQL","params":[],"query":"\r\n        SELECT\r\n            c.CODE02 AS unit,\r\n            c.DESC02 AS kelas,\r\n            c.DESC03 AS kelompok,\r\n            c.DESC04 AS tahun_angkatan,\r\n            d.KodePost AS kode,\r\n            b.BILLNM AS nama_tagihan,\r\n            d.BILLAM AS jumlah,\r\n            ua.NamaAkun AS namapost,\r\n            c.NUM2ND AS no_pend,\r\n            c.NOCUST AS nis,\r\n            c.NMCUST AS nama,\r\n            COALESCE(b.PAIDDT, b.FTGLTagihan) AS tanggal\r\n        FROM scctbill_detail d\r\n        INNER JOIN scctbill b\r\n            ON b.BILLCD = d.BILLCD AND b.CUSTID = d.CUSTID\r\n        INNER JOIN scctcust c\r\n            ON c.CUSTID = b.CUSTID\r\n        LEFT JOIN u_akun ua\r\n            ON ua.KodeAkun = d.KodePost\r\n        WHERE 1=1\r\n     ORDER BY tanggal DESC, nis ASC LIMIT :limit OFFSET :offset "}
[2026-01-22 09:30:37] {"level":"INFO","event":"JWT_DECODED","payload":{"token":"eyJ0eXAiOiJKV1QiLCJhbGciOiJIUzI1NiJ9.W10.K5NzDrsFlsvlHx-kJm4eKJ__Qcjw3KkNygXMUm4h0HQ","method":"getReport"}}
[2026-01-22 09:30:37] {"level":"INFO","event":"REQUEST","method":"POST","body":{"token":"eyJ0eXAiOiJKV1QiLCJhbGciOiJIUzI1NiJ9.W10.K5NzDrsFlsvlHx-kJm4eKJ__Qcjw3KkNygXMUm4h0HQ","method":"getReport"}}
[2026-01-22 09:30:37] {"level":"INFO","event":"DB_CONFIG","host":"10.99.23.26","port":"3306","db":"batam_hidayatullah","user":"webtagihan","pass":"f@*********nG"}
[2026-01-22 09:30:37] {"level":"INFO","event":"SQL","params":[],"query":"\r\n        SELECT\r\n            c.CODE02 AS unit,\r\n            c.DESC02 AS kelas,\r\n            c.DESC03 AS kelompok,\r\n            c.DESC04 AS tahun_angkatan,\r\n            d.KodePost AS kode,\r\n            b.BILLNM AS nama_tagihan,\r\n            d.BILLAM AS jumlah,\r\n            ua.NamaAkun AS namapost,\r\n            c.NUM2ND AS no_pend,\r\n            c.NOCUST AS nis,\r\n            c.NMCUST AS nama,\r\n            COALESCE(b.PAIDDT, b.FTGLTagihan) AS tanggal\r\n        FROM scctbill_detail d\r\n        INNER JOIN scctbill b\r\n            ON b.BILLCD = d.BILLCD AND b.CUSTID = d.CUSTID\r\n        INNER JOIN scctcust c\r\n            ON c.CUSTID = b.CUSTID\r\n        LEFT JOIN u_akun ua\r\n            ON ua.KodeAkun = d.KodePost\r\n        WHERE 1=1\r\n     ORDER BY tanggal DESC, nis ASC LIMIT :limit OFFSET :offset "}
[2026-01-22 09:30:43] {"level":"INFO","event":"JWT_DECODED","payload":{"token":"eyJ0eXAiOiJKV1QiLCJhbGciOiJIUzI1NiJ9.W10.K5NzDrsFlsvlHx-kJm4eKJ__Qcjw3KkNygXMUm4h0HQ","method":"getReport"}}
[2026-01-22 09:30:43] {"level":"INFO","event":"REQUEST","method":"POST","body":{"token":"eyJ0eXAiOiJKV1QiLCJhbGciOiJIUzI1NiJ9.W10.K5NzDrsFlsvlHx-kJm4eKJ__Qcjw3KkNygXMUm4h0HQ","method":"getReport"}}
[2026-01-22 09:30:43] {"level":"INFO","event":"DB_CONFIG","host":"10.99.23.26","port":"3306","db":"batam_hidayatullah","user":"webtagihan","pass":"f@*********nG"}
[2026-01-22 09:30:43] {"level":"INFO","event":"SQL","params":[],"query":"\r\n        SELECT\r\n            c.CODE02 AS unit,\r\n            c.DESC02 AS kelas,\r\n            c.DESC03 AS kelompok,\r\n            c.DESC04 AS tahun_angkatan,\r\n            d.KodePost AS kode,\r\n            b.BILLNM AS nama_tagihan,\r\n            d.BILLAM AS jumlah,\r\n            ua.NamaAkun AS namapost,\r\n            c.NUM2ND AS no_pend,\r\n            c.NOCUST AS nis,\r\n            c.NMCUST AS nama,\r\n            COALESCE(b.PAIDDT, b.FTGLTagihan) AS tanggal\r\n        FROM scctbill_detail d\r\n        INNER JOIN scctbill b\r\n            ON b.BILLCD = d.BILLCD AND b.CUSTID = d.CUSTID\r\n        INNER JOIN scctcust c\r\n            ON c.CUSTID = b.CUSTID\r\n        LEFT JOIN u_akun ua\r\n            ON ua.KodeAkun = d.KodePost\r\n        WHERE 1=1\r\n     ORDER BY tanggal DESC, nis ASC LIMIT :limit OFFSET :offset "}
[2026-01-22 09:31:01] {"level":"INFO","event":"JWT_DECODED","payload":{"token":"eyJ0eXAiOiJKV1QiLCJhbGciOiJIUzI1NiJ9.eyJ0YW5nZ2FsX2Zyb20iOiIyMDI2LTAxLTAxIiwidGFuZ2dhbF90byI6IjIwMjYtMDEtMzEifQ.aA4rOGUu_VKGZgDE2dB83AkS1hF730DV7BxNSuTc67U","method":"getReport","tanggal_from":"2026-01-01","tanggal_to":"2026-01-31"}}
[2026-01-22 09:31:01] {"level":"INFO","event":"REQUEST","method":"POST","body":{"token":"eyJ0eXAiOiJKV1QiLCJhbGciOiJIUzI1NiJ9.eyJ0YW5nZ2FsX2Zyb20iOiIyMDI2LTAxLTAxIiwidGFuZ2dhbF90byI6IjIwMjYtMDEtMzEifQ.aA4rOGUu_VKGZgDE2dB83AkS1hF730DV7BxNSuTc67U","method":"getReport","tanggal_from":"2026-01-01","tanggal_to":"2026-01-31"}}
[2026-01-22 09:31:01] {"level":"INFO","event":"DB_CONFIG","host":"10.99.23.26","port":"3306","db":"batam_hidayatullah","user":"webtagihan","pass":"f@*********nG"}
[2026-01-22 09:31:01] {"level":"INFO","event":"SQL","params":{":from_dt1":"2026-01-01 00:00:00",":to_dt1":"2026-01-31 23:59:59",":from_dt2":"2026-01-01 00:00:00",":to_dt2":"2026-01-31 23:59:59"},"query":"\r\n        SELECT\r\n            c.CODE02 AS unit,\r\n            c.DESC02 AS kelas,\r\n            c.DESC03 AS kelompok,\r\n            c.DESC04 AS tahun_angkatan,\r\n            d.KodePost AS kode,\r\n            b.BILLNM AS nama_tagihan,\r\n            d.BILLAM AS jumlah,\r\n            ua.NamaAkun AS namapost,\r\n            c.NUM2ND AS no_pend,\r\n            c.NOCUST AS nis,\r\n            c.NMCUST AS nama,\r\n            COALESCE(b.PAIDDT, b.FTGLTagihan) AS tanggal\r\n        FROM scctbill_detail d\r\n        INNER JOIN scctbill b\r\n            ON b.BILLCD = d.BILLCD AND b.CUSTID = d.CUSTID\r\n        INNER JOIN scctcust c\r\n            ON c.CUSTID = b.CUSTID\r\n        LEFT JOIN u_akun ua\r\n            ON ua.KodeAkun = d.KodePost\r\n        WHERE 1=1\r\n    \r\n            AND (\r\n                (b.PAIDDT IS NOT NULL AND b.PAIDDT BETWEEN :from_dt1 AND :to_dt1)\r\n                OR\r\n                (b.PAIDDT IS NULL AND b.FTGLTagihan BETWEEN :from_dt2 AND :to_dt2)\r\n            )\r\n         ORDER BY tanggal DESC, nis ASC LIMIT :limit OFFSET :offset "}
[2026-01-22 09:32:06] {"level":"INFO","event":"JWT_DECODED","payload":{"token":"eyJ0eXAiOiJKV1QiLCJhbGciOiJIUzI1NiJ9.eyJ0YW5nZ2FsX2Zyb20iOiIyMDI2LTAxLTIwIiwidGFuZ2dhbF90byI6IjIwMjYtMDEtMjIifQ.lcSuBACOeid2mUsR9vWGhyclKL7ne3oxrvANvQpiqTw","method":"getReport","tanggal_from":"2026-01-20","tanggal_to":"2026-01-22"}}
[2026-01-22 09:32:06] {"level":"INFO","event":"REQUEST","method":"POST","body":{"token":"eyJ0eXAiOiJKV1QiLCJhbGciOiJIUzI1NiJ9.eyJ0YW5nZ2FsX2Zyb20iOiIyMDI2LTAxLTIwIiwidGFuZ2dhbF90byI6IjIwMjYtMDEtMjIifQ.lcSuBACOeid2mUsR9vWGhyclKL7ne3oxrvANvQpiqTw","method":"getReport","tanggal_from":"2026-01-20","tanggal_to":"2026-01-22"}}
[2026-01-22 09:32:06] {"level":"INFO","event":"DB_CONFIG","host":"10.99.23.26","port":"3306","db":"batam_hidayatullah","user":"webtagihan","pass":"f@*********nG"}
[2026-01-22 09:32:06] {"level":"INFO","event":"SQL","params":{":from_dt1":"2026-01-20 00:00:00",":to_dt1":"2026-01-22 23:59:59",":from_dt2":"2026-01-20 00:00:00",":to_dt2":"2026-01-22 23:59:59"},"query":"\r\n        SELECT\r\n            c.CODE02 AS unit,\r\n            c.DESC02 AS kelas,\r\n            c.DESC03 AS kelompok,\r\n            c.DESC04 AS tahun_angkatan,\r\n            d.KodePost AS kode,\r\n            b.BILLNM AS nama_tagihan,\r\n            d.BILLAM AS jumlah,\r\n            ua.NamaAkun AS namapost,\r\n            c.NUM2ND AS no_pend,\r\n            c.NOCUST AS nis,\r\n            c.NMCUST AS nama,\r\n            COALESCE(b.PAIDDT, b.FTGLTagihan) AS tanggal\r\n        FROM scctbill_detail d\r\n        INNER JOIN scctbill b\r\n            ON b.BILLCD = d.BILLCD AND b.CUSTID = d.CUSTID\r\n        INNER JOIN scctcust c\r\n            ON c.CUSTID = b.CUSTID\r\n        LEFT JOIN u_akun ua\r\n            ON ua.KodeAkun = d.KodePost\r\n        WHERE 1=1\r\n    \r\n            AND (\r\n                (b.PAIDDT IS NOT NULL AND b.PAIDDT BETWEEN :from_dt1 AND :to_dt1)\r\n                OR\r\n                (b.PAIDDT IS NULL AND b.FTGLTagihan BETWEEN :from_dt2 AND :to_dt2)\r\n            )\r\n         ORDER BY tanggal DESC, nis ASC LIMIT :limit OFFSET :offset "}
[2026-01-22 09:42:50] {"level":"INFO","event":"JWT_DECODED","payload":{"token":"eyJ0eXAiOiJKV1QiLCJhbGciOiJIUzI1NiJ9.W10.K5NzDrsFlsvlHx-kJm4eKJ__Qcjw3KkNygXMUm4h0HQ","method":"getReport"}}
[2026-01-22 09:42:50] {"level":"INFO","event":"REQUEST","method":"POST","body":{"token":"eyJ0eXAiOiJKV1QiLCJhbGciOiJIUzI1NiJ9.W10.K5NzDrsFlsvlHx-kJm4eKJ__Qcjw3KkNygXMUm4h0HQ","method":"getReport"}}
[2026-01-22 09:42:50] {"level":"INFO","event":"DB_CONFIG","host":"10.99.23.26","port":"3306","db":"batam_hidayatullah","user":"webtagihan","pass":"f@*********nG"}
[2026-01-22 09:42:50] {"level":"INFO","event":"SQL","params":[],"query":"\r\n        SELECT\r\n            c.CODE02 AS unit,\r\n            c.DESC02 AS kelas,\r\n            c.DESC03 AS kelompok,\r\n            c.DESC04 AS tahun_angkatan,\r\n            d.KodePost AS kode,\r\n            b.BILLNM AS nama_tagihan,\r\n            d.BILLAM AS jumlah,\r\n            ua.NamaAkun AS namapost,\r\n            c.NUM2ND AS no_pend,\r\n            c.NOCUST AS nis,\r\n            c.NMCUST AS nama,\r\n            COALESCE(b.PAIDDT, b.FTGLTagihan) AS tanggal\r\n        FROM scctbill_detail d\r\n        INNER JOIN scctbill b\r\n            ON b.BILLCD = d.BILLCD AND b.CUSTID = d.CUSTID\r\n        INNER JOIN scctcust c\r\n            ON c.CUSTID = b.CUSTID\r\n        LEFT JOIN u_akun ua\r\n            ON ua.KodeAkun = d.KodePost\r\n        WHERE 1=1\r\n     ORDER BY tanggal DESC, nis ASC LIMIT :limit OFFSET :offset "}
[2026-01-22 09:43:19] {"level":"INFO","event":"JWT_DECODED","payload":{"token":"eyJ0eXAiOiJKV1QiLCJhbGciOiJIUzI1NiJ9.eyJ0YW5nZ2FsX2Zyb20iOiIyMDI2LTAxLTIxIiwidGFuZ2dhbF90byI6IjIwMjYtMDEtMjIifQ.a7x4VwbHCqxzMYtu7bpvDHbmaUe9xlNgtDV9M2TB3y4","method":"getReport","tanggal_from":"2026-01-21","tanggal_to":"2026-01-22"}}
[2026-01-22 09:43:19] {"level":"INFO","event":"REQUEST","method":"POST","body":{"token":"eyJ0eXAiOiJKV1QiLCJhbGciOiJIUzI1NiJ9.eyJ0YW5nZ2FsX2Zyb20iOiIyMDI2LTAxLTIxIiwidGFuZ2dhbF90byI6IjIwMjYtMDEtMjIifQ.a7x4VwbHCqxzMYtu7bpvDHbmaUe9xlNgtDV9M2TB3y4","method":"getReport","tanggal_from":"2026-01-21","tanggal_to":"2026-01-22"}}
[2026-01-22 09:43:19] {"level":"INFO","event":"DB_CONFIG","host":"10.99.23.26","port":"3306","db":"batam_hidayatullah","user":"webtagihan","pass":"f@*********nG"}
[2026-01-22 09:43:20] {"level":"INFO","event":"SQL","params":{":from_dt1":"2026-01-21 00:00:00",":to_dt1":"2026-01-22 23:59:59",":from_dt2":"2026-01-21 00:00:00",":to_dt2":"2026-01-22 23:59:59"},"query":"\r\n        SELECT\r\n            c.CODE02 AS unit,\r\n            c.DESC02 AS kelas,\r\n            c.DESC03 AS kelompok,\r\n            c.DESC04 AS tahun_angkatan,\r\n            d.KodePost AS kode,\r\n            b.BILLNM AS nama_tagihan,\r\n            d.BILLAM AS jumlah,\r\n            ua.NamaAkun AS namapost,\r\n            c.NUM2ND AS no_pend,\r\n            c.NOCUST AS nis,\r\n            c.NMCUST AS nama,\r\n            COALESCE(b.PAIDDT, b.FTGLTagihan) AS tanggal\r\n        FROM scctbill_detail d\r\n        INNER JOIN scctbill b\r\n            ON b.BILLCD = d.BILLCD AND b.CUSTID = d.CUSTID\r\n        INNER JOIN scctcust c\r\n            ON c.CUSTID = b.CUSTID\r\n        LEFT JOIN u_akun ua\r\n            ON ua.KodeAkun = d.KodePost\r\n        WHERE 1=1\r\n    \r\n            AND (\r\n                (b.PAIDDT IS NOT NULL AND b.PAIDDT BETWEEN :from_dt1 AND :to_dt1)\r\n                OR\r\n                (b.PAIDDT IS NULL AND b.FTGLTagihan BETWEEN :from_dt2 AND :to_dt2)\r\n            )\r\n         ORDER BY tanggal DESC, nis ASC LIMIT :limit OFFSET :offset "}
[2026-01-22 09:43:30] {"level":"INFO","event":"JWT_DECODED","payload":{"token":"eyJ0eXAiOiJKV1QiLCJhbGciOiJIUzI1NiJ9.eyJ0YW5nZ2FsX2Zyb20iOiIyMDI2LTAxLTIxIiwidGFuZ2dhbF90byI6IjIwMjYtMDEtMjIifQ.a7x4VwbHCqxzMYtu7bpvDHbmaUe9xlNgtDV9M2TB3y4","method":"getReport","tanggal_from":"2026-01-21","tanggal_to":"2026-01-22"}}
[2026-01-22 09:43:30] {"level":"INFO","event":"REQUEST","method":"POST","body":{"token":"eyJ0eXAiOiJKV1QiLCJhbGciOiJIUzI1NiJ9.eyJ0YW5nZ2FsX2Zyb20iOiIyMDI2LTAxLTIxIiwidGFuZ2dhbF90byI6IjIwMjYtMDEtMjIifQ.a7x4VwbHCqxzMYtu7bpvDHbmaUe9xlNgtDV9M2TB3y4","method":"getReport","tanggal_from":"2026-01-21","tanggal_to":"2026-01-22"}}
[2026-01-22 09:43:30] {"level":"INFO","event":"DB_CONFIG","host":"10.99.23.26","port":"3306","db":"batam_hidayatullah","user":"webtagihan","pass":"f@*********nG"}
[2026-01-22 09:43:30] {"level":"INFO","event":"SQL","params":{":from_dt1":"2026-01-21 00:00:00",":to_dt1":"2026-01-22 23:59:59",":from_dt2":"2026-01-21 00:00:00",":to_dt2":"2026-01-22 23:59:59"},"query":"\r\n        SELECT\r\n            c.CODE02 AS unit,\r\n            c.DESC02 AS kelas,\r\n            c.DESC03 AS kelompok,\r\n            c.DESC04 AS tahun_angkatan,\r\n            d.KodePost AS kode,\r\n            b.BILLNM AS nama_tagihan,\r\n            d.BILLAM AS jumlah,\r\n            ua.NamaAkun AS namapost,\r\n            c.NUM2ND AS no_pend,\r\n            c.NOCUST AS nis,\r\n            c.NMCUST AS nama,\r\n            COALESCE(b.PAIDDT, b.FTGLTagihan) AS tanggal\r\n        FROM scctbill_detail d\r\n        INNER JOIN scctbill b\r\n            ON b.BILLCD = d.BILLCD AND b.CUSTID = d.CUSTID\r\n        INNER JOIN scctcust c\r\n            ON c.CUSTID = b.CUSTID\r\n        LEFT JOIN u_akun ua\r\n            ON ua.KodeAkun = d.KodePost\r\n        WHERE 1=1\r\n    \r\n            AND (\r\n                (b.PAIDDT IS NOT NULL AND b.PAIDDT BETWEEN :from_dt1 AND :to_dt1)\r\n                OR\r\n                (b.PAIDDT IS NULL AND b.FTGLTagihan BETWEEN :from_dt2 AND :to_dt2)\r\n            )\r\n         ORDER BY tanggal DESC, nis ASC LIMIT :limit OFFSET :offset "}
[2026-01-22 10:15:57] {"level":"INFO","event":"JWT_DECODED","payload":{"token":"eyJ0eXAiOiJKV1QiLCJhbGciOiJIUzI1NiJ9.W10.K5NzDrsFlsvlHx-kJm4eKJ__Qcjw3KkNygXMUm4h0HQ","method":"getReport"}}
[2026-01-22 10:15:57] {"level":"INFO","event":"REQUEST","method":"POST","body":{"token":"eyJ0eXAiOiJKV1QiLCJhbGciOiJIUzI1NiJ9.W10.K5NzDrsFlsvlHx-kJm4eKJ__Qcjw3KkNygXMUm4h0HQ","method":"getReport"}}
[2026-01-22 10:15:57] {"level":"INFO","event":"DB_CONFIG","host":"10.99.23.26","port":"3306","db":"batam_hidayatullah","user":"webtagihan","pass":"f@*********nG"}
[2026-01-22 10:15:57] {"level":"INFO","event":"SQL","params":[],"query":"\r\n        SELECT\r\n            c.CODE02 AS unit,\r\n            c.DESC02 AS kelas,\r\n            c.DESC03 AS kelompok,\r\n            c.DESC04 AS tahun_angkatan,\r\n            d.KodePost AS kode,\r\n            b.BILLNM AS nama_tagihan,\r\n            d.BILLAM AS jumlah,\r\n            ua.NamaAkun AS namapost,\r\n            c.NUM2ND AS no_pend,\r\n            c.NOCUST AS nis,\r\n            c.NMCUST AS nama,\r\n            COALESCE(b.PAIDDT, b.FTGLTagihan) AS tanggal\r\n        FROM scctbill_detail d\r\n        INNER JOIN scctbill b\r\n            ON b.BILLCD = d.BILLCD AND b.CUSTID = d.CUSTID\r\n        INNER JOIN scctcust c\r\n            ON c.CUSTID = b.CUSTID\r\n        LEFT JOIN u_akun ua\r\n            ON ua.KodeAkun = d.KodePost\r\n        WHERE 1=1\r\n     ORDER BY tanggal DESC, nis ASC LIMIT :limit OFFSET :offset "}
[2026-01-22 10:16:10] {"level":"INFO","event":"JWT_DECODED","payload":{"token":"eyJ0eXAiOiJKV1QiLCJhbGciOiJIUzI1NiJ9.eyJ0YW5nZ2FsX2Zyb20iOiIyMDI2LTAxLTIyIiwidGFuZ2dhbF90byI6IjIwMjYtMDEtMjIifQ.z4Xi5V46FRvKI_Pa2V_FSvm6Qxkh1mo-OFDRP3UlAnw","method":"getReport","tanggal_from":"2026-01-22","tanggal_to":"2026-01-22"}}
[2026-01-22 10:16:10] {"level":"INFO","event":"REQUEST","method":"POST","body":{"token":"eyJ0eXAiOiJKV1QiLCJhbGciOiJIUzI1NiJ9.eyJ0YW5nZ2FsX2Zyb20iOiIyMDI2LTAxLTIyIiwidGFuZ2dhbF90byI6IjIwMjYtMDEtMjIifQ.z4Xi5V46FRvKI_Pa2V_FSvm6Qxkh1mo-OFDRP3UlAnw","method":"getReport","tanggal_from":"2026-01-22","tanggal_to":"2026-01-22"}}
[2026-01-22 10:16:10] {"level":"INFO","event":"DB_CONFIG","host":"10.99.23.26","port":"3306","db":"batam_hidayatullah","user":"webtagihan","pass":"f@*********nG"}
[2026-01-22 10:16:10] {"level":"INFO","event":"SQL","params":{":from_dt1":"2026-01-22 00:00:00",":to_dt1":"2026-01-22 23:59:59",":from_dt2":"2026-01-22 00:00:00",":to_dt2":"2026-01-22 23:59:59"},"query":"\r\n        SELECT\r\n            c.CODE02 AS unit,\r\n            c.DESC02 AS kelas,\r\n            c.DESC03 AS kelompok,\r\n            c.DESC04 AS tahun_angkatan,\r\n            d.KodePost AS kode,\r\n            b.BILLNM AS nama_tagihan,\r\n            d.BILLAM AS jumlah,\r\n            ua.NamaAkun AS namapost,\r\n            c.NUM2ND AS no_pend,\r\n            c.NOCUST AS nis,\r\n            c.NMCUST AS nama,\r\n            COALESCE(b.PAIDDT, b.FTGLTagihan) AS tanggal\r\n        FROM scctbill_detail d\r\n        INNER JOIN scctbill b\r\n            ON b.BILLCD = d.BILLCD AND b.CUSTID = d.CUSTID\r\n        INNER JOIN scctcust c\r\n            ON c.CUSTID = b.CUSTID\r\n        LEFT JOIN u_akun ua\r\n            ON ua.KodeAkun = d.KodePost\r\n        WHERE 1=1\r\n    \r\n            AND (\r\n                (b.PAIDDT IS NOT NULL AND b.PAIDDT BETWEEN :from_dt1 AND :to_dt1)\r\n                OR\r\n                (b.PAIDDT IS NULL AND b.FTGLTagihan BETWEEN :from_dt2 AND :to_dt2)\r\n            )\r\n         ORDER BY tanggal DESC, nis ASC LIMIT :limit OFFSET :offset "}
[2026-01-22 10:16:18] {"level":"INFO","event":"JWT_DECODED","payload":{"token":"eyJ0eXAiOiJKV1QiLCJhbGciOiJIUzI1NiJ9.eyJ0YW5nZ2FsX2Zyb20iOiIyMDI2LTAxLTIyIiwidGFuZ2dhbF90byI6IjIwMjYtMDEtMjIifQ.z4Xi5V46FRvKI_Pa2V_FSvm6Qxkh1mo-OFDRP3UlAnw","method":"getReport","tanggal_from":"2026-01-22","tanggal_to":"2026-01-22"}}
[2026-01-22 10:16:18] {"level":"INFO","event":"REQUEST","method":"POST","body":{"token":"eyJ0eXAiOiJKV1QiLCJhbGciOiJIUzI1NiJ9.eyJ0YW5nZ2FsX2Zyb20iOiIyMDI2LTAxLTIyIiwidGFuZ2dhbF90byI6IjIwMjYtMDEtMjIifQ.z4Xi5V46FRvKI_Pa2V_FSvm6Qxkh1mo-OFDRP3UlAnw","method":"getReport","tanggal_from":"2026-01-22","tanggal_to":"2026-01-22"}}
[2026-01-22 10:16:18] {"level":"INFO","event":"DB_CONFIG","host":"10.99.23.26","port":"3306","db":"batam_hidayatullah","user":"webtagihan","pass":"f@*********nG"}
[2026-01-22 10:16:19] {"level":"INFO","event":"SQL","params":{":from_dt1":"2026-01-22 00:00:00",":to_dt1":"2026-01-22 23:59:59",":from_dt2":"2026-01-22 00:00:00",":to_dt2":"2026-01-22 23:59:59"},"query":"\r\n        SELECT\r\n            c.CODE02 AS unit,\r\n            c.DESC02 AS kelas,\r\n            c.DESC03 AS kelompok,\r\n            c.DESC04 AS tahun_angkatan,\r\n            d.KodePost AS kode,\r\n            b.BILLNM AS nama_tagihan,\r\n            d.BILLAM AS jumlah,\r\n            ua.NamaAkun AS namapost,\r\n            c.NUM2ND AS no_pend,\r\n            c.NOCUST AS nis,\r\n            c.NMCUST AS nama,\r\n            COALESCE(b.PAIDDT, b.FTGLTagihan) AS tanggal\r\n        FROM scctbill_detail d\r\n        INNER JOIN scctbill b\r\n            ON b.BILLCD = d.BILLCD AND b.CUSTID = d.CUSTID\r\n        INNER JOIN scctcust c\r\n            ON c.CUSTID = b.CUSTID\r\n        LEFT JOIN u_akun ua\r\n            ON ua.KodeAkun = d.KodePost\r\n        WHERE 1=1\r\n    \r\n            AND (\r\n                (b.PAIDDT IS NOT NULL AND b.PAIDDT BETWEEN :from_dt1 AND :to_dt1)\r\n                OR\r\n                (b.PAIDDT IS NULL AND b.FTGLTagihan BETWEEN :from_dt2 AND :to_dt2)\r\n            )\r\n         ORDER BY tanggal DESC, nis ASC LIMIT :limit OFFSET :offset "}
[2026-01-22 10:16:58] {"level":"INFO","event":"REQUEST","method":"GET","body":[]}
[2026-01-22 10:16:58] {"level":"INFO","event":"DB_CONFIG","host":"10.99.23.26","port":"3306","db":"batam_hidayatullah","user":"webtagihan","pass":"f@*********nG"}
[2026-01-22 10:16:58] {"level":"INFO","event":"SQL","params":[],"query":"\r\n        SELECT\r\n            c.CODE02 AS unit,\r\n            c.DESC02 AS kelas,\r\n            c.DESC03 AS kelompok,\r\n            c.DESC04 AS tahun_angkatan,\r\n            d.KodePost AS kode,\r\n            b.BILLNM AS nama_tagihan,\r\n            d.BILLAM AS jumlah,\r\n            ua.NamaAkun AS namapost,\r\n            c.NUM2ND AS no_pend,\r\n            c.NOCUST AS nis,\r\n            c.NMCUST AS nama,\r\n            COALESCE(b.PAIDDT, b.FTGLTagihan) AS tanggal\r\n        FROM scctbill_detail d\r\n        INNER JOIN scctbill b\r\n            ON b.BILLCD = d.BILLCD AND b.CUSTID = d.CUSTID\r\n        INNER JOIN scctcust c\r\n            ON c.CUSTID = b.CUSTID\r\n        LEFT JOIN u_akun ua\r\n            ON ua.KodeAkun = d.KodePost\r\n        WHERE 1=1\r\n     ORDER BY tanggal DESC, nis ASC LIMIT :limit OFFSET :offset "}
[2026-01-22 10:16:58] {"level":"INFO","event":"REQUEST","method":"GET","body":[]}
[2026-01-22 10:16:58] {"level":"INFO","event":"DB_CONFIG","host":"10.99.23.26","port":"3306","db":"batam_hidayatullah","user":"webtagihan","pass":"f@*********nG"}
[2026-01-22 10:16:58] {"level":"INFO","event":"SQL","params":[],"query":"\r\n        SELECT\r\n            c.CODE02 AS unit,\r\n            c.DESC02 AS kelas,\r\n            c.DESC03 AS kelompok,\r\n            c.DESC04 AS tahun_angkatan,\r\n            d.KodePost AS kode,\r\n            b.BILLNM AS nama_tagihan,\r\n            d.BILLAM AS jumlah,\r\n            ua.NamaAkun AS namapost,\r\n            c.NUM2ND AS no_pend,\r\n            c.NOCUST AS nis,\r\n            c.NMCUST AS nama,\r\n            COALESCE(b.PAIDDT, b.FTGLTagihan) AS tanggal\r\n        FROM scctbill_detail d\r\n        INNER JOIN scctbill b\r\n            ON b.BILLCD = d.BILLCD AND b.CUSTID = d.CUSTID\r\n        INNER JOIN scctcust c\r\n            ON c.CUSTID = b.CUSTID\r\n        LEFT JOIN u_akun ua\r\n            ON ua.KodeAkun = d.KodePost\r\n        WHERE 1=1\r\n     ORDER BY tanggal DESC, nis ASC LIMIT :limit OFFSET :offset "}
[2026-01-22 10:21:06] {"level":"INFO","event":"JWT_DECODED","payload":{"token":"eyJ0eXAiOiJKV1QiLCJhbGciOiJIUzI1NiJ9.W10.K5NzDrsFlsvlHx-kJm4eKJ__Qcjw3KkNygXMUm4h0HQ","method":"getReport"}}
[2026-01-22 10:21:06] {"level":"INFO","event":"REQUEST","method":"POST","body":{"token":"eyJ0eXAiOiJKV1QiLCJhbGciOiJIUzI1NiJ9.W10.K5NzDrsFlsvlHx-kJm4eKJ__Qcjw3KkNygXMUm4h0HQ","method":"getReport"}}
[2026-01-22 10:21:06] {"level":"INFO","event":"DB_CONFIG","host":"10.99.23.26","port":"3306","db":"batam_hidayatullah","user":"webtagihan","pass":"f@*********nG"}
[2026-01-22 10:21:06] {"level":"INFO","event":"SQL","params":[],"query":"\r\n        SELECT\r\n            c.CODE02 AS unit,\r\n            c.DESC02 AS kelas,\r\n            c.DESC03 AS kelompok,\r\n            c.DESC04 AS tahun_angkatan,\r\n            d.KodePost AS kode,\r\n            b.BILLNM AS nama_tagihan,\r\n            d.BILLAM AS jumlah,\r\n            ua.NamaAkun AS namapost,\r\n            c.NUM2ND AS no_pend,\r\n            c.NOCUST AS nis,\r\n            c.NMCUST AS nama,\r\n            COALESCE(b.PAIDDT, b.FTGLTagihan) AS tanggal\r\n        FROM scctbill_detail d\r\n        INNER JOIN scctbill b\r\n            ON b.BILLCD = d.BILLCD AND b.CUSTID = d.CUSTID\r\n        INNER JOIN scctcust c\r\n            ON c.CUSTID = b.CUSTID\r\n        LEFT JOIN u_akun ua\r\n            ON ua.KodeAkun = d.KodePost\r\n        WHERE 1=1\r\n     ORDER BY tanggal DESC, nis ASC LIMIT :limit OFFSET :offset "}
[2026-01-22 17:15:49] {"level":"INFO","event":"JWT_DECODED","payload":{"token":"eyJ0eXAiOiJKV1QiLCJhbGciOiJIUzI1NiJ9.eyJ0YWh1bl9ha2FkZW1payI6IjIwMjVcLzIwMjYgLSBHRU5BUCIsInRhaHVuX2FuZ2thdGFuIjoiMjAyNVwvMjAyNiAtIEdBTkpJTCJ9.qMGQA4JyNqLoVCvyuIFXp-cXigf0hFiCrK8RzYcMq3c","method":"getReport","tahun_akademik":"2025/2026 - GENAP","tahun_angkatan":"2025/2026 - GANJIL"}}
[2026-01-22 17:15:49] {"level":"INFO","event":"REQUEST","method":"POST","body":{"token":"eyJ0eXAiOiJKV1QiLCJhbGciOiJIUzI1NiJ9.eyJ0YWh1bl9ha2FkZW1payI6IjIwMjVcLzIwMjYgLSBHRU5BUCIsInRhaHVuX2FuZ2thdGFuIjoiMjAyNVwvMjAyNiAtIEdBTkpJTCJ9.qMGQA4JyNqLoVCvyuIFXp-cXigf0hFiCrK8RzYcMq3c","method":"getReport","tahun_akademik":"2025/2026 - GENAP","tahun_angkatan":"2025/2026 - GANJIL"}}
[2026-01-22 17:15:49] {"level":"INFO","event":"DB_CONFIG","host":"10.99.23.26","port":"3306","db":"batam_hidayatullah","user":"webtagihan","pass":"f@*********nG"}
[2026-01-22 17:15:49] {"level":"INFO","event":"SQL","params":{":tahun_akademik":"2025/2026 - GENAP",":tahun_angkatan":"2025/2026 - GANJIL"},"query":"\r\n        SELECT\r\n            c.CODE02 AS unit,\r\n            c.DESC02 AS kelas,\r\n            c.DESC03 AS kelompok,\r\n            c.DESC04 AS tahun_angkatan,\r\n            d.KodePost AS kode,\r\n            b.BILLNM AS nama_tagihan,\r\n            d.BILLAM AS jumlah,\r\n            ua.NamaAkun AS namapost,\r\n            c.NUM2ND AS no_pend,\r\n            c.NOCUST AS nis,\r\n            c.NMCUST AS nama,\r\n            COALESCE(b.PAIDDT, b.FTGLTagihan) AS tanggal\r\n        FROM scctbill_detail d\r\n        INNER JOIN scctbill b\r\n            ON b.BILLCD = d.BILLCD AND b.CUSTID = d.CUSTID\r\n        INNER JOIN scctcust c\r\n            ON c.CUSTID = b.CUSTID\r\n        LEFT JOIN u_akun ua\r\n            ON ua.KodeAkun = d.KodePost\r\n        WHERE 1=1\r\n     AND b.BTA = :tahun_akademik  AND c.DESC04 = :tahun_angkatan  ORDER BY tanggal DESC, nis ASC LIMIT :limit OFFSET :offset "}
[2026-01-22 17:16:15] {"level":"INFO","event":"JWT_DECODED","payload":{"token":"eyJ0eXAiOiJKV1QiLCJhbGciOiJIUzI1NiJ9.eyJ0YWh1bl9ha2FkZW1payI6IjIwMjVcLzIwMjYgLSBHRU5BUCIsInRhaHVuX2FuZ2thdGFuIjoiMjAyNVwvMjAyNiAtIEdBTkpJTCJ9.qMGQA4JyNqLoVCvyuIFXp-cXigf0hFiCrK8RzYcMq3c","method":"getReport","tahun_akademik":"2025/2026 - GENAP","tahun_angkatan":"2025/2026 - GANJIL"}}
[2026-01-22 17:16:15] {"level":"INFO","event":"REQUEST","method":"POST","body":{"token":"eyJ0eXAiOiJKV1QiLCJhbGciOiJIUzI1NiJ9.eyJ0YWh1bl9ha2FkZW1payI6IjIwMjVcLzIwMjYgLSBHRU5BUCIsInRhaHVuX2FuZ2thdGFuIjoiMjAyNVwvMjAyNiAtIEdBTkpJTCJ9.qMGQA4JyNqLoVCvyuIFXp-cXigf0hFiCrK8RzYcMq3c","method":"getReport","tahun_akademik":"2025/2026 - GENAP","tahun_angkatan":"2025/2026 - GANJIL"}}
[2026-01-22 17:16:15] {"level":"INFO","event":"DB_CONFIG","host":"10.99.23.26","port":"3306","db":"batam_hidayatullah","user":"webtagihan","pass":"f@*********nG"}
[2026-01-22 17:16:15] {"level":"INFO","event":"SQL","params":{":tahun_akademik":"2025/2026 - GENAP",":tahun_angkatan":"2025/2026 - GANJIL"},"query":"\r\n        SELECT\r\n            c.CODE02 AS unit,\r\n            c.DESC02 AS kelas,\r\n            c.DESC03 AS kelompok,\r\n            c.DESC04 AS tahun_angkatan,\r\n            d.KodePost AS kode,\r\n            b.BILLNM AS nama_tagihan,\r\n            d.BILLAM AS jumlah,\r\n            ua.NamaAkun AS namapost,\r\n            c.NUM2ND AS no_pend,\r\n            c.NOCUST AS nis,\r\n            c.NMCUST AS nama,\r\n            COALESCE(b.PAIDDT, b.FTGLTagihan) AS tanggal\r\n        FROM scctbill_detail d\r\n        INNER JOIN scctbill b\r\n            ON b.BILLCD = d.BILLCD AND b.CUSTID = d.CUSTID\r\n        INNER JOIN scctcust c\r\n            ON c.CUSTID = b.CUSTID\r\n        LEFT JOIN u_akun ua\r\n            ON ua.KodeAkun = d.KodePost\r\n        WHERE 1=1\r\n     AND b.BTA = :tahun_akademik  AND c.DESC04 = :tahun_angkatan  ORDER BY tanggal DESC, nis ASC LIMIT :limit OFFSET :offset "}
[2026-01-22 17:16:44] {"level":"INFO","event":"JWT_DECODED","payload":{"token":"eyJ0eXAiOiJKV1QiLCJhbGciOiJIUzI1NiJ9.eyJ0YWh1bl9ha2FkZW1payI6IjIwMjVcLzIwMjYgLSBHRU5BUCIsInRhaHVuX2FuZ2thdGFuIjoiMjAyNVwvMjAyNiAtIEdBTkpJTCJ9.qMGQA4JyNqLoVCvyuIFXp-cXigf0hFiCrK8RzYcMq3c","method":"getReport","tahun_akademik":"2025/2026 - GENAP","tahun_angkatan":"2025/2026 - GANJIL"}}
[2026-01-22 17:16:44] {"level":"INFO","event":"REQUEST","method":"POST","body":{"token":"eyJ0eXAiOiJKV1QiLCJhbGciOiJIUzI1NiJ9.eyJ0YWh1bl9ha2FkZW1payI6IjIwMjVcLzIwMjYgLSBHRU5BUCIsInRhaHVuX2FuZ2thdGFuIjoiMjAyNVwvMjAyNiAtIEdBTkpJTCJ9.qMGQA4JyNqLoVCvyuIFXp-cXigf0hFiCrK8RzYcMq3c","method":"getReport","tahun_akademik":"2025/2026 - GENAP","tahun_angkatan":"2025/2026 - GANJIL"}}
[2026-01-22 17:16:44] {"level":"INFO","event":"DB_CONFIG","host":"10.99.23.26","port":"3306","db":"batam_hidayatullah","user":"webtagihan","pass":"f@*********nG"}
[2026-01-22 17:16:44] {"level":"INFO","event":"SQL","params":{":tahun_akademik":"2025/2026 - GENAP",":tahun_angkatan":"2025/2026 - GANJIL"},"query":"\r\n        SELECT\r\n            c.CODE02 AS unit,\r\n            c.DESC02 AS kelas,\r\n            c.DESC03 AS kelompok,\r\n            c.DESC04 AS tahun_angkatan,\r\n            d.KodePost AS kode,\r\n            b.BILLNM AS nama_tagihan,\r\n            d.BILLAM AS jumlah,\r\n            ua.NamaAkun AS namapost,\r\n            c.NUM2ND AS no_pend,\r\n            c.NOCUST AS nis,\r\n            c.NMCUST AS nama,\r\n            COALESCE(b.PAIDDT, b.FTGLTagihan) AS tanggal\r\n        FROM scctbill_detail d\r\n        INNER JOIN scctbill b\r\n            ON b.BILLCD = d.BILLCD AND b.CUSTID = d.CUSTID\r\n        INNER JOIN scctcust c\r\n            ON c.CUSTID = b.CUSTID\r\n        LEFT JOIN u_akun ua\r\n            ON ua.KodeAkun = d.KodePost\r\n        WHERE 1=1\r\n     AND b.BTA = :tahun_akademik  AND c.DESC04 = :tahun_angkatan  ORDER BY tanggal DESC, nis ASC LIMIT :limit OFFSET :offset "}
[2026-01-22 17:20:01] {"level":"INFO","event":"JWT_DECODED","payload":{"token":"eyJ0eXAiOiJKV1QiLCJhbGciOiJIUzI1NiJ9.W10.K5NzDrsFlsvlHx-kJm4eKJ__Qcjw3KkNygXMUm4h0HQ","method":"getReport"}}
[2026-01-22 17:20:01] {"level":"INFO","event":"REQUEST","method":"POST","body":{"token":"eyJ0eXAiOiJKV1QiLCJhbGciOiJIUzI1NiJ9.W10.K5NzDrsFlsvlHx-kJm4eKJ__Qcjw3KkNygXMUm4h0HQ","method":"getReport"}}
[2026-01-22 17:20:01] {"level":"INFO","event":"DB_CONFIG","host":"10.99.23.26","port":"3306","db":"batam_hidayatullah","user":"webtagihan","pass":"f@*********nG"}
[2026-01-22 17:20:01] {"level":"INFO","event":"SQL","params":[],"query":"\r\n        SELECT\r\n            c.CODE02 AS unit,\r\n            c.DESC02 AS kelas,\r\n            c.DESC03 AS kelompok,\r\n            c.DESC04 AS tahun_angkatan,\r\n            d.KodePost AS kode,\r\n            b.BILLNM AS nama_tagihan,\r\n            d.BILLAM AS jumlah,\r\n            ua.NamaAkun AS namapost,\r\n            c.NUM2ND AS no_pend,\r\n            c.NOCUST AS nis,\r\n            c.NMCUST AS nama,\r\n            COALESCE(b.PAIDDT, b.FTGLTagihan) AS tanggal\r\n        FROM scctbill_detail d\r\n        INNER JOIN scctbill b\r\n            ON b.BILLCD = d.BILLCD AND b.CUSTID = d.CUSTID\r\n        INNER JOIN scctcust c\r\n            ON c.CUSTID = b.CUSTID\r\n        LEFT JOIN u_akun ua\r\n            ON ua.KodeAkun = d.KodePost\r\n        WHERE 1=1\r\n     ORDER BY tanggal DESC, nis ASC LIMIT :limit OFFSET :offset "}
[2026-01-22 21:29:06] {"level":"INFO","event":"JWT_DECODED","payload":{"method":"getReport","token":"eyJ0eXAiOiJKV1QiLCJhbGciOiJIUzI1NiJ9.eyJ0YW5nZ2FsX2Zyb20iOiIyMDI2LTAxLTIwIiwidGFuZ2dhbF90byI6IjIwMjYtMDEtMjEifQ.baapWJFQyilC5hKSZqpk-EnD3zeMUc-r79iGuO7XkEw","tanggal_from":"2026-01-20","tanggal_to":"2026-01-21"}}
[2026-01-22 21:29:06] {"level":"INFO","event":"REQUEST","method":"POST","body":{"method":"getReport","token":"eyJ0eXAiOiJKV1QiLCJhbGciOiJIUzI1NiJ9.eyJ0YW5nZ2FsX2Zyb20iOiIyMDI2LTAxLTIwIiwidGFuZ2dhbF90byI6IjIwMjYtMDEtMjEifQ.baapWJFQyilC5hKSZqpk-EnD3zeMUc-r79iGuO7XkEw","tanggal_from":"2026-01-20","tanggal_to":"2026-01-21"}}
[2026-01-22 21:29:06] {"level":"INFO","event":"DB_CONFIG","host":"10.99.23.26","port":"3306","db":"batam_hidayatullah","user":"webtagihan","pass":"f@*********nG"}
[2026-01-22 21:29:06] {"level":"INFO","event":"SQL","params":{":from_dt1":"2026-01-20 00:00:00",":to_dt1":"2026-01-21 23:59:59",":from_dt2":"2026-01-20 00:00:00",":to_dt2":"2026-01-21 23:59:59"},"query":"\r\n        SELECT\r\n            c.CODE02 AS unit,\r\n            c.DESC02 AS kelas,\r\n            c.DESC03 AS kelompok,\r\n            c.DESC04 AS tahun_angkatan,\r\n            d.KodePost AS kode,\r\n            b.BILLNM AS nama_tagihan,\r\n            d.BILLAM AS jumlah,\r\n            ua.NamaAkun AS namapost,\r\n            c.NUM2ND AS no_pend,\r\n            c.NOCUST AS nis,\r\n            c.NMCUST AS nama,\r\n            COALESCE(b.PAIDDT, b.FTGLTagihan) AS tanggal\r\n        FROM scctbill_detail d\r\n        INNER JOIN scctbill b\r\n            ON b.BILLCD = d.BILLCD AND b.CUSTID = d.CUSTID\r\n        INNER JOIN scctcust c\r\n            ON c.CUSTID = b.CUSTID\r\n        LEFT JOIN u_akun ua\r\n            ON ua.KodeAkun = d.KodePost\r\n        WHERE 1=1\r\n    \r\n            AND (\r\n                (b.PAIDDT IS NOT NULL AND b.PAIDDT BETWEEN :from_dt1 AND :to_dt1)\r\n                OR\r\n                (b.PAIDDT IS NULL AND b.FTGLTagihan BETWEEN :from_dt2 AND :to_dt2)\r\n            )\r\n         ORDER BY tanggal DESC, nis ASC LIMIT :limit OFFSET :offset "}
[2026-01-22 21:32:01] {"level":"INFO","event":"JWT_DECODED","payload":{"method":"getKelas","token":"eyJ0eXAiOiJKV1QiLCJhbGciOiJIUzI1NiJ9.eyJ0YW5nZ2FsX2Zyb20iOiIyMDI2LTAxLTIwIiwidGFuZ2dhbF90byI6IjIwMjYtMDEtMjEifQ.baapWJFQyilC5hKSZqpk-EnD3zeMUc-r79iGuO7XkEw","tanggal_from":"2026-01-20","tanggal_to":"2026-01-21"}}
[2026-01-22 21:32:01] {"level":"INFO","event":"REQUEST","method":"POST","body":{"method":"getKelas","token":"eyJ0eXAiOiJKV1QiLCJhbGciOiJIUzI1NiJ9.eyJ0YW5nZ2FsX2Zyb20iOiIyMDI2LTAxLTIwIiwidGFuZ2dhbF90byI6IjIwMjYtMDEtMjEifQ.baapWJFQyilC5hKSZqpk-EnD3zeMUc-r79iGuO7XkEw","tanggal_from":"2026-01-20","tanggal_to":"2026-01-21"}}
[2026-01-22 21:32:01] {"level":"INFO","event":"DB_CONFIG","host":"10.99.23.26","port":"3306","db":"batam_hidayatullah","user":"webtagihan","pass":"f@*********nG"}
[2026-01-22 21:32:01] {"level":"INFO","event":"SQL_GET_KELAS","query":"\r\n        SELECT\r\n            id,\r\n            unit,\r\n            jenjang,\r\n            kelas AS kelompok\r\n        FROM mst_kelas\r\n        ORDER BY unit ASC, jenjang ASC, kelas ASC\r\n    "}
[2026-01-22 21:37:41] {"level":"INFO","event":"JWT_DECODED","payload":{"method":"getReport","token":"eyJ0eXAiOiJKV1QiLCJhbGciOiJIUzI1NiJ9.eyJrZWxvbXBvayI6IlJFR1VMRVIifQ.7HRd8jr-zS44kviNMYwowMG1KCU9EvAxrjjaKC7O2Mk","kelompok":"REGULER"}}
[2026-01-22 21:37:41] {"level":"INFO","event":"REQUEST","method":"POST","body":{"method":"getReport","token":"eyJ0eXAiOiJKV1QiLCJhbGciOiJIUzI1NiJ9.eyJrZWxvbXBvayI6IlJFR1VMRVIifQ.7HRd8jr-zS44kviNMYwowMG1KCU9EvAxrjjaKC7O2Mk","kelompok":"REGULER"}}
[2026-01-22 21:37:41] {"level":"INFO","event":"DB_CONFIG","host":"10.99.23.26","port":"3306","db":"batam_hidayatullah","user":"webtagihan","pass":"f@*********nG"}
[2026-01-22 21:37:41] {"level":"INFO","event":"SQL_GET_REPORT","params":{":kelompok":"REGULER"},"query":"\r\n        SELECT\r\n            c.CODE02 AS unit,\r\n            c.DESC02 AS jenjang,\r\n            c.DESC03 AS kelompok,\r\n            c.DESC04 AS tahun_angkatan,\r\n            d.KodePost AS kode,\r\n            b.BILLNM AS nama_tagihan,\r\n            d.BILLAM AS jumlah,\r\n            ua.NamaAkun AS namapost,\r\n            c.NUM2ND AS no_pend,\r\n            c.NOCUST AS nis,\r\n            c.NMCUST AS nama,\r\n            COALESCE(b.PAIDDT, b.FTGLTagihan) AS tanggal\r\n        FROM scctbill_detail d\r\n        INNER JOIN scctbill b\r\n            ON b.BILLCD = d.BILLCD AND b.CUSTID = d.CUSTID\r\n        INNER JOIN scctcust c\r\n            ON c.CUSTID = b.CUSTID\r\n        LEFT JOIN u_akun ua\r\n            ON ua.KodeAkun = d.KodePost\r\n        WHERE 1=1\r\n     AND c.DESC03 = :kelompok  ORDER BY tanggal DESC, nis ASC LIMIT :limit OFFSET :offset "}
[2026-01-22 21:49:08] {"level":"INFO","event":"JWT_DECODED","payload":{"method":"getKelas","token":"eyJ0eXAiOiJKV1QiLCJhbGciOiJIUzI1NiJ9.W10.K5NzDrsFlsvlHx-kJm4eKJ__Qcjw3KkNygXMUm4h0HQ"}}
[2026-01-22 21:49:08] {"level":"INFO","event":"REQUEST","method":"POST","body":{"method":"getKelas","token":"eyJ0eXAiOiJKV1QiLCJhbGciOiJIUzI1NiJ9.W10.K5NzDrsFlsvlHx-kJm4eKJ__Qcjw3KkNygXMUm4h0HQ"}}
[2026-01-22 21:49:08] {"level":"INFO","event":"DB_CONFIG","host":"10.99.23.26","port":"3306","db":"batam_hidayatullah","user":"webtagihan","pass":"f@*********nG"}
[2026-01-22 21:49:08] {"level":"INFO","event":"SQL_GET_KELAS","query":"\r\n        SELECT\r\n            id,\r\n            unit,\r\n            jenjang,\r\n            kelas AS kelompok\r\n        FROM mst_kelas\r\n        ORDER BY unit ASC, jenjang ASC, kelas ASC\r\n    "}
[2026-01-22 21:52:52] {"level":"INFO","event":"JWT_DECODED","payload":{"token":"eyJ0eXAiOiJKV1QiLCJhbGciOiJIUzI1NiJ9.W10.K5NzDrsFlsvlHx-kJm4eKJ__Qcjw3KkNygXMUm4h0HQ","method":"getReport"}}
[2026-01-22 21:52:52] {"level":"INFO","event":"REQUEST","method":"POST","body":{"token":"eyJ0eXAiOiJKV1QiLCJhbGciOiJIUzI1NiJ9.W10.K5NzDrsFlsvlHx-kJm4eKJ__Qcjw3KkNygXMUm4h0HQ","method":"getReport"}}
[2026-01-22 21:52:52] {"level":"INFO","event":"DB_CONFIG","host":"10.99.23.26","port":"3306","db":"batam_hidayatullah","user":"webtagihan","pass":"f@*********nG"}
[2026-01-22 21:52:52] {"level":"INFO","event":"SQL_GET_REPORT","params":[],"query":"\r\n        SELECT\r\n            c.CODE02 AS unit,\r\n            c.DESC02 AS jenjang,\r\n            c.DESC03 AS kelompok,\r\n            c.DESC04 AS tahun_angkatan,\r\n            d.KodePost AS kode,\r\n            b.BILLNM AS nama_tagihan,\r\n            d.BILLAM AS jumlah,\r\n            ua.NamaAkun AS namapost,\r\n            c.NUM2ND AS no_pend,\r\n            c.NOCUST AS nis,\r\n            c.NMCUST AS nama,\r\n            COALESCE(b.PAIDDT, b.FTGLTagihan) AS tanggal\r\n        FROM scctbill_detail d\r\n        INNER JOIN scctbill b\r\n            ON b.BILLCD = d.BILLCD AND b.CUSTID = d.CUSTID\r\n        INNER JOIN scctcust c\r\n            ON c.CUSTID = b.CUSTID\r\n        LEFT JOIN u_akun ua\r\n            ON ua.KodeAkun = d.KodePost\r\n        WHERE 1=1\r\n     ORDER BY tanggal DESC, nis ASC LIMIT :limit OFFSET :offset "}
[2026-01-22 21:53:09] {"level":"INFO","event":"REQUEST","method":"GET","body":[]}
[2026-01-22 21:53:09] {"level":"INFO","event":"DB_CONFIG","host":"10.99.23.26","port":"3306","db":"batam_hidayatullah","user":"webtagihan","pass":"f@*********nG"}
[2026-01-22 21:53:10] {"level":"INFO","event":"SQL_GET_REPORT","params":[],"query":"\r\n        SELECT\r\n            c.CODE02 AS unit,\r\n            c.DESC02 AS jenjang,\r\n            c.DESC03 AS kelompok,\r\n            c.DESC04 AS tahun_angkatan,\r\n            d.KodePost AS kode,\r\n            b.BILLNM AS nama_tagihan,\r\n            d.BILLAM AS jumlah,\r\n            ua.NamaAkun AS namapost,\r\n            c.NUM2ND AS no_pend,\r\n            c.NOCUST AS nis,\r\n            c.NMCUST AS nama,\r\n            COALESCE(b.PAIDDT, b.FTGLTagihan) AS tanggal\r\n        FROM scctbill_detail d\r\n        INNER JOIN scctbill b\r\n            ON b.BILLCD = d.BILLCD AND b.CUSTID = d.CUSTID\r\n        INNER JOIN scctcust c\r\n            ON c.CUSTID = b.CUSTID\r\n        LEFT JOIN u_akun ua\r\n            ON ua.KodeAkun = d.KodePost\r\n        WHERE 1=1\r\n     ORDER BY tanggal DESC, nis ASC LIMIT :limit OFFSET :offset "}
[2026-01-22 21:53:12] {"level":"INFO","event":"REQUEST","method":"GET","body":[]}
[2026-01-22 21:53:12] {"level":"INFO","event":"DB_CONFIG","host":"10.99.23.26","port":"3306","db":"batam_hidayatullah","user":"webtagihan","pass":"f@*********nG"}
[2026-01-22 21:53:12] {"level":"INFO","event":"SQL_GET_REPORT","params":[],"query":"\r\n        SELECT\r\n            c.CODE02 AS unit,\r\n            c.DESC02 AS jenjang,\r\n            c.DESC03 AS kelompok,\r\n            c.DESC04 AS tahun_angkatan,\r\n            d.KodePost AS kode,\r\n            b.BILLNM AS nama_tagihan,\r\n            d.BILLAM AS jumlah,\r\n            ua.NamaAkun AS namapost,\r\n            c.NUM2ND AS no_pend,\r\n            c.NOCUST AS nis,\r\n            c.NMCUST AS nama,\r\n            COALESCE(b.PAIDDT, b.FTGLTagihan) AS tanggal\r\n        FROM scctbill_detail d\r\n        INNER JOIN scctbill b\r\n            ON b.BILLCD = d.BILLCD AND b.CUSTID = d.CUSTID\r\n        INNER JOIN scctcust c\r\n            ON c.CUSTID = b.CUSTID\r\n        LEFT JOIN u_akun ua\r\n            ON ua.KodeAkun = d.KodePost\r\n        WHERE 1=1\r\n     ORDER BY tanggal DESC, nis ASC LIMIT :limit OFFSET :offset "}
[2026-01-22 22:09:58] {"level":"INFO","event":"JWT_DECODED","payload":{"method":"getReport","token":"eyJ0eXAiOiJKV1QiLCJhbGciOiJIUzI1NiJ9.W10.K5NzDrsFlsvlHx-kJm4eKJ__Qcjw3KkNygXMUm4h0HQ"}}
[2026-01-22 22:09:58] {"level":"INFO","event":"REQUEST","method":"POST","body":{"method":"getReport","token":"eyJ0eXAiOiJKV1QiLCJhbGciOiJIUzI1NiJ9.W10.K5NzDrsFlsvlHx-kJm4eKJ__Qcjw3KkNygXMUm4h0HQ"}}
[2026-01-22 22:09:58] {"level":"INFO","event":"DB_CONFIG","host":"10.99.23.26","port":"3306","db":"batam_hidayatullah","user":"webtagihan","pass":"f@*********nG"}
[2026-01-22 22:09:58] {"level":"INFO","event":"SQL_GET_REPORT","params":[],"query":"\r\n        SELECT\r\n            c.CODE02 AS unit,\r\n            c.DESC02 AS jenjang,\r\n            c.DESC03 AS kelompok,\r\n            c.DESC04 AS tahun_angkatan,\r\n            d.KodePost AS kode,\r\n            b.BILLNM AS nama_tagihan,\r\n            d.BILLAM AS jumlah,\r\n            ua.NamaAkun AS namapost,\r\n            c.NUM2ND AS no_pend,\r\n            c.NOCUST AS nis,\r\n            c.NMCUST AS nama,\r\n            COALESCE(b.PAIDDT, b.FTGLTagihan) AS tanggal\r\n        FROM scctbill_detail d\r\n        INNER JOIN scctbill b\r\n            ON b.BILLCD = d.BILLCD AND b.CUSTID = d.CUSTID\r\n        INNER JOIN scctcust c\r\n            ON c.CUSTID = b.CUSTID\r\n        LEFT JOIN u_akun ua\r\n            ON ua.KodeAkun = d.KodePost\r\n        WHERE 1=1\r\n     ORDER BY tanggal DESC, nis ASC LIMIT :limit OFFSET :offset "}
[2026-01-22 22:29:21] {"level":"INFO","event":"JWT_DECODED","payload":{"method":"getKelas","token":"eyJ0eXAiOiJKV1QiLCJhbGciOiJIUzI1NiJ9.W10.K5NzDrsFlsvlHx-kJm4eKJ__Qcjw3KkNygXMUm4h0HQ"}}
[2026-01-22 22:29:21] {"level":"INFO","event":"REQUEST","method":"POST","body":{"method":"getKelas","token":"eyJ0eXAiOiJKV1QiLCJhbGciOiJIUzI1NiJ9.W10.K5NzDrsFlsvlHx-kJm4eKJ__Qcjw3KkNygXMUm4h0HQ"}}
[2026-01-22 22:29:21] {"level":"INFO","event":"DB_CONFIG","host":"10.99.23.26","port":"3306","db":"batam_hidayatullah","user":"webtagihan","pass":"f@*********nG"}
[2026-01-22 22:29:21] {"level":"INFO","event":"SQL_GET_KELAS","query":"\r\n        SELECT\r\n            id,\r\n            unit,\r\n            jenjang,\r\n            kelas AS kelompok\r\n        FROM mst_kelas\r\n        ORDER BY unit ASC, jenjang ASC, kelas ASC\r\n    "}
[2026-01-22 22:31:49] {"level":"INFO","event":"JWT_DECODED","payload":{"token":"eyJ0eXAiOiJKV1QiLCJhbGciOiJIUzI1NiJ9.W10.K5NzDrsFlsvlHx-kJm4eKJ__Qcjw3KkNygXMUm4h0HQ","method":"getKelas"}}
[2026-01-22 22:31:49] {"level":"INFO","event":"REQUEST","method":"POST","body":{"token":"eyJ0eXAiOiJKV1QiLCJhbGciOiJIUzI1NiJ9.W10.K5NzDrsFlsvlHx-kJm4eKJ__Qcjw3KkNygXMUm4h0HQ","method":"getKelas"}}
[2026-01-22 22:31:49] {"level":"INFO","event":"DB_CONFIG","host":"10.99.23.26","port":"3306","db":"batam_hidayatullah","user":"webtagihan","pass":"f@*********nG"}
[2026-01-22 22:31:49] {"level":"INFO","event":"SQL_GET_KELAS","query":"\r\n        SELECT\r\n            id,\r\n            unit,\r\n            jenjang,\r\n            kelas AS kelompok\r\n        FROM mst_kelas\r\n        ORDER BY unit ASC, jenjang ASC, kelas ASC\r\n    "}
[2026-01-22 22:31:57] {"level":"INFO","event":"JWT_DECODED","payload":{"token":"eyJ0eXAiOiJKV1QiLCJhbGciOiJIUzI1NiJ9.eyJrZWxvbXBvayI6IjFOIn0.7SoqKOakzQmPkPpN2GXwu04B7_BsH0rktdG36TxTVsM","method":"getReport","kelompok":"1N"}}
[2026-01-22 22:31:57] {"level":"INFO","event":"REQUEST","method":"POST","body":{"token":"eyJ0eXAiOiJKV1QiLCJhbGciOiJIUzI1NiJ9.eyJrZWxvbXBvayI6IjFOIn0.7SoqKOakzQmPkPpN2GXwu04B7_BsH0rktdG36TxTVsM","method":"getReport","kelompok":"1N"}}
[2026-01-22 22:31:57] {"level":"INFO","event":"DB_CONFIG","host":"10.99.23.26","port":"3306","db":"batam_hidayatullah","user":"webtagihan","pass":"f@*********nG"}
[2026-01-22 22:31:57] {"level":"INFO","event":"SQL_GET_REPORT","params":{":kelompok":"1N"},"query":"\r\n        SELECT\r\n            c.CODE02 AS unit,\r\n            c.DESC02 AS jenjang,\r\n            c.DESC03 AS kelompok,\r\n            c.DESC04 AS tahun_angkatan,\r\n            d.KodePost AS kode,\r\n            b.BILLNM AS nama_tagihan,\r\n            d.BILLAM AS jumlah,\r\n            ua.NamaAkun AS namapost,\r\n            c.NUM2ND AS no_pend,\r\n            c.NOCUST AS nis,\r\n            c.NMCUST AS nama,\r\n            COALESCE(b.PAIDDT, b.FTGLTagihan) AS tanggal\r\n        FROM scctbill_detail d\r\n        INNER JOIN scctbill b\r\n            ON b.BILLCD = d.BILLCD AND b.CUSTID = d.CUSTID\r\n        INNER JOIN scctcust c\r\n            ON c.CUSTID = b.CUSTID\r\n        LEFT JOIN u_akun ua\r\n            ON ua.KodeAkun = d.KodePost\r\n        WHERE 1=1\r\n     AND c.DESC03 = :kelompok  ORDER BY tanggal DESC, nis ASC LIMIT :limit OFFSET :offset "}
[2026-01-22 22:32:24] {"level":"INFO","event":"JWT_DECODED","payload":{"token":"eyJ0eXAiOiJKV1QiLCJhbGciOiJIUzI1NiJ9.eyJrZWxhcyI6IjEwIn0.HzUhBh72XgNvYfySt_F1pSXwtISp2QJ0tL5by37mWOQ","method":"getReport","kelas":"10"}}
[2026-01-22 22:32:24] {"level":"INFO","event":"REQUEST","method":"POST","body":{"token":"eyJ0eXAiOiJKV1QiLCJhbGciOiJIUzI1NiJ9.eyJrZWxhcyI6IjEwIn0.HzUhBh72XgNvYfySt_F1pSXwtISp2QJ0tL5by37mWOQ","method":"getReport","kelas":"10"}}
[2026-01-22 22:32:24] {"level":"INFO","event":"DB_CONFIG","host":"10.99.23.26","port":"3306","db":"batam_hidayatullah","user":"webtagihan","pass":"f@*********nG"}
[2026-01-22 22:32:24] {"level":"INFO","event":"SQL_GET_REPORT","params":[],"query":"\r\n        SELECT\r\n            c.CODE02 AS unit,\r\n            c.DESC02 AS jenjang,\r\n            c.DESC03 AS kelompok,\r\n            c.DESC04 AS tahun_angkatan,\r\n            d.KodePost AS kode,\r\n            b.BILLNM AS nama_tagihan,\r\n            d.BILLAM AS jumlah,\r\n            ua.NamaAkun AS namapost,\r\n            c.NUM2ND AS no_pend,\r\n            c.NOCUST AS nis,\r\n            c.NMCUST AS nama,\r\n            COALESCE(b.PAIDDT, b.FTGLTagihan) AS tanggal\r\n        FROM scctbill_detail d\r\n        INNER JOIN scctbill b\r\n            ON b.BILLCD = d.BILLCD AND b.CUSTID = d.CUSTID\r\n        INNER JOIN scctcust c\r\n            ON c.CUSTID = b.CUSTID\r\n        LEFT JOIN u_akun ua\r\n            ON ua.KodeAkun = d.KodePost\r\n        WHERE 1=1\r\n     ORDER BY tanggal DESC, nis ASC LIMIT :limit OFFSET :offset "}
[2026-01-22 22:33:01] {"level":"INFO","event":"JWT_DECODED","payload":{"token":"eyJ0eXAiOiJKV1QiLCJhbGciOiJIUzI1NiJ9.eyJrZWxhcyI6IjExRiIsInVuaXQiOiJTTUsifQ.coO7XqksTcU3dO7hgQDZttLk8GCcbvpYWvumhoRiSI8","method":"getReport","kelas":"11F","unit":"SMK"}}
[2026-01-22 22:33:01] {"level":"INFO","event":"REQUEST","method":"POST","body":{"token":"eyJ0eXAiOiJKV1QiLCJhbGciOiJIUzI1NiJ9.eyJrZWxhcyI6IjExRiIsInVuaXQiOiJTTUsifQ.coO7XqksTcU3dO7hgQDZttLk8GCcbvpYWvumhoRiSI8","method":"getReport","kelas":"11F","unit":"SMK"}}
[2026-01-22 22:33:01] {"level":"INFO","event":"DB_CONFIG","host":"10.99.23.26","port":"3306","db":"batam_hidayatullah","user":"webtagihan","pass":"f@*********nG"}
[2026-01-22 22:33:01] {"level":"INFO","event":"SQL_GET_REPORT","params":{":unit":"SMK"},"query":"\r\n        SELECT\r\n            c.CODE02 AS unit,\r\n            c.DESC02 AS jenjang,\r\n            c.DESC03 AS kelompok,\r\n            c.DESC04 AS tahun_angkatan,\r\n            d.KodePost AS kode,\r\n            b.BILLNM AS nama_tagihan,\r\n            d.BILLAM AS jumlah,\r\n            ua.NamaAkun AS namapost,\r\n            c.NUM2ND AS no_pend,\r\n            c.NOCUST AS nis,\r\n            c.NMCUST AS nama,\r\n            COALESCE(b.PAIDDT, b.FTGLTagihan) AS tanggal\r\n        FROM scctbill_detail d\r\n        INNER JOIN scctbill b\r\n            ON b.BILLCD = d.BILLCD AND b.CUSTID = d.CUSTID\r\n        INNER JOIN scctcust c\r\n            ON c.CUSTID = b.CUSTID\r\n        LEFT JOIN u_akun ua\r\n            ON ua.KodeAkun = d.KodePost\r\n        WHERE 1=1\r\n     AND c.CODE02 = :unit  ORDER BY tanggal DESC, nis ASC LIMIT :limit OFFSET :offset "}
[2026-01-22 22:33:22] {"level":"INFO","event":"JWT_DECODED","payload":{"token":"eyJ0eXAiOiJKV1QiLCJhbGciOiJIUzI1NiJ9.eyJ1bml0IjoiU01LIiwia2Vsb21wb2siOiJSRUdVTEVSIn0.YpjlUqIYoHka6bSOfrAsc0g1C625UeVTA5o4Ve96EMI","method":"getReport","unit":"SMK","kelompok":"REGULER"}}
[2026-01-22 22:33:22] {"level":"INFO","event":"REQUEST","method":"POST","body":{"token":"eyJ0eXAiOiJKV1QiLCJhbGciOiJIUzI1NiJ9.eyJ1bml0IjoiU01LIiwia2Vsb21wb2siOiJSRUdVTEVSIn0.YpjlUqIYoHka6bSOfrAsc0g1C625UeVTA5o4Ve96EMI","method":"getReport","unit":"SMK","kelompok":"REGULER"}}
[2026-01-22 22:33:22] {"level":"INFO","event":"DB_CONFIG","host":"10.99.23.26","port":"3306","db":"batam_hidayatullah","user":"webtagihan","pass":"f@*********nG"}
[2026-01-22 22:33:22] {"level":"INFO","event":"SQL_GET_REPORT","params":{":unit":"SMK",":kelompok":"REGULER"},"query":"\r\n        SELECT\r\n            c.CODE02 AS unit,\r\n            c.DESC02 AS jenjang,\r\n            c.DESC03 AS kelompok,\r\n            c.DESC04 AS tahun_angkatan,\r\n            d.KodePost AS kode,\r\n            b.BILLNM AS nama_tagihan,\r\n            d.BILLAM AS jumlah,\r\n            ua.NamaAkun AS namapost,\r\n            c.NUM2ND AS no_pend,\r\n            c.NOCUST AS nis,\r\n            c.NMCUST AS nama,\r\n            COALESCE(b.PAIDDT, b.FTGLTagihan) AS tanggal\r\n        FROM scctbill_detail d\r\n        INNER JOIN scctbill b\r\n            ON b.BILLCD = d.BILLCD AND b.CUSTID = d.CUSTID\r\n        INNER JOIN scctcust c\r\n            ON c.CUSTID = b.CUSTID\r\n        LEFT JOIN u_akun ua\r\n            ON ua.KodeAkun = d.KodePost\r\n        WHERE 1=1\r\n     AND c.CODE02 = :unit  AND c.DESC03 = :kelompok  ORDER BY tanggal DESC, nis ASC LIMIT :limit OFFSET :offset "}
[2026-01-22 22:42:50] {"level":"INFO","event":"JWT_DECODED","payload":{"token":"eyJ0eXAiOiJKV1QiLCJhbGciOiJIUzI1NiJ9.eyJ0YW5nZ2FsX2Zyb20iOiIyMDI2LTAxLTIxIiwidGFuZ2dhbF90byI6IjIwMjYtMDEtMjIifQ.a7x4VwbHCqxzMYtu7bpvDHbmaUe9xlNgtDV9M2TB3y4","method":"getReport","tanggal_from":"2026-01-21","tanggal_to":"2026-01-22"}}
[2026-01-22 22:42:50] {"level":"INFO","event":"REQUEST","method":"POST","body":{"token":"eyJ0eXAiOiJKV1QiLCJhbGciOiJIUzI1NiJ9.eyJ0YW5nZ2FsX2Zyb20iOiIyMDI2LTAxLTIxIiwidGFuZ2dhbF90byI6IjIwMjYtMDEtMjIifQ.a7x4VwbHCqxzMYtu7bpvDHbmaUe9xlNgtDV9M2TB3y4","method":"getReport","tanggal_from":"2026-01-21","tanggal_to":"2026-01-22"}}
[2026-01-22 22:42:50] {"level":"INFO","event":"DB_CONFIG","host":"10.99.23.26","port":"3306","db":"batam_hidayatullah","user":"webtagihan","pass":"f@*********nG"}
[2026-01-22 22:42:50] {"level":"INFO","event":"SQL_GET_REPORT","params":{":from_dt1":"2026-01-21 00:00:00",":to_dt1":"2026-01-22 23:59:59",":from_dt2":"2026-01-21 00:00:00",":to_dt2":"2026-01-22 23:59:59"},"query":"\r\n        SELECT\r\n            c.CODE02 AS unit,\r\n            c.DESC02 AS jenjang,\r\n            c.DESC03 AS kelompok,\r\n            c.DESC04 AS tahun_angkatan,\r\n            d.KodePost AS kode,\r\n            b.BILLNM AS nama_tagihan,\r\n            d.BILLAM AS jumlah,\r\n            ua.NamaAkun AS namapost,\r\n            c.NUM2ND AS no_pend,\r\n            c.NOCUST AS nis,\r\n            c.NMCUST AS nama,\r\n            COALESCE(b.PAIDDT, b.FTGLTagihan) AS tanggal\r\n        FROM scctbill_detail d\r\n        INNER JOIN scctbill b\r\n            ON b.BILLCD = d.BILLCD AND b.CUSTID = d.CUSTID\r\n        INNER JOIN scctcust c\r\n            ON c.CUSTID = b.CUSTID\r\n        LEFT JOIN u_akun ua\r\n            ON ua.KodeAkun = d.KodePost\r\n        WHERE 1=1\r\n    \r\n            AND (\r\n                (b.PAIDDT IS NOT NULL AND b.PAIDDT BETWEEN :from_dt1 AND :to_dt1)\r\n                OR\r\n                (b.PAIDDT IS NULL AND b.FTGLTagihan BETWEEN :from_dt2 AND :to_dt2)\r\n            )\r\n         ORDER BY tanggal DESC, nis ASC LIMIT :limit OFFSET :offset "}
[2026-01-22 22:44:50] {"level":"INFO","event":"JWT_DECODED"}
[2026-01-22 22:44:50] {"level":"INFO","event":"REQUEST","method":"POST","body":{"method":"getReport","token":"eyJ0eXAiOiJKV1QiLCJhbGciOiJIUzI1NiJ9.W10.K5NzDrsFlsvlHx-kJm4eKJ__Qcjw3KkNygXMUm4h0HQ"}}
[2026-01-22 22:44:50] {"level":"INFO","event":"DB_CONFIG","host":"10.99.23.26","port":"3306","db":"batam_hidayatullah","user":"webtagihan","pass":"f@*********nG"}
[2026-01-22 22:44:50] {"level":"INFO","event":"SQL_GET_REPORT","params":[],"query":"\r\n        SELECT\r\n            c.CODE02 AS unit,\r\n            c.DESC02 AS kelas,\r\n            c.DESC03 AS kelompok,\r\n            b.BTA AS tahun_akademik,\r\n            c.CODE04 AS tahun_angkatan,\r\n            d.KodePost AS kode,\r\n            b.BILLNM AS nama_tagihan,\r\n            d.BILLAM AS jumlah,\r\n            ua.NamaAkun AS namapost,\r\n            c.NUM2ND AS no_pend,\r\n            c.NOCUST AS nis,\r\n            c.NMCUST AS nama,\r\n            COALESCE(b.PAIDDT, b.FTGLTagihan) AS tanggal\r\n        FROM scctbill_detail d\r\n        INNER JOIN scctbill b\r\n            ON b.BILLCD = d.BILLCD AND b.CUSTID = d.CUSTID\r\n        INNER JOIN scctcust c\r\n            ON c.CUSTID = b.CUSTID\r\n        LEFT JOIN u_akun ua\r\n            ON ua.KodeAkun = d.KodePost\r\n        WHERE 1=1\r\n     ORDER BY tanggal DESC, nis ASC LIMIT :limit OFFSET :offset "}
[2026-01-22 22:44:59] {"level":"INFO","event":"JWT_DECODED"}
[2026-01-22 22:44:59] {"level":"INFO","event":"REQUEST","method":"POST","body":{"token":"eyJ0eXAiOiJKV1QiLCJhbGciOiJIUzI1NiJ9.W10.K5NzDrsFlsvlHx-kJm4eKJ__Qcjw3KkNygXMUm4h0HQ","method":"getKelas"}}
[2026-01-22 22:44:59] {"level":"INFO","event":"DB_CONFIG","host":"10.99.23.26","port":"3306","db":"batam_hidayatullah","user":"webtagihan","pass":"f@*********nG"}
[2026-01-22 22:44:59] {"level":"INFO","event":"SQL_GET_KELAS","query":"\r\n        SELECT DISTINCT\r\n            c.CODE02 AS unit,\r\n            c.DESC02 AS kelas,\r\n            c.DESC03 AS kelompok\r\n        FROM scctcust c\r\n        WHERE 1=1\r\n        ORDER BY unit ASC, kelas ASC, kelompok ASC\r\n    "}
[2026-01-22 22:45:23] {"level":"INFO","event":"JWT_DECODED"}
[2026-01-22 22:45:23] {"level":"INFO","event":"REQUEST","method":"POST","body":{"token":"eyJ0eXAiOiJKV1QiLCJhbGciOiJIUzI1NiJ9.W10.K5NzDrsFlsvlHx-kJm4eKJ__Qcjw3KkNygXMUm4h0HQ","method":"getKelas"}}
[2026-01-22 22:45:23] {"level":"INFO","event":"DB_CONFIG","host":"10.99.23.26","port":"3306","db":"batam_hidayatullah","user":"webtagihan","pass":"f@*********nG"}
[2026-01-22 22:45:23] {"level":"INFO","event":"SQL_GET_KELAS","query":"\r\n        SELECT DISTINCT\r\n            c.CODE02 AS unit,\r\n            c.DESC02 AS kelas,\r\n            c.DESC03 AS kelompok\r\n        FROM scctcust c\r\n        WHERE 1=1\r\n        ORDER BY unit ASC, kelas ASC, kelompok ASC\r\n    "}
[2026-01-22 22:47:32] {"level":"INFO","event":"JWT_DECODED"}
[2026-01-22 22:47:32] {"level":"INFO","event":"REQUEST","method":"POST","body":{"method":"getReport","token":"eyJ0eXAiOiJKV1QiLCJhbGciOiJIUzI1NiJ9.eyJrZWxhcyI6IjlSIn0.c97Jtx7JD03mF6tninKVsPRfOnfCejdKV9CeP892WGs","kelas":"9R"}}
[2026-01-22 22:47:32] {"level":"INFO","event":"DB_CONFIG","host":"10.99.23.26","port":"3306","db":"batam_hidayatullah","user":"webtagihan","pass":"f@*********nG"}
[2026-01-22 22:47:32] {"level":"INFO","event":"SQL_GET_REPORT","params":{":kelas":"9R"},"query":"\r\n        SELECT\r\n            c.CODE02 AS unit,\r\n            c.DESC02 AS kelas,\r\n            c.DESC03 AS kelompok,\r\n            b.BTA AS tahun_akademik,\r\n            c.CODE04 AS tahun_angkatan,\r\n            d.KodePost AS kode,\r\n            b.BILLNM AS nama_tagihan,\r\n            d.BILLAM AS jumlah,\r\n            ua.NamaAkun AS namapost,\r\n            c.NUM2ND AS no_pend,\r\n            c.NOCUST AS nis,\r\n            c.NMCUST AS nama,\r\n            COALESCE(b.PAIDDT, b.FTGLTagihan) AS tanggal\r\n        FROM scctbill_detail d\r\n        INNER JOIN scctbill b\r\n            ON b.BILLCD = d.BILLCD AND b.CUSTID = d.CUSTID\r\n        INNER JOIN scctcust c\r\n            ON c.CUSTID = b.CUSTID\r\n        LEFT JOIN u_akun ua\r\n            ON ua.KodeAkun = d.KodePost\r\n        WHERE 1=1\r\n     AND c.DESC02 = :kelas  ORDER BY tanggal DESC, nis ASC LIMIT :limit OFFSET :offset "}
[2026-01-22 22:47:45] {"level":"INFO","event":"JWT_DECODED"}
[2026-01-22 22:47:45] {"level":"INFO","event":"REQUEST","method":"POST","body":{"token":"eyJ0eXAiOiJKV1QiLCJhbGciOiJIUzI1NiJ9.W10.K5NzDrsFlsvlHx-kJm4eKJ__Qcjw3KkNygXMUm4h0HQ","method":"getKelas"}}
[2026-01-22 22:47:45] {"level":"INFO","event":"DB_CONFIG","host":"10.99.23.26","port":"3306","db":"batam_hidayatullah","user":"webtagihan","pass":"f@*********nG"}
[2026-01-22 22:47:45] {"level":"INFO","event":"SQL_GET_KELAS","query":"\r\n        SELECT DISTINCT\r\n            c.CODE02 AS unit,\r\n            c.DESC02 AS kelas,\r\n            c.DESC03 AS kelompok\r\n        FROM scctcust c\r\n        WHERE 1=1\r\n        ORDER BY unit ASC, kelas ASC, kelompok ASC\r\n    "}
[2026-01-22 22:47:56] {"level":"INFO","event":"JWT_DECODED"}
[2026-01-22 22:47:56] {"level":"INFO","event":"REQUEST","method":"POST","body":{"token":"eyJ0eXAiOiJKV1QiLCJhbGciOiJIUzI1NiJ9.W10.K5NzDrsFlsvlHx-kJm4eKJ__Qcjw3KkNygXMUm4h0HQ","method":"getKelas"}}
[2026-01-22 22:47:56] {"level":"INFO","event":"DB_CONFIG","host":"10.99.23.26","port":"3306","db":"batam_hidayatullah","user":"webtagihan","pass":"f@*********nG"}
[2026-01-22 22:47:56] {"level":"INFO","event":"SQL_GET_KELAS","query":"\r\n        SELECT DISTINCT\r\n            c.CODE02 AS unit,\r\n            c.DESC02 AS kelas,\r\n            c.DESC03 AS kelompok\r\n        FROM scctcust c\r\n        WHERE 1=1\r\n        ORDER BY unit ASC, kelas ASC, kelompok ASC\r\n    "}
[2026-01-22 22:48:12] {"level":"INFO","event":"JWT_DECODED"}
[2026-01-22 22:48:12] {"level":"INFO","event":"REQUEST","method":"POST","body":{"token":"eyJ0eXAiOiJKV1QiLCJhbGciOiJIUzI1NiJ9.W10.K5NzDrsFlsvlHx-kJm4eKJ__Qcjw3KkNygXMUm4h0HQ","method":"getKelas"}}
[2026-01-22 22:48:12] {"level":"INFO","event":"DB_CONFIG","host":"10.99.23.26","port":"3306","db":"batam_hidayatullah","user":"webtagihan","pass":"f@*********nG"}
[2026-01-22 22:48:12] {"level":"INFO","event":"SQL_GET_KELAS","query":"\r\n        SELECT DISTINCT\r\n            c.CODE02 AS unit,\r\n            c.DESC02 AS kelas,\r\n            c.DESC03 AS kelompok\r\n        FROM scctcust c\r\n        WHERE 1=1\r\n        ORDER BY unit ASC, kelas ASC, kelompok ASC\r\n    "}
[2026-01-22 22:48:30] {"level":"INFO","event":"JWT_DECODED"}
[2026-01-22 22:48:30] {"level":"INFO","event":"REQUEST","method":"POST","body":{"method":"getKelas","token":"eyJ0eXAiOiJKV1QiLCJhbGciOiJIUzI1NiJ9.eyJrZWxhcyI6IjlSIn0.c97Jtx7JD03mF6tninKVsPRfOnfCejdKV9CeP892WGs","kelas":"9R"}}
[2026-01-22 22:48:30] {"level":"INFO","event":"DB_CONFIG","host":"10.99.23.26","port":"3306","db":"batam_hidayatullah","user":"webtagihan","pass":"f@*********nG"}
[2026-01-22 22:48:30] {"level":"INFO","event":"SQL_GET_KELAS","query":"\r\n        SELECT DISTINCT\r\n            c.CODE02 AS unit,\r\n            c.DESC02 AS kelas,\r\n            c.DESC03 AS kelompok\r\n        FROM scctcust c\r\n        WHERE 1=1\r\n        ORDER BY unit ASC, kelas ASC, kelompok ASC\r\n    "}
[2026-01-22 22:49:53] {"level":"INFO","event":"JWT_DECODED"}
[2026-01-22 22:49:53] {"level":"INFO","event":"REQUEST","method":"POST","body":{"token":"eyJ0eXAiOiJKV1QiLCJhbGciOiJIUzI1NiJ9.W10.K5NzDrsFlsvlHx-kJm4eKJ__Qcjw3KkNygXMUm4h0HQ","method":"getKelas"}}
[2026-01-22 22:49:53] {"level":"INFO","event":"DB_CONFIG","host":"10.99.23.26","port":"3306","db":"batam_hidayatullah","user":"webtagihan","pass":"f@*********nG"}
[2026-01-22 22:49:53] {"level":"INFO","event":"SQL_GET_KELAS","query":"\r\n        SELECT DISTINCT\r\n            c.CODE02 AS unit,\r\n            c.DESC02 AS kelas,\r\n            c.DESC03 AS kelompok\r\n        FROM scctcust c\r\n        WHERE 1=1\r\n        ORDER BY unit ASC, kelas ASC, kelompok ASC\r\n    "}
[2026-01-22 22:50:00] {"level":"INFO","event":"JWT_DECODED"}
[2026-01-22 22:50:00] {"level":"INFO","event":"REQUEST","method":"POST","body":{"token":"eyJ0eXAiOiJKV1QiLCJhbGciOiJIUzI1NiJ9.eyJrZWxhcyI6IjEwVCJ9.KJl7q4aVmx6V0uOcEbB8K2YCPzsNIywQp1bUfcU06Co","method":"getReport","kelas":"10T"}}
[2026-01-22 22:50:00] {"level":"INFO","event":"DB_CONFIG","host":"10.99.23.26","port":"3306","db":"batam_hidayatullah","user":"webtagihan","pass":"f@*********nG"}
[2026-01-22 22:50:00] {"level":"INFO","event":"SQL_GET_REPORT","params":{":kelas":"10T"},"query":"\r\n        SELECT\r\n            c.CODE02 AS unit,\r\n            c.DESC02 AS kelas,\r\n            c.DESC03 AS kelompok,\r\n            b.BTA AS tahun_akademik,\r\n            c.CODE04 AS tahun_angkatan,\r\n            d.KodePost AS kode,\r\n            b.BILLNM AS nama_tagihan,\r\n            d.BILLAM AS jumlah,\r\n            ua.NamaAkun AS namapost,\r\n            c.NUM2ND AS no_pend,\r\n            c.NOCUST AS nis,\r\n            c.NMCUST AS nama,\r\n            COALESCE(b.PAIDDT, b.FTGLTagihan) AS tanggal\r\n        FROM scctbill_detail d\r\n        INNER JOIN scctbill b\r\n            ON b.BILLCD = d.BILLCD AND b.CUSTID = d.CUSTID\r\n        INNER JOIN scctcust c\r\n            ON c.CUSTID = b.CUSTID\r\n        LEFT JOIN u_akun ua\r\n            ON ua.KodeAkun = d.KodePost\r\n        WHERE 1=1\r\n     AND c.DESC02 = :kelas  ORDER BY tanggal DESC, nis ASC LIMIT :limit OFFSET :offset "}
[2026-01-22 22:50:17] {"level":"INFO","event":"JWT_DECODED"}
[2026-01-22 22:50:17] {"level":"INFO","event":"REQUEST","method":"POST","body":{"token":"eyJ0eXAiOiJKV1QiLCJhbGciOiJIUzI1NiJ9.eyJrZWxhcyI6IjEwVCIsImtlbG9tcG9rIjoiUkVHVUxFUiJ9.BtvJgIZveB7pVSxcVqiECtdar1p5xlanEp81ldwkqHU","method":"getReport","kelas":"10T","kelompok":"REGULER"}}
[2026-01-22 22:50:17] {"level":"INFO","event":"DB_CONFIG","host":"10.99.23.26","port":"3306","db":"batam_hidayatullah","user":"webtagihan","pass":"f@*********nG"}
[2026-01-22 22:50:17] {"level":"INFO","event":"SQL_GET_REPORT","params":{":kelas":"10T",":kelompok":"REGULER"},"query":"\r\n        SELECT\r\n            c.CODE02 AS unit,\r\n            c.DESC02 AS kelas,\r\n            c.DESC03 AS kelompok,\r\n            b.BTA AS tahun_akademik,\r\n            c.CODE04 AS tahun_angkatan,\r\n            d.KodePost AS kode,\r\n            b.BILLNM AS nama_tagihan,\r\n            d.BILLAM AS jumlah,\r\n            ua.NamaAkun AS namapost,\r\n            c.NUM2ND AS no_pend,\r\n            c.NOCUST AS nis,\r\n            c.NMCUST AS nama,\r\n            COALESCE(b.PAIDDT, b.FTGLTagihan) AS tanggal\r\n        FROM scctbill_detail d\r\n        INNER JOIN scctbill b\r\n            ON b.BILLCD = d.BILLCD AND b.CUSTID = d.CUSTID\r\n        INNER JOIN scctcust c\r\n            ON c.CUSTID = b.CUSTID\r\n        LEFT JOIN u_akun ua\r\n            ON ua.KodeAkun = d.KodePost\r\n        WHERE 1=1\r\n     AND c.DESC02 = :kelas  AND c.DESC03 = :kelompok  ORDER BY tanggal DESC, nis ASC LIMIT :limit OFFSET :offset "}
[2026-01-22 22:50:23] {"level":"INFO","event":"JWT_DECODED"}
[2026-01-22 22:50:23] {"level":"INFO","event":"REQUEST","method":"POST","body":{"token":"eyJ0eXAiOiJKV1QiLCJhbGciOiJIUzI1NiJ9.eyJrZWxhcyI6IjEwVCIsImtlbG9tcG9rIjoiVEFIRklaSCJ9._srwydQ0P4wMmhgp8FX1iQlHzzIiFA2TDc46knZf2CA","method":"getReport","kelas":"10T","kelompok":"TAHFIZH"}}
[2026-01-22 22:50:23] {"level":"INFO","event":"DB_CONFIG","host":"10.99.23.26","port":"3306","db":"batam_hidayatullah","user":"webtagihan","pass":"f@*********nG"}
[2026-01-22 22:50:23] {"level":"INFO","event":"SQL_GET_REPORT","params":{":kelas":"10T",":kelompok":"TAHFIZH"},"query":"\r\n        SELECT\r\n            c.CODE02 AS unit,\r\n            c.DESC02 AS kelas,\r\n            c.DESC03 AS kelompok,\r\n            b.BTA AS tahun_akademik,\r\n            c.CODE04 AS tahun_angkatan,\r\n            d.KodePost AS kode,\r\n            b.BILLNM AS nama_tagihan,\r\n            d.BILLAM AS jumlah,\r\n            ua.NamaAkun AS namapost,\r\n            c.NUM2ND AS no_pend,\r\n            c.NOCUST AS nis,\r\n            c.NMCUST AS nama,\r\n            COALESCE(b.PAIDDT, b.FTGLTagihan) AS tanggal\r\n        FROM scctbill_detail d\r\n        INNER JOIN scctbill b\r\n            ON b.BILLCD = d.BILLCD AND b.CUSTID = d.CUSTID\r\n        INNER JOIN scctcust c\r\n            ON c.CUSTID = b.CUSTID\r\n        LEFT JOIN u_akun ua\r\n            ON ua.KodeAkun = d.KodePost\r\n        WHERE 1=1\r\n     AND c.DESC02 = :kelas  AND c.DESC03 = :kelompok  ORDER BY tanggal DESC, nis ASC LIMIT :limit OFFSET :offset "}
[2026-01-22 22:50:29] {"level":"INFO","event":"JWT_DECODED"}
[2026-01-22 22:50:29] {"level":"INFO","event":"REQUEST","method":"POST","body":{"token":"eyJ0eXAiOiJKV1QiLCJhbGciOiJIUzI1NiJ9.eyJrZWxhcyI6IjEwVCIsInVuaXQiOiJTRDAxIiwia2Vsb21wb2siOiJUQUhGSVpIIn0.MLhpuGVFnIzjMEEfrxfj4UBylToJ98U1NHU1Nbngr8A","method":"getReport","kelas":"10T","unit":"SD01","kelompok":"TAHFIZH"}}
[2026-01-22 22:50:29] {"level":"INFO","event":"DB_CONFIG","host":"10.99.23.26","port":"3306","db":"batam_hidayatullah","user":"webtagihan","pass":"f@*********nG"}
[2026-01-22 22:50:29] {"level":"INFO","event":"SQL_GET_REPORT","params":{":unit":"SD01",":kelas":"10T",":kelompok":"TAHFIZH"},"query":"\r\n        SELECT\r\n            c.CODE02 AS unit,\r\n            c.DESC02 AS kelas,\r\n            c.DESC03 AS kelompok,\r\n            b.BTA AS tahun_akademik,\r\n            c.CODE04 AS tahun_angkatan,\r\n            d.KodePost AS kode,\r\n            b.BILLNM AS nama_tagihan,\r\n            d.BILLAM AS jumlah,\r\n            ua.NamaAkun AS namapost,\r\n            c.NUM2ND AS no_pend,\r\n            c.NOCUST AS nis,\r\n            c.NMCUST AS nama,\r\n            COALESCE(b.PAIDDT, b.FTGLTagihan) AS tanggal\r\n        FROM scctbill_detail d\r\n        INNER JOIN scctbill b\r\n            ON b.BILLCD = d.BILLCD AND b.CUSTID = d.CUSTID\r\n        INNER JOIN scctcust c\r\n            ON c.CUSTID = b.CUSTID\r\n        LEFT JOIN u_akun ua\r\n            ON ua.KodeAkun = d.KodePost\r\n        WHERE 1=1\r\n     AND c.CODE02 = :unit  AND c.DESC02 = :kelas  AND c.DESC03 = :kelompok  ORDER BY tanggal DESC, nis ASC LIMIT :limit OFFSET :offset "}
[2026-01-22 22:50:34] {"level":"INFO","event":"JWT_DECODED"}
[2026-01-22 22:50:34] {"level":"INFO","event":"REQUEST","method":"POST","body":{"token":"eyJ0eXAiOiJKV1QiLCJhbGciOiJIUzI1NiJ9.eyJrZWxhcyI6IjEwVCIsInVuaXQiOiJTTUEwMiIsImtlbG9tcG9rIjoiVEFIRklaSCJ9.BqvHMm8YrMuGswF2egPcKY0YcGrEl7VQ3hqjmUcTOk0","method":"getReport","kelas":"10T","unit":"SMA02","kelompok":"TAHFIZH"}}
[2026-01-22 22:50:34] {"level":"INFO","event":"DB_CONFIG","host":"10.99.23.26","port":"3306","db":"batam_hidayatullah","user":"webtagihan","pass":"f@*********nG"}
[2026-01-22 22:50:34] {"level":"INFO","event":"SQL_GET_REPORT","params":{":unit":"SMA02",":kelas":"10T",":kelompok":"TAHFIZH"},"query":"\r\n        SELECT\r\n            c.CODE02 AS unit,\r\n            c.DESC02 AS kelas,\r\n            c.DESC03 AS kelompok,\r\n            b.BTA AS tahun_akademik,\r\n            c.CODE04 AS tahun_angkatan,\r\n            d.KodePost AS kode,\r\n            b.BILLNM AS nama_tagihan,\r\n            d.BILLAM AS jumlah,\r\n            ua.NamaAkun AS namapost,\r\n            c.NUM2ND AS no_pend,\r\n            c.NOCUST AS nis,\r\n            c.NMCUST AS nama,\r\n            COALESCE(b.PAIDDT, b.FTGLTagihan) AS tanggal\r\n        FROM scctbill_detail d\r\n        INNER JOIN scctbill b\r\n            ON b.BILLCD = d.BILLCD AND b.CUSTID = d.CUSTID\r\n        INNER JOIN scctcust c\r\n            ON c.CUSTID = b.CUSTID\r\n        LEFT JOIN u_akun ua\r\n            ON ua.KodeAkun = d.KodePost\r\n        WHERE 1=1\r\n     AND c.CODE02 = :unit  AND c.DESC02 = :kelas  AND c.DESC03 = :kelompok  ORDER BY tanggal DESC, nis ASC LIMIT :limit OFFSET :offset "}
[2026-01-22 22:50:37] {"level":"INFO","event":"JWT_DECODED"}
[2026-01-22 22:50:37] {"level":"INFO","event":"REQUEST","method":"POST","body":{"token":"eyJ0eXAiOiJKV1QiLCJhbGciOiJIUzI1NiJ9.eyJrZWxhcyI6IjEwVCIsInVuaXQiOiJTTUEwMiIsImtlbG9tcG9rIjoiVEFIRklaSCJ9.BqvHMm8YrMuGswF2egPcKY0YcGrEl7VQ3hqjmUcTOk0","method":"getReport","kelas":"10T","unit":"SMA02","kelompok":"TAHFIZH"}}
[2026-01-22 22:50:37] {"level":"INFO","event":"DB_CONFIG","host":"10.99.23.26","port":"3306","db":"batam_hidayatullah","user":"webtagihan","pass":"f@*********nG"}
[2026-01-22 22:50:37] {"level":"INFO","event":"SQL_GET_REPORT","params":{":unit":"SMA02",":kelas":"10T",":kelompok":"TAHFIZH"},"query":"\r\n        SELECT\r\n            c.CODE02 AS unit,\r\n            c.DESC02 AS kelas,\r\n            c.DESC03 AS kelompok,\r\n            b.BTA AS tahun_akademik,\r\n            c.CODE04 AS tahun_angkatan,\r\n            d.KodePost AS kode,\r\n            b.BILLNM AS nama_tagihan,\r\n            d.BILLAM AS jumlah,\r\n            ua.NamaAkun AS namapost,\r\n            c.NUM2ND AS no_pend,\r\n            c.NOCUST AS nis,\r\n            c.NMCUST AS nama,\r\n            COALESCE(b.PAIDDT, b.FTGLTagihan) AS tanggal\r\n        FROM scctbill_detail d\r\n        INNER JOIN scctbill b\r\n            ON b.BILLCD = d.BILLCD AND b.CUSTID = d.CUSTID\r\n        INNER JOIN scctcust c\r\n            ON c.CUSTID = b.CUSTID\r\n        LEFT JOIN u_akun ua\r\n            ON ua.KodeAkun = d.KodePost\r\n        WHERE 1=1\r\n     AND c.CODE02 = :unit  AND c.DESC02 = :kelas  AND c.DESC03 = :kelompok  ORDER BY tanggal DESC, nis ASC LIMIT :limit OFFSET :offset "}
[2026-01-22 23:02:45] {"level":"INFO","event":"REQUEST","method":"GET","body":[]}
[2026-01-22 23:02:45] {"level":"INFO","event":"DB_CONFIG","host":"10.99.23.26","port":"3306","db":"batam_hidayatullah","user":"webtagihan","pass":"f@*********nG"}
[2026-01-22 23:02:45] {"level":"INFO","event":"SQL_GET_REPORT","params":[],"query":"\r\n        SELECT\r\n            c.CODE02 AS unit,\r\n            c.DESC02 AS kelas,\r\n            c.DESC03 AS kelompok,\r\n            b.BTA AS tahun_akademik,\r\n            c.CODE04 AS tahun_angkatan,\r\n            d.KodePost AS kode,\r\n            b.BILLNM AS nama_tagihan,\r\n            d.BILLAM AS jumlah,\r\n            ua.NamaAkun AS namapost,\r\n            c.NUM2ND AS no_pend,\r\n            c.NOCUST AS nis,\r\n            c.NMCUST AS nama,\r\n            COALESCE(b.PAIDDT, b.FTGLTagihan) AS tanggal\r\n        FROM scctbill_detail d\r\n        INNER JOIN scctbill b\r\n            ON b.BILLCD = d.BILLCD AND b.CUSTID = d.CUSTID\r\n        INNER JOIN scctcust c\r\n            ON c.CUSTID = b.CUSTID\r\n        LEFT JOIN u_akun ua\r\n            ON ua.KodeAkun = d.KodePost\r\n        WHERE 1=1\r\n     ORDER BY tanggal DESC, nis ASC LIMIT :limit OFFSET :offset "}
[2026-01-23 13:12:41] {"level":"INFO","event":"JWT_DECODED"}
[2026-01-23 13:12:41] {"level":"INFO","event":"REQUEST","method":"POST","body":{"token":"eyJ0eXAiOiJKV1QiLCJhbGciOiJIUzI1NiJ9.W10.K5NzDrsFlsvlHx-kJm4eKJ__Qcjw3KkNygXMUm4h0HQ","method":"getKelas"}}
[2026-01-23 13:12:41] {"level":"INFO","event":"DB_CONFIG","host":"10.99.23.26","port":"3306","db":"batam_hidayatullah","user":"webtagihan","pass":"f@*********nG"}
[2026-01-23 13:12:41] {"level":"INFO","event":"SQL_GET_KELAS","query":"\r\n        SELECT DISTINCT\r\n            c.CODE02 AS unit,\r\n            c.DESC02 AS kelas,\r\n            c.DESC03 AS kelompok\r\n        FROM scctcust c\r\n        WHERE 1=1\r\n        ORDER BY unit ASC, kelas ASC, kelompok ASC\r\n    "}
[2026-01-23 13:12:42] {"level":"INFO","event":"JWT_DECODED"}
[2026-01-23 13:12:42] {"level":"INFO","event":"REQUEST","method":"POST","body":{"token":"eyJ0eXAiOiJKV1QiLCJhbGciOiJIUzI1NiJ9.W10.K5NzDrsFlsvlHx-kJm4eKJ__Qcjw3KkNygXMUm4h0HQ","method":"getReport"}}
[2026-01-23 13:12:42] {"level":"INFO","event":"DB_CONFIG","host":"10.99.23.26","port":"3306","db":"batam_hidayatullah","user":"webtagihan","pass":"f@*********nG"}
[2026-01-23 13:12:42] {"level":"INFO","event":"SQL_GET_REPORT","params":[],"query":"\r\n        SELECT\r\n            c.CODE02 AS unit,\r\n            c.DESC02 AS kelas,\r\n            c.DESC03 AS kelompok,\r\n            b.BTA AS tahun_akademik,\r\n            c.CODE04 AS tahun_angkatan,\r\n            d.KodePost AS kode,\r\n            b.BILLNM AS nama_tagihan,\r\n            d.BILLAM AS jumlah,\r\n            ua.NamaAkun AS namapost,\r\n            c.NUM2ND AS no_pend,\r\n            c.NOCUST AS nis,\r\n            c.NMCUST AS nama,\r\n            COALESCE(b.PAIDDT, b.FTGLTagihan) AS tanggal\r\n        FROM scctbill_detail d\r\n        INNER JOIN scctbill b\r\n            ON b.BILLCD = d.BILLCD AND b.CUSTID = d.CUSTID\r\n        INNER JOIN scctcust c\r\n            ON c.CUSTID = b.CUSTID\r\n        LEFT JOIN u_akun ua\r\n            ON ua.KodeAkun = d.KodePost\r\n        WHERE 1=1\r\n     ORDER BY tanggal DESC, nis ASC LIMIT :limit OFFSET :offset "}
[2026-01-23 13:12:45] {"level":"INFO","event":"JWT_DECODED"}
[2026-01-23 13:12:45] {"level":"INFO","event":"REQUEST","method":"POST","body":{"token":"eyJ0eXAiOiJKV1QiLCJhbGciOiJIUzI1NiJ9.W10.K5NzDrsFlsvlHx-kJm4eKJ__Qcjw3KkNygXMUm4h0HQ","method":"getReport"}}
[2026-01-23 13:12:45] {"level":"INFO","event":"DB_CONFIG","host":"10.99.23.26","port":"3306","db":"batam_hidayatullah","user":"webtagihan","pass":"f@*********nG"}
[2026-01-23 13:12:45] {"level":"INFO","event":"SQL_GET_REPORT","params":[],"query":"\r\n        SELECT\r\n            c.CODE02 AS unit,\r\n            c.DESC02 AS kelas,\r\n            c.DESC03 AS kelompok,\r\n            b.BTA AS tahun_akademik,\r\n            c.CODE04 AS tahun_angkatan,\r\n            d.KodePost AS kode,\r\n            b.BILLNM AS nama_tagihan,\r\n            d.BILLAM AS jumlah,\r\n            ua.NamaAkun AS namapost,\r\n            c.NUM2ND AS no_pend,\r\n            c.NOCUST AS nis,\r\n            c.NMCUST AS nama,\r\n            COALESCE(b.PAIDDT, b.FTGLTagihan) AS tanggal\r\n        FROM scctbill_detail d\r\n        INNER JOIN scctbill b\r\n            ON b.BILLCD = d.BILLCD AND b.CUSTID = d.CUSTID\r\n        INNER JOIN scctcust c\r\n            ON c.CUSTID = b.CUSTID\r\n        LEFT JOIN u_akun ua\r\n            ON ua.KodeAkun = d.KodePost\r\n        WHERE 1=1\r\n     ORDER BY tanggal DESC, nis ASC LIMIT :limit OFFSET :offset "}
[2026-01-23 13:13:16] {"level":"INFO","event":"JWT_DECODED"}
[2026-01-23 13:13:16] {"level":"INFO","event":"REQUEST","method":"POST","body":{"token":"eyJ0eXAiOiJKV1QiLCJhbGciOiJIUzI1NiJ9.W10.K5NzDrsFlsvlHx-kJm4eKJ__Qcjw3KkNygXMUm4h0HQ","method":"getReport"}}
[2026-01-23 13:13:16] {"level":"INFO","event":"DB_CONFIG","host":"10.99.23.26","port":"3306","db":"batam_hidayatullah","user":"webtagihan","pass":"f@*********nG"}
[2026-01-23 13:13:16] {"level":"INFO","event":"SQL_GET_REPORT","params":[],"query":"\r\n        SELECT\r\n            c.CODE02 AS unit,\r\n            c.DESC02 AS kelas,\r\n            c.DESC03 AS kelompok,\r\n            b.BTA AS tahun_akademik,\r\n            c.CODE04 AS tahun_angkatan,\r\n            d.KodePost AS kode,\r\n            b.BILLNM AS nama_tagihan,\r\n            d.BILLAM AS jumlah,\r\n            ua.NamaAkun AS namapost,\r\n            c.NUM2ND AS no_pend,\r\n            c.NOCUST AS nis,\r\n            c.NMCUST AS nama,\r\n            COALESCE(b.PAIDDT, b.FTGLTagihan) AS tanggal\r\n        FROM scctbill_detail d\r\n        INNER JOIN scctbill b\r\n            ON b.BILLCD = d.BILLCD AND b.CUSTID = d.CUSTID\r\n        INNER JOIN scctcust c\r\n            ON c.CUSTID = b.CUSTID\r\n        LEFT JOIN u_akun ua\r\n            ON ua.KodeAkun = d.KodePost\r\n        WHERE 1=1\r\n     ORDER BY tanggal DESC, nis ASC LIMIT :limit OFFSET :offset "}
[2026-01-23 13:31:08] {"level":"INFO","event":"JWT_DECODED"}
[2026-01-23 13:31:08] {"level":"INFO","event":"REQUEST","method":"POST","body":{"token":"eyJ0eXAiOiJKV1QiLCJhbGciOiJIUzI1NiJ9.W10.K5NzDrsFlsvlHx-kJm4eKJ__Qcjw3KkNygXMUm4h0HQ","method":"getReport"}}
[2026-01-23 13:31:08] {"level":"INFO","event":"DB_CONFIG","host":"10.99.23.26","port":"3306","db":"batam_hidayatullah","user":"webtagihan","pass":"f@*********nG"}
[2026-01-23 13:31:08] {"level":"INFO","event":"SQL_GET_REPORT","params":[],"query":"\r\n        SELECT\r\n            c.CODE02 AS unit,\r\n            c.DESC02 AS kelas,\r\n            c.DESC03 AS kelompok,\r\n            b.BTA AS tahun_akademik,\r\n            c.CODE04 AS tahun_angkatan,\r\n            d.KodePost AS kode,\r\n            b.BILLNM AS nama_tagihan,\r\n            d.BILLAM AS jumlah,\r\n            ua.NamaAkun AS namapost,\r\n            c.NUM2ND AS no_pend,\r\n            c.NOCUST AS nis,\r\n            c.NMCUST AS nama,\r\n            COALESCE(b.PAIDDT, b.FTGLTagihan) AS tanggal\r\n        FROM scctbill_detail d\r\n        INNER JOIN scctbill b\r\n            ON b.BILLCD = d.BILLCD AND b.CUSTID = d.CUSTID\r\n        INNER JOIN scctcust c\r\n            ON c.CUSTID = b.CUSTID\r\n        LEFT JOIN u_akun ua\r\n            ON ua.KodeAkun = d.KodePost\r\n        WHERE 1=1\r\n     ORDER BY tanggal DESC, nis ASC LIMIT :limit OFFSET :offset "}
[2026-01-23 13:51:02] {"level":"INFO","event":"JWT_DECODED"}
[2026-01-23 13:51:02] {"level":"INFO","event":"REQUEST","method":"POST","body":{"method":"getReport","token":"eyJ0eXAiOiJKV1QiLCJhbGciOiJIUzI1NiJ9.eyJrZWxhcyI6IjlSIn0.c97Jtx7JD03mF6tninKVsPRfOnfCejdKV9CeP892WGs","kelas":"9R"}}
[2026-01-23 13:51:02] {"level":"INFO","event":"DB_CONFIG","host":"10.99.23.26","port":"3306","db":"batam_hidayatullah","user":"webtagihan","pass":"f@*********nG"}
[2026-01-23 13:51:02] {"level":"INFO","event":"SQL_GET_REPORT","params":{":kelas":"9R"},"query":"\r\n        SELECT\r\n            c.CODE02 AS unit,\r\n            c.DESC02 AS kelas,\r\n            c.DESC03 AS kelompok,\r\n            b.BTA AS tahun_akademik,\r\n            c.CODE04 AS tahun_angkatan,\r\n            d.KodePost AS kode,\r\n            b.BILLNM AS nama_tagihan,\r\n            d.BILLAM AS jumlah,\r\n            ua.NamaAkun AS namapost,\r\n            c.NUM2ND AS no_pend,\r\n            c.NOCUST AS nis,\r\n            c.NMCUST AS nama,\r\n            COALESCE(b.PAIDDT, b.FTGLTagihan) AS tanggal\r\n        FROM scctbill_detail d\r\n        INNER JOIN scctbill b\r\n            ON b.BILLCD = d.BILLCD AND b.CUSTID = d.CUSTID\r\n        INNER JOIN scctcust c\r\n            ON c.CUSTID = b.CUSTID\r\n        LEFT JOIN u_akun ua\r\n            ON ua.KodeAkun = d.KodePost\r\n        WHERE 1=1\r\n     AND c.DESC02 = :kelas  ORDER BY tanggal DESC, nis ASC LIMIT :limit OFFSET :offset "}
[2026-01-23 13:56:13] {"level":"INFO","event":"JWT_DECODED"}
[2026-01-23 13:56:13] {"level":"INFO","event":"REQUEST","method":"POST","body":{"method":"getReport","token":"eyJ0eXAiOiJKV1QiLCJhbGciOiJIUzI1NiJ9.eyJrZWxhcyI6IjlSIn0.c97Jtx7JD03mF6tninKVsPRfOnfCejdKV9CeP892WGs","kelas":"9R"}}
[2026-01-23 13:56:13] {"level":"INFO","event":"DB_CONFIG","host":"10.99.23.26","port":"3306","db":"batam_hidayatullah","user":"webtagihan","pass":"f@*********nG"}
[2026-01-23 13:56:13] {"level":"INFO","event":"SQL_GET_REPORT","params":{":kelas":"9R"},"query":"\r\n        SELECT\r\n            c.CODE02 AS unit,\r\n            c.DESC02 AS kelas,\r\n            c.DESC03 AS kelompok,\r\n            b.BTA AS tahun_akademik,\r\n            c.DESC04 AS tahun_angkatan,\r\n            d.KodePost AS kode,\r\n            b.BILLNM AS nama_tagihan,\r\n            d.BILLAM AS jumlah,\r\n            ua.NamaAkun AS namapost,\r\n            c.NUM2ND AS no_pend,\r\n            c.NOCUST AS nis,\r\n            c.NMCUST AS nama,\r\n            COALESCE(b.PAIDDT, b.FTGLTagihan) AS tanggal\r\n        FROM scctbill_detail d\r\n        INNER JOIN scctbill b\r\n            ON b.BILLCD = d.BILLCD AND b.CUSTID = d.CUSTID\r\n        INNER JOIN scctcust c\r\n            ON c.CUSTID = b.CUSTID\r\n        LEFT JOIN u_akun ua\r\n            ON ua.KodeAkun = d.KodePost\r\n        WHERE 1=1\r\n     AND c.DESC02 = :kelas  ORDER BY tanggal DESC, nis ASC LIMIT :limit OFFSET :offset "}
[2026-01-23 13:59:13] {"level":"INFO","event":"JWT_DECODED"}
[2026-01-23 13:59:13] {"level":"INFO","event":"REQUEST","method":"POST","body":{"token":"eyJ0eXAiOiJKV1QiLCJhbGciOiJIUzI1NiJ9.W10.K5NzDrsFlsvlHx-kJm4eKJ__Qcjw3KkNygXMUm4h0HQ","method":"getReport"}}
[2026-01-23 13:59:13] {"level":"INFO","event":"DB_CONFIG","host":"10.99.23.26","port":"3306","db":"batam_hidayatullah","user":"webtagihan","pass":"f@*********nG"}
[2026-01-23 13:59:13] {"level":"INFO","event":"SQL_GET_REPORT","params":[],"query":"\r\n        SELECT\r\n            c.CODE02 AS unit,\r\n            c.DESC02 AS kelas,\r\n            c.DESC03 AS kelompok,\r\n            b.BTA AS tahun_akademik,\r\n            c.DESC04 AS tahun_angkatan,\r\n            d.KodePost AS kode,\r\n            b.BILLNM AS nama_tagihan,\r\n            d.BILLAM AS jumlah,\r\n            ua.NamaAkun AS namapost,\r\n            c.NUM2ND AS no_pend,\r\n            c.NOCUST AS nis,\r\n            c.NMCUST AS nama,\r\n            COALESCE(b.PAIDDT, b.FTGLTagihan) AS tanggal\r\n        FROM scctbill_detail d\r\n        INNER JOIN scctbill b\r\n            ON b.BILLCD = d.BILLCD AND b.CUSTID = d.CUSTID\r\n        INNER JOIN scctcust c\r\n            ON c.CUSTID = b.CUSTID\r\n        LEFT JOIN u_akun ua\r\n            ON ua.KodeAkun = d.KodePost\r\n        WHERE 1=1\r\n     ORDER BY tanggal DESC, nis ASC LIMIT :limit OFFSET :offset "}
[2026-01-23 14:01:53] {"level":"INFO","event":"JWT_DECODED"}
[2026-01-23 14:01:53] {"level":"INFO","event":"REQUEST","method":"POST","body":{"token":"eyJ0eXAiOiJKV1QiLCJhbGciOiJIUzI1NiJ9.W10.K5NzDrsFlsvlHx-kJm4eKJ__Qcjw3KkNygXMUm4h0HQ","method":"getKelas"}}
[2026-01-23 14:01:53] {"level":"INFO","event":"DB_CONFIG","host":"10.99.23.26","port":"3306","db":"batam_hidayatullah","user":"webtagihan","pass":"f@*********nG"}
[2026-01-23 14:01:53] {"level":"INFO","event":"SQL_GET_KELAS","query":"\r\n        SELECT DISTINCT\r\n            c.CODE02 AS unit,\r\n            c.DESC02 AS kelas,\r\n            c.DESC03 AS kelompok\r\n        FROM scctcust c\r\n        WHERE 1=1\r\n        ORDER BY unit ASC, kelas ASC, kelompok ASC\r\n    "}
[2026-01-23 14:01:56] {"level":"INFO","event":"JWT_DECODED"}
[2026-01-23 14:01:56] {"level":"INFO","event":"REQUEST","method":"POST","body":{"token":"eyJ0eXAiOiJKV1QiLCJhbGciOiJIUzI1NiJ9.W10.K5NzDrsFlsvlHx-kJm4eKJ__Qcjw3KkNygXMUm4h0HQ","method":"getReport"}}
[2026-01-23 14:01:56] {"level":"INFO","event":"DB_CONFIG","host":"10.99.23.26","port":"3306","db":"batam_hidayatullah","user":"webtagihan","pass":"f@*********nG"}
[2026-01-23 14:01:56] {"level":"INFO","event":"SQL_GET_REPORT","params":[],"query":"\r\n        SELECT\r\n            c.CODE02 AS unit,\r\n            c.DESC02 AS kelas,\r\n            c.DESC03 AS kelompok,\r\n            b.BTA AS tahun_akademik,\r\n            c.DESC04 AS tahun_angkatan,\r\n            d.KodePost AS kode,\r\n            b.BILLNM AS nama_tagihan,\r\n            d.BILLAM AS jumlah,\r\n            ua.NamaAkun AS namapost,\r\n            c.NUM2ND AS no_pend,\r\n            c.NOCUST AS nis,\r\n            c.NMCUST AS nama,\r\n            COALESCE(b.PAIDDT, b.FTGLTagihan) AS tanggal\r\n        FROM scctbill_detail d\r\n        INNER JOIN scctbill b\r\n            ON b.BILLCD = d.BILLCD AND b.CUSTID = d.CUSTID\r\n        INNER JOIN scctcust c\r\n            ON c.CUSTID = b.CUSTID\r\n        LEFT JOIN u_akun ua\r\n            ON ua.KodeAkun = d.KodePost\r\n        WHERE 1=1\r\n     ORDER BY tanggal DESC, nis ASC LIMIT :limit OFFSET :offset "}
[2026-01-23 14:02:03] {"level":"INFO","event":"JWT_DECODED"}
[2026-01-23 14:02:03] {"level":"INFO","event":"REQUEST","method":"POST","body":{"token":"eyJ0eXAiOiJKV1QiLCJhbGciOiJIUzI1NiJ9.W10.K5NzDrsFlsvlHx-kJm4eKJ__Qcjw3KkNygXMUm4h0HQ","method":"getReport"}}
[2026-01-23 14:02:03] {"level":"INFO","event":"DB_CONFIG","host":"10.99.23.26","port":"3306","db":"batam_hidayatullah","user":"webtagihan","pass":"f@*********nG"}
[2026-01-23 14:02:03] {"level":"INFO","event":"SQL_GET_REPORT","params":[],"query":"\r\n        SELECT\r\n            c.CODE02 AS unit,\r\n            c.DESC02 AS kelas,\r\n            c.DESC03 AS kelompok,\r\n            b.BTA AS tahun_akademik,\r\n            c.DESC04 AS tahun_angkatan,\r\n            d.KodePost AS kode,\r\n            b.BILLNM AS nama_tagihan,\r\n            d.BILLAM AS jumlah,\r\n            ua.NamaAkun AS namapost,\r\n            c.NUM2ND AS no_pend,\r\n            c.NOCUST AS nis,\r\n            c.NMCUST AS nama,\r\n            COALESCE(b.PAIDDT, b.FTGLTagihan) AS tanggal\r\n        FROM scctbill_detail d\r\n        INNER JOIN scctbill b\r\n            ON b.BILLCD = d.BILLCD AND b.CUSTID = d.CUSTID\r\n        INNER JOIN scctcust c\r\n            ON c.CUSTID = b.CUSTID\r\n        LEFT JOIN u_akun ua\r\n            ON ua.KodeAkun = d.KodePost\r\n        WHERE 1=1\r\n     ORDER BY tanggal DESC, nis ASC LIMIT :limit OFFSET :offset "}
[2026-01-23 14:02:22] {"level":"INFO","event":"JWT_DECODED"}
[2026-01-23 14:02:22] {"level":"INFO","event":"REQUEST","method":"POST","body":{"token":"eyJ0eXAiOiJKV1QiLCJhbGciOiJIUzI1NiJ9.W10.K5NzDrsFlsvlHx-kJm4eKJ__Qcjw3KkNygXMUm4h0HQ","method":"getReport"}}
[2026-01-23 14:02:22] {"level":"INFO","event":"DB_CONFIG","host":"10.99.23.26","port":"3306","db":"batam_hidayatullah","user":"webtagihan","pass":"f@*********nG"}
[2026-01-23 14:02:22] {"level":"INFO","event":"SQL_GET_REPORT","params":[],"query":"\r\n        SELECT\r\n            c.CODE02 AS unit,\r\n            c.DESC02 AS kelas,\r\n            c.DESC03 AS kelompok,\r\n            b.BTA AS tahun_akademik,\r\n            c.DESC04 AS tahun_angkatan,\r\n            d.KodePost AS kode,\r\n            b.BILLNM AS nama_tagihan,\r\n            d.BILLAM AS jumlah,\r\n            ua.NamaAkun AS namapost,\r\n            c.NUM2ND AS no_pend,\r\n            c.NOCUST AS nis,\r\n            c.NMCUST AS nama,\r\n            COALESCE(b.PAIDDT, b.FTGLTagihan) AS tanggal\r\n        FROM scctbill_detail d\r\n        INNER JOIN scctbill b\r\n            ON b.BILLCD = d.BILLCD AND b.CUSTID = d.CUSTID\r\n        INNER JOIN scctcust c\r\n            ON c.CUSTID = b.CUSTID\r\n        LEFT JOIN u_akun ua\r\n            ON ua.KodeAkun = d.KodePost\r\n        WHERE 1=1\r\n     ORDER BY tanggal DESC, nis ASC LIMIT :limit OFFSET :offset "}
[2026-01-23 14:02:39] {"level":"INFO","event":"JWT_DECODED"}
[2026-01-23 14:02:39] {"level":"INFO","event":"REQUEST","method":"POST","body":{"token":"eyJ0eXAiOiJKV1QiLCJhbGciOiJIUzI1NiJ9.eyJ0YW5nZ2FsX2Zyb20iOiIyMDI2LTAxLTIyIiwidGFuZ2dhbF90byI6IjIwMjYtMDEtMjMifQ.GCxpbfqUy0VL14DCofcfc3flxXBHjQULqBoD9znhkcw","method":"getReport","tanggal_from":"2026-01-22","tanggal_to":"2026-01-23"}}
[2026-01-23 14:02:39] {"level":"INFO","event":"DB_CONFIG","host":"10.99.23.26","port":"3306","db":"batam_hidayatullah","user":"webtagihan","pass":"f@*********nG"}
[2026-01-23 14:02:39] {"level":"INFO","event":"SQL_GET_REPORT","params":{":from_dt1":"2026-01-22 00:00:00",":to_dt1":"2026-01-23 23:59:59",":from_dt2":"2026-01-22 00:00:00",":to_dt2":"2026-01-23 23:59:59"},"query":"\r\n        SELECT\r\n            c.CODE02 AS unit,\r\n            c.DESC02 AS kelas,\r\n            c.DESC03 AS kelompok,\r\n            b.BTA AS tahun_akademik,\r\n            c.DESC04 AS tahun_angkatan,\r\n            d.KodePost AS kode,\r\n            b.BILLNM AS nama_tagihan,\r\n            d.BILLAM AS jumlah,\r\n            ua.NamaAkun AS namapost,\r\n            c.NUM2ND AS no_pend,\r\n            c.NOCUST AS nis,\r\n            c.NMCUST AS nama,\r\n            COALESCE(b.PAIDDT, b.FTGLTagihan) AS tanggal\r\n        FROM scctbill_detail d\r\n        INNER JOIN scctbill b\r\n            ON b.BILLCD = d.BILLCD AND b.CUSTID = d.CUSTID\r\n        INNER JOIN scctcust c\r\n            ON c.CUSTID = b.CUSTID\r\n        LEFT JOIN u_akun ua\r\n            ON ua.KodeAkun = d.KodePost\r\n        WHERE 1=1\r\n    \r\n            AND (\r\n                (b.PAIDDT IS NOT NULL AND b.PAIDDT BETWEEN :from_dt1 AND :to_dt1)\r\n                OR\r\n                (b.PAIDDT IS NULL AND b.FTGLTagihan BETWEEN :from_dt2 AND :to_dt2)\r\n            )\r\n         ORDER BY tanggal DESC, nis ASC LIMIT :limit OFFSET :offset "}
[2026-01-23 14:02:42] {"level":"INFO","event":"JWT_DECODED"}
[2026-01-23 14:02:42] {"level":"INFO","event":"REQUEST","method":"POST","body":{"token":"eyJ0eXAiOiJKV1QiLCJhbGciOiJIUzI1NiJ9.eyJ0YW5nZ2FsX2Zyb20iOiIyMDI2LTAxLTIyIiwidGFuZ2dhbF90byI6IjIwMjYtMDEtMjMifQ.GCxpbfqUy0VL14DCofcfc3flxXBHjQULqBoD9znhkcw","method":"getReport","tanggal_from":"2026-01-22","tanggal_to":"2026-01-23"}}
[2026-01-23 14:02:42] {"level":"INFO","event":"DB_CONFIG","host":"10.99.23.26","port":"3306","db":"batam_hidayatullah","user":"webtagihan","pass":"f@*********nG"}
[2026-01-23 14:02:42] {"level":"INFO","event":"SQL_GET_REPORT","params":{":from_dt1":"2026-01-22 00:00:00",":to_dt1":"2026-01-23 23:59:59",":from_dt2":"2026-01-22 00:00:00",":to_dt2":"2026-01-23 23:59:59"},"query":"\r\n        SELECT\r\n            c.CODE02 AS unit,\r\n            c.DESC02 AS kelas,\r\n            c.DESC03 AS kelompok,\r\n            b.BTA AS tahun_akademik,\r\n            c.DESC04 AS tahun_angkatan,\r\n            d.KodePost AS kode,\r\n            b.BILLNM AS nama_tagihan,\r\n            d.BILLAM AS jumlah,\r\n            ua.NamaAkun AS namapost,\r\n            c.NUM2ND AS no_pend,\r\n            c.NOCUST AS nis,\r\n            c.NMCUST AS nama,\r\n            COALESCE(b.PAIDDT, b.FTGLTagihan) AS tanggal\r\n        FROM scctbill_detail d\r\n        INNER JOIN scctbill b\r\n            ON b.BILLCD = d.BILLCD AND b.CUSTID = d.CUSTID\r\n        INNER JOIN scctcust c\r\n            ON c.CUSTID = b.CUSTID\r\n        LEFT JOIN u_akun ua\r\n            ON ua.KodeAkun = d.KodePost\r\n        WHERE 1=1\r\n    \r\n            AND (\r\n                (b.PAIDDT IS NOT NULL AND b.PAIDDT BETWEEN :from_dt1 AND :to_dt1)\r\n                OR\r\n                (b.PAIDDT IS NULL AND b.FTGLTagihan BETWEEN :from_dt2 AND :to_dt2)\r\n            )\r\n         ORDER BY tanggal DESC, nis ASC LIMIT :limit OFFSET :offset "}
[2026-01-23 14:02:53] {"level":"INFO","event":"JWT_DECODED"}
[2026-01-23 14:02:53] {"level":"INFO","event":"REQUEST","method":"POST","body":{"token":"eyJ0eXAiOiJKV1QiLCJhbGciOiJIUzI1NiJ9.eyJ0YW5nZ2FsX2Zyb20iOiIyMDI2LTAxLTIyIiwidGFuZ2dhbF90byI6IjIwMjYtMDEtMjMifQ.GCxpbfqUy0VL14DCofcfc3flxXBHjQULqBoD9znhkcw","method":"getReport","tanggal_from":"2026-01-22","tanggal_to":"2026-01-23"}}
[2026-01-23 14:02:53] {"level":"INFO","event":"DB_CONFIG","host":"10.99.23.26","port":"3306","db":"batam_hidayatullah","user":"webtagihan","pass":"f@*********nG"}
[2026-01-23 14:02:53] {"level":"INFO","event":"SQL_GET_REPORT","params":{":from_dt1":"2026-01-22 00:00:00",":to_dt1":"2026-01-23 23:59:59",":from_dt2":"2026-01-22 00:00:00",":to_dt2":"2026-01-23 23:59:59"},"query":"\r\n        SELECT\r\n            c.CODE02 AS unit,\r\n            c.DESC02 AS kelas,\r\n            c.DESC03 AS kelompok,\r\n            b.BTA AS tahun_akademik,\r\n            c.DESC04 AS tahun_angkatan,\r\n            d.KodePost AS kode,\r\n            b.BILLNM AS nama_tagihan,\r\n            d.BILLAM AS jumlah,\r\n            ua.NamaAkun AS namapost,\r\n            c.NUM2ND AS no_pend,\r\n            c.NOCUST AS nis,\r\n            c.NMCUST AS nama,\r\n            COALESCE(b.PAIDDT, b.FTGLTagihan) AS tanggal\r\n        FROM scctbill_detail d\r\n        INNER JOIN scctbill b\r\n            ON b.BILLCD = d.BILLCD AND b.CUSTID = d.CUSTID\r\n        INNER JOIN scctcust c\r\n            ON c.CUSTID = b.CUSTID\r\n        LEFT JOIN u_akun ua\r\n            ON ua.KodeAkun = d.KodePost\r\n        WHERE 1=1\r\n    \r\n            AND (\r\n                (b.PAIDDT IS NOT NULL AND b.PAIDDT BETWEEN :from_dt1 AND :to_dt1)\r\n                OR\r\n                (b.PAIDDT IS NULL AND b.FTGLTagihan BETWEEN :from_dt2 AND :to_dt2)\r\n            )\r\n         ORDER BY tanggal DESC, nis ASC LIMIT :limit OFFSET :offset "}
[2026-01-23 14:14:49] {"level":"INFO","event":"JWT_DECODED"}
[2026-01-23 14:14:49] {"level":"INFO","event":"REQUEST","method":"POST","body":{"method":"getReport","token":"eyJ0eXAiOiJKV1QiLCJhbGciOiJIUzI1NiJ9.eyJrZWxhcyI6IjlSIn0.c97Jtx7JD03mF6tninKVsPRfOnfCejdKV9CeP892WGs","kelas":"9R"}}
[2026-01-23 14:14:49] {"level":"INFO","event":"DB_CONFIG","host":"10.99.23.26","port":"3306","db":"batam_hidayatullah","user":"webtagihan","pass":"f@*********nG"}
[2026-01-23 14:14:49] {"level":"INFO","event":"SQL_GET_REPORT","params":{":kelas":"9R"},"query":"\r\n        SELECT\r\n            c.CODE02 AS unit,\r\n            c.DESC02 AS kelas,\r\n            c.DESC03 AS kelompok,\r\n            b.BTA AS tahun_akademik,\r\n            c.DESC04 AS tahun_angkatan,\r\n            d.KodePost AS kode,\r\n            b.BILLNM AS nama_tagihan,\r\n            d.BILLAM AS jumlah,\r\n            ua.NamaAkun AS namapost,\r\n            c.NUM2ND AS no_pend,\r\n            c.NOCUST AS nis,\r\n            c.NMCUST AS nama,\r\n            b.PAIDDT AS tanggal\r\n        FROM scctbill_detail d\r\n        INNER JOIN scctbill b\r\n            ON b.BILLCD = d.BILLCD AND b.CUSTID = d.CUSTID\r\n        INNER JOIN scctcust c\r\n            ON c.CUSTID = b.CUSTID\r\n        LEFT JOIN u_akun ua\r\n            ON ua.KodeAkun = d.KodePost\r\n        WHERE b.PAIDST = 1\r\n          AND b.FSTSBolehBayar = 1\r\n     AND c.DESC02 = :kelas  ORDER BY b.PAIDDT DESC, c.NOCUST ASC LIMIT :limit OFFSET :offset "}
[2026-01-23 14:14:50] {"level":"INFO","event":"JWT_DECODED"}
[2026-01-23 14:14:50] {"level":"INFO","event":"REQUEST","method":"POST","body":{"method":"getReport","token":"eyJ0eXAiOiJKV1QiLCJhbGciOiJIUzI1NiJ9.eyJrZWxhcyI6IjlSIn0.c97Jtx7JD03mF6tninKVsPRfOnfCejdKV9CeP892WGs","kelas":"9R"}}
[2026-01-23 14:14:50] {"level":"INFO","event":"DB_CONFIG","host":"10.99.23.26","port":"3306","db":"batam_hidayatullah","user":"webtagihan","pass":"f@*********nG"}
[2026-01-23 14:14:50] {"level":"INFO","event":"SQL_GET_REPORT","params":{":kelas":"9R"},"query":"\r\n        SELECT\r\n            c.CODE02 AS unit,\r\n            c.DESC02 AS kelas,\r\n            c.DESC03 AS kelompok,\r\n            b.BTA AS tahun_akademik,\r\n            c.DESC04 AS tahun_angkatan,\r\n            d.KodePost AS kode,\r\n            b.BILLNM AS nama_tagihan,\r\n            d.BILLAM AS jumlah,\r\n            ua.NamaAkun AS namapost,\r\n            c.NUM2ND AS no_pend,\r\n            c.NOCUST AS nis,\r\n            c.NMCUST AS nama,\r\n            b.PAIDDT AS tanggal\r\n        FROM scctbill_detail d\r\n        INNER JOIN scctbill b\r\n            ON b.BILLCD = d.BILLCD AND b.CUSTID = d.CUSTID\r\n        INNER JOIN scctcust c\r\n            ON c.CUSTID = b.CUSTID\r\n        LEFT JOIN u_akun ua\r\n            ON ua.KodeAkun = d.KodePost\r\n        WHERE b.PAIDST = 1\r\n          AND b.FSTSBolehBayar = 1\r\n     AND c.DESC02 = :kelas  ORDER BY b.PAIDDT DESC, c.NOCUST ASC LIMIT :limit OFFSET :offset "}
[2026-01-23 14:14:58] {"level":"INFO","event":"JWT_DECODED"}
[2026-01-23 14:14:58] {"level":"INFO","event":"REQUEST","method":"POST","body":{"method":"getReport","token":"eyJ0eXAiOiJKV1QiLCJhbGciOiJIUzI1NiJ9.eyJrZWxhcyI6IjlSIn0.c97Jtx7JD03mF6tninKVsPRfOnfCejdKV9CeP892WGs","kelas":"9R"}}
[2026-01-23 14:14:58] {"level":"INFO","event":"DB_CONFIG","host":"10.99.23.26","port":"3306","db":"batam_hidayatullah","user":"webtagihan","pass":"f@*********nG"}
[2026-01-23 14:14:58] {"level":"INFO","event":"SQL_GET_REPORT","params":{":kelas":"9R"},"query":"\r\n        SELECT\r\n            c.CODE02 AS unit,\r\n            c.DESC02 AS kelas,\r\n            c.DESC03 AS kelompok,\r\n            b.BTA AS tahun_akademik,\r\n            c.DESC04 AS tahun_angkatan,\r\n            d.KodePost AS kode,\r\n            b.BILLNM AS nama_tagihan,\r\n            d.BILLAM AS jumlah,\r\n            ua.NamaAkun AS namapost,\r\n            c.NUM2ND AS no_pend,\r\n            c.NOCUST AS nis,\r\n            c.NMCUST AS nama,\r\n            b.PAIDDT AS tanggal\r\n        FROM scctbill_detail d\r\n        INNER JOIN scctbill b\r\n            ON b.BILLCD = d.BILLCD AND b.CUSTID = d.CUSTID\r\n        INNER JOIN scctcust c\r\n            ON c.CUSTID = b.CUSTID\r\n        LEFT JOIN u_akun ua\r\n            ON ua.KodeAkun = d.KodePost\r\n        WHERE b.PAIDST = 1\r\n          AND b.FSTSBolehBayar = 1\r\n     AND c.DESC02 = :kelas  ORDER BY b.PAIDDT DESC, c.NOCUST ASC LIMIT :limit OFFSET :offset "}
[2026-01-23 14:14:59] {"level":"INFO","event":"JWT_DECODED"}
[2026-01-23 14:14:59] {"level":"INFO","event":"REQUEST","method":"POST","body":{"method":"getReport","token":"eyJ0eXAiOiJKV1QiLCJhbGciOiJIUzI1NiJ9.eyJrZWxhcyI6IjlSIn0.c97Jtx7JD03mF6tninKVsPRfOnfCejdKV9CeP892WGs","kelas":"9R"}}
[2026-01-23 14:14:59] {"level":"INFO","event":"DB_CONFIG","host":"10.99.23.26","port":"3306","db":"batam_hidayatullah","user":"webtagihan","pass":"f@*********nG"}
[2026-01-23 14:14:59] {"level":"INFO","event":"SQL_GET_REPORT","params":{":kelas":"9R"},"query":"\r\n        SELECT\r\n            c.CODE02 AS unit,\r\n            c.DESC02 AS kelas,\r\n            c.DESC03 AS kelompok,\r\n            b.BTA AS tahun_akademik,\r\n            c.DESC04 AS tahun_angkatan,\r\n            d.KodePost AS kode,\r\n            b.BILLNM AS nama_tagihan,\r\n            d.BILLAM AS jumlah,\r\n            ua.NamaAkun AS namapost,\r\n            c.NUM2ND AS no_pend,\r\n            c.NOCUST AS nis,\r\n            c.NMCUST AS nama,\r\n            b.PAIDDT AS tanggal\r\n        FROM scctbill_detail d\r\n        INNER JOIN scctbill b\r\n            ON b.BILLCD = d.BILLCD AND b.CUSTID = d.CUSTID\r\n        INNER JOIN scctcust c\r\n            ON c.CUSTID = b.CUSTID\r\n        LEFT JOIN u_akun ua\r\n            ON ua.KodeAkun = d.KodePost\r\n        WHERE b.PAIDST = 1\r\n          AND b.FSTSBolehBayar = 1\r\n     AND c.DESC02 = :kelas  ORDER BY b.PAIDDT DESC, c.NOCUST ASC LIMIT :limit OFFSET :offset "}
[2026-01-23 14:15:04] {"level":"INFO","event":"JWT_DECODED"}
[2026-01-23 14:15:04] {"level":"INFO","event":"REQUEST","method":"POST","body":{"token":"eyJ0eXAiOiJKV1QiLCJhbGciOiJIUzI1NiJ9.W10.K5NzDrsFlsvlHx-kJm4eKJ__Qcjw3KkNygXMUm4h0HQ","method":"getKelas"}}
[2026-01-23 14:15:04] {"level":"INFO","event":"DB_CONFIG","host":"10.99.23.26","port":"3306","db":"batam_hidayatullah","user":"webtagihan","pass":"f@*********nG"}
[2026-01-23 14:15:04] {"level":"INFO","event":"SQL_GET_KELAS","query":"\r\n        SELECT DISTINCT\r\n            c.CODE02 AS unit,\r\n            c.DESC02 AS kelas,\r\n            c.DESC03 AS kelompok\r\n        FROM scctcust c\r\n        ORDER BY unit ASC, kelas ASC, kelompok ASC\r\n    "}
[2026-01-23 14:15:06] {"level":"INFO","event":"JWT_DECODED"}
[2026-01-23 14:15:06] {"level":"INFO","event":"REQUEST","method":"POST","body":{"token":"eyJ0eXAiOiJKV1QiLCJhbGciOiJIUzI1NiJ9.W10.K5NzDrsFlsvlHx-kJm4eKJ__Qcjw3KkNygXMUm4h0HQ","method":"getReport"}}
[2026-01-23 14:15:06] {"level":"INFO","event":"DB_CONFIG","host":"10.99.23.26","port":"3306","db":"batam_hidayatullah","user":"webtagihan","pass":"f@*********nG"}
[2026-01-23 14:15:06] {"level":"INFO","event":"SQL_GET_REPORT","params":[],"query":"\r\n        SELECT\r\n            c.CODE02 AS unit,\r\n            c.DESC02 AS kelas,\r\n            c.DESC03 AS kelompok,\r\n            b.BTA AS tahun_akademik,\r\n            c.DESC04 AS tahun_angkatan,\r\n            d.KodePost AS kode,\r\n            b.BILLNM AS nama_tagihan,\r\n            d.BILLAM AS jumlah,\r\n            ua.NamaAkun AS namapost,\r\n            c.NUM2ND AS no_pend,\r\n            c.NOCUST AS nis,\r\n            c.NMCUST AS nama,\r\n            b.PAIDDT AS tanggal\r\n        FROM scctbill_detail d\r\n        INNER JOIN scctbill b\r\n            ON b.BILLCD = d.BILLCD AND b.CUSTID = d.CUSTID\r\n        INNER JOIN scctcust c\r\n            ON c.CUSTID = b.CUSTID\r\n        LEFT JOIN u_akun ua\r\n            ON ua.KodeAkun = d.KodePost\r\n        WHERE b.PAIDST = 1\r\n          AND b.FSTSBolehBayar = 1\r\n     ORDER BY b.PAIDDT DESC, c.NOCUST ASC LIMIT :limit OFFSET :offset "}
[2026-01-23 14:15:15] {"level":"INFO","event":"JWT_DECODED"}
[2026-01-23 14:15:15] {"level":"INFO","event":"REQUEST","method":"POST","body":{"token":"eyJ0eXAiOiJKV1QiLCJhbGciOiJIUzI1NiJ9.W10.K5NzDrsFlsvlHx-kJm4eKJ__Qcjw3KkNygXMUm4h0HQ","method":"getReport"}}
[2026-01-23 14:15:15] {"level":"INFO","event":"DB_CONFIG","host":"10.99.23.26","port":"3306","db":"batam_hidayatullah","user":"webtagihan","pass":"f@*********nG"}
[2026-01-23 14:15:15] {"level":"INFO","event":"SQL_GET_REPORT","params":[],"query":"\r\n        SELECT\r\n            c.CODE02 AS unit,\r\n            c.DESC02 AS kelas,\r\n            c.DESC03 AS kelompok,\r\n            b.BTA AS tahun_akademik,\r\n            c.DESC04 AS tahun_angkatan,\r\n            d.KodePost AS kode,\r\n            b.BILLNM AS nama_tagihan,\r\n            d.BILLAM AS jumlah,\r\n            ua.NamaAkun AS namapost,\r\n            c.NUM2ND AS no_pend,\r\n            c.NOCUST AS nis,\r\n            c.NMCUST AS nama,\r\n            b.PAIDDT AS tanggal\r\n        FROM scctbill_detail d\r\n        INNER JOIN scctbill b\r\n            ON b.BILLCD = d.BILLCD AND b.CUSTID = d.CUSTID\r\n        INNER JOIN scctcust c\r\n            ON c.CUSTID = b.CUSTID\r\n        LEFT JOIN u_akun ua\r\n            ON ua.KodeAkun = d.KodePost\r\n        WHERE b.PAIDST = 1\r\n          AND b.FSTSBolehBayar = 1\r\n     ORDER BY b.PAIDDT DESC, c.NOCUST ASC LIMIT :limit OFFSET :offset "}
[2026-01-23 14:23:10] {"level":"INFO","event":"JWT_DECODED"}
[2026-01-23 14:23:10] {"level":"INFO","event":"REQUEST","method":"POST","body":{"token":"eyJ0eXAiOiJKV1QiLCJhbGciOiJIUzI1NiJ9.W10.K5NzDrsFlsvlHx-kJm4eKJ__Qcjw3KkNygXMUm4h0HQ","method":"getKelas"}}
[2026-01-23 14:23:10] {"level":"INFO","event":"DB_CONFIG","host":"10.99.23.26","port":"3306","db":"batam_hidayatullah","user":"webtagihan","pass":"f@*********nG"}
[2026-01-23 14:23:10] {"level":"INFO","event":"SQL_GET_KELAS","query":"\r\n        SELECT DISTINCT\r\n            c.CODE02 AS unit,\r\n            c.DESC02 AS kelas,\r\n            c.DESC03 AS kelompok\r\n        FROM scctcust c\r\n        ORDER BY unit ASC, kelas ASC, kelompok ASC\r\n    "}
[2026-01-23 14:23:18] {"level":"INFO","event":"JWT_DECODED"}
[2026-01-23 14:23:18] {"level":"INFO","event":"REQUEST","method":"POST","body":{"token":"eyJ0eXAiOiJKV1QiLCJhbGciOiJIUzI1NiJ9.W10.K5NzDrsFlsvlHx-kJm4eKJ__Qcjw3KkNygXMUm4h0HQ","method":"getReport"}}
[2026-01-23 14:23:18] {"level":"INFO","event":"DB_CONFIG","host":"10.99.23.26","port":"3306","db":"batam_hidayatullah","user":"webtagihan","pass":"f@*********nG"}
[2026-01-23 14:23:18] {"level":"INFO","event":"SQL_GET_REPORT","params":[],"query":"\r\n        SELECT\r\n            c.CODE02 AS unit,\r\n            c.DESC02 AS kelas,\r\n            c.DESC03 AS kelompok,\r\n            b.BTA AS tahun_akademik,\r\n            c.DESC04 AS tahun_angkatan,\r\n            d.KodePost AS kode,\r\n            b.BILLNM AS nama_tagihan,\r\n            d.BILLAM AS jumlah,\r\n            ua.NamaAkun AS namapost,\r\n            c.NUM2ND AS no_pend,\r\n            c.NOCUST AS nis,\r\n            c.NMCUST AS nama,\r\n            b.PAIDDT AS tanggal\r\n        FROM scctbill_detail d\r\n        INNER JOIN scctbill b\r\n            ON b.BILLCD = d.BILLCD AND b.CUSTID = d.CUSTID\r\n        INNER JOIN scctcust c\r\n            ON c.CUSTID = b.CUSTID\r\n        LEFT JOIN u_akun ua\r\n            ON ua.KodeAkun = d.KodePost\r\n        WHERE b.PAIDST = 1\r\n          AND b.FSTSBolehBayar = 1\r\n     ORDER BY b.PAIDDT DESC, c.NOCUST ASC LIMIT :limit OFFSET :offset "}
[2026-01-23 14:23:28] {"level":"INFO","event":"JWT_DECODED"}
[2026-01-23 14:23:28] {"level":"INFO","event":"REQUEST","method":"POST","body":{"token":"eyJ0eXAiOiJKV1QiLCJhbGciOiJIUzI1NiJ9.W10.K5NzDrsFlsvlHx-kJm4eKJ__Qcjw3KkNygXMUm4h0HQ","method":"getReport"}}
[2026-01-23 14:23:28] {"level":"INFO","event":"DB_CONFIG","host":"10.99.23.26","port":"3306","db":"batam_hidayatullah","user":"webtagihan","pass":"f@*********nG"}
[2026-01-23 14:23:28] {"level":"INFO","event":"SQL_GET_REPORT","params":[],"query":"\r\n        SELECT\r\n            c.CODE02 AS unit,\r\n            c.DESC02 AS kelas,\r\n            c.DESC03 AS kelompok,\r\n            b.BTA AS tahun_akademik,\r\n            c.DESC04 AS tahun_angkatan,\r\n            d.KodePost AS kode,\r\n            b.BILLNM AS nama_tagihan,\r\n            d.BILLAM AS jumlah,\r\n            ua.NamaAkun AS namapost,\r\n            c.NUM2ND AS no_pend,\r\n            c.NOCUST AS nis,\r\n            c.NMCUST AS nama,\r\n            b.PAIDDT AS tanggal\r\n        FROM scctbill_detail d\r\n        INNER JOIN scctbill b\r\n            ON b.BILLCD = d.BILLCD AND b.CUSTID = d.CUSTID\r\n        INNER JOIN scctcust c\r\n            ON c.CUSTID = b.CUSTID\r\n        LEFT JOIN u_akun ua\r\n            ON ua.KodeAkun = d.KodePost\r\n        WHERE b.PAIDST = 1\r\n          AND b.FSTSBolehBayar = 1\r\n     ORDER BY b.PAIDDT DESC, c.NOCUST ASC LIMIT :limit OFFSET :offset "}
[2026-01-23 14:41:00] {"level":"INFO","event":"JWT_DECODED"}
[2026-01-23 14:41:00] {"level":"INFO","event":"REQUEST","method":"POST","body":{"token":"eyJ0eXAiOiJKV1QiLCJhbGciOiJIUzI1NiJ9.W10.K5NzDrsFlsvlHx-kJm4eKJ__Qcjw3KkNygXMUm4h0HQ","method":"getKelas"}}
[2026-01-23 14:41:00] {"level":"INFO","event":"DB_CONFIG","host":"10.99.23.26","port":"3306","db":"batam_hidayatullah","user":"webtagihan","pass":"f@*********nG"}
[2026-01-23 14:41:00] {"level":"INFO","event":"SQL_GET_KELAS","query":"\r\n        SELECT DISTINCT\r\n            c.CODE02 AS unit,\r\n            c.DESC02 AS kelas,\r\n            c.DESC03 AS kelompok\r\n        FROM scctcust c\r\n        ORDER BY unit ASC, kelas ASC, kelompok ASC\r\n    "}
[2026-01-23 14:41:37] {"level":"INFO","event":"JWT_DECODED"}
[2026-01-23 14:41:37] {"level":"INFO","event":"REQUEST","method":"POST","body":{"token":"eyJ0eXAiOiJKV1QiLCJhbGciOiJIUzI1NiJ9.eyJ0YWh1bl9ha2FkZW1payI6IjIwMjVcLzIwMjYgLSBHRU5BUCIsImtlbGFzIjoiMTAiLCJ1bml0IjoiU01BMDEiLCJrZWxvbXBvayI6IkFLVElGIiwidGFodW5fYW5na2F0YW4iOiIyMDI1XC8yMDI2IC0gR0FOSklMIn0.t85OcsWe0Ir08C_e-v1zb72i-ENENqUKvXUFHhfg-6g","method":"getReport","tahun_akademik":"2025/2026 - GENAP","kelas":"10","unit":"SMA01","kelompok":"AKTIF","tahun_angkatan":"2025/2026 - GANJIL"}}
[2026-01-23 14:41:37] {"level":"INFO","event":"DB_CONFIG","host":"10.99.23.26","port":"3306","db":"batam_hidayatullah","user":"webtagihan","pass":"f@*********nG"}
[2026-01-23 14:41:37] {"level":"INFO","event":"SQL_GET_REPORT","params":{":tahun_akademik":"2025/2026 - GENAP",":unit":"SMA01",":kelas":"10",":kelompok":"AKTIF",":tahun_angkatan":"2025/2026 - GANJIL"},"query":"\r\n        SELECT\r\n            c.CODE02 AS unit,\r\n            c.DESC02 AS kelas,\r\n            c.DESC03 AS kelompok,\r\n            b.BTA AS tahun_akademik,\r\n            c.DESC04 AS tahun_angkatan,\r\n            d.KodePost AS kode,\r\n            b.BILLNM AS nama_tagihan,\r\n            d.BILLAM AS jumlah,\r\n            ua.NamaAkun AS namapost,\r\n            c.NUM2ND AS no_pend,\r\n            c.NOCUST AS nis,\r\n            c.NMCUST AS nama,\r\n            b.PAIDDT AS tanggal\r\n        FROM scctbill_detail d\r\n        INNER JOIN scctbill b\r\n            ON b.BILLCD = d.BILLCD AND b.CUSTID = d.CUSTID\r\n        INNER JOIN scctcust c\r\n            ON c.CUSTID = b.CUSTID\r\n        LEFT JOIN u_akun ua\r\n            ON ua.KodeAkun = d.KodePost\r\n        WHERE b.PAIDST = 1\r\n          AND b.FSTSBolehBayar = 1\r\n     AND b.BTA = :tahun_akademik  AND c.CODE02 = :unit  AND c.DESC02 = :kelas  AND c.DESC03 = :kelompok  AND c.DESC04 = :tahun_angkatan  ORDER BY b.PAIDDT DESC, c.NOCUST ASC LIMIT :limit OFFSET :offset "}
[2026-01-23 14:41:45] {"level":"INFO","event":"JWT_DECODED"}
[2026-01-23 14:41:45] {"level":"INFO","event":"REQUEST","method":"POST","body":{"token":"eyJ0eXAiOiJKV1QiLCJhbGciOiJIUzI1NiJ9.eyJ0YWh1bl9ha2FkZW1payI6IjIwMjVcLzIwMjYgLSBHRU5BUCIsInRhaHVuX2FuZ2thdGFuIjoiMjAyNVwvMjAyNiAtIEdBTkpJTCJ9.qMGQA4JyNqLoVCvyuIFXp-cXigf0hFiCrK8RzYcMq3c","method":"getReport","tahun_akademik":"2025/2026 - GENAP","tahun_angkatan":"2025/2026 - GANJIL"}}
[2026-01-23 14:41:45] {"level":"INFO","event":"DB_CONFIG","host":"10.99.23.26","port":"3306","db":"batam_hidayatullah","user":"webtagihan","pass":"f@*********nG"}
[2026-01-23 14:41:46] {"level":"INFO","event":"SQL_GET_REPORT","params":{":tahun_akademik":"2025/2026 - GENAP",":tahun_angkatan":"2025/2026 - GANJIL"},"query":"\r\n        SELECT\r\n            c.CODE02 AS unit,\r\n            c.DESC02 AS kelas,\r\n            c.DESC03 AS kelompok,\r\n            b.BTA AS tahun_akademik,\r\n            c.DESC04 AS tahun_angkatan,\r\n            d.KodePost AS kode,\r\n            b.BILLNM AS nama_tagihan,\r\n            d.BILLAM AS jumlah,\r\n            ua.NamaAkun AS namapost,\r\n            c.NUM2ND AS no_pend,\r\n            c.NOCUST AS nis,\r\n            c.NMCUST AS nama,\r\n            b.PAIDDT AS tanggal\r\n        FROM scctbill_detail d\r\n        INNER JOIN scctbill b\r\n            ON b.BILLCD = d.BILLCD AND b.CUSTID = d.CUSTID\r\n        INNER JOIN scctcust c\r\n            ON c.CUSTID = b.CUSTID\r\n        LEFT JOIN u_akun ua\r\n            ON ua.KodeAkun = d.KodePost\r\n        WHERE b.PAIDST = 1\r\n          AND b.FSTSBolehBayar = 1\r\n     AND b.BTA = :tahun_akademik  AND c.DESC04 = :tahun_angkatan  ORDER BY b.PAIDDT DESC, c.NOCUST ASC LIMIT :limit OFFSET :offset "}
[2026-01-23 14:42:11] {"level":"INFO","event":"JWT_DECODED"}
[2026-01-23 14:42:11] {"level":"INFO","event":"REQUEST","method":"POST","body":{"token":"eyJ0eXAiOiJKV1QiLCJhbGciOiJIUzI1NiJ9.eyJ0YWh1bl9ha2FkZW1payI6IjIwMjVcLzIwMjYgLSBHRU5BUCIsImtlbGFzIjoiMTBSIiwidW5pdCI6IlNNQTAyIiwia2Vsb21wb2siOiJSRUdVTEVSIiwidGFodW5fYW5na2F0YW4iOiIyMDI1XC8yMDI2IC0gR0FOSklMIn0._L-QMpSQQ0zNaHIuAIqXXliKE5WkuBChf32ynXoCln0","method":"getReport","tahun_akademik":"2025/2026 - GENAP","kelas":"10R","unit":"SMA02","kelompok":"REGULER","tahun_angkatan":"2025/2026 - GANJIL"}}
[2026-01-23 14:42:11] {"level":"INFO","event":"DB_CONFIG","host":"10.99.23.26","port":"3306","db":"batam_hidayatullah","user":"webtagihan","pass":"f@*********nG"}
[2026-01-23 14:42:11] {"level":"INFO","event":"SQL_GET_REPORT","params":{":tahun_akademik":"2025/2026 - GENAP",":unit":"SMA02",":kelas":"10R",":kelompok":"REGULER",":tahun_angkatan":"2025/2026 - GANJIL"},"query":"\r\n        SELECT\r\n            c.CODE02 AS unit,\r\n            c.DESC02 AS kelas,\r\n            c.DESC03 AS kelompok,\r\n            b.BTA AS tahun_akademik,\r\n            c.DESC04 AS tahun_angkatan,\r\n            d.KodePost AS kode,\r\n            b.BILLNM AS nama_tagihan,\r\n            d.BILLAM AS jumlah,\r\n            ua.NamaAkun AS namapost,\r\n            c.NUM2ND AS no_pend,\r\n            c.NOCUST AS nis,\r\n            c.NMCUST AS nama,\r\n            b.PAIDDT AS tanggal\r\n        FROM scctbill_detail d\r\n        INNER JOIN scctbill b\r\n            ON b.BILLCD = d.BILLCD AND b.CUSTID = d.CUSTID\r\n        INNER JOIN scctcust c\r\n            ON c.CUSTID = b.CUSTID\r\n        LEFT JOIN u_akun ua\r\n            ON ua.KodeAkun = d.KodePost\r\n        WHERE b.PAIDST = 1\r\n          AND b.FSTSBolehBayar = 1\r\n     AND b.BTA = :tahun_akademik  AND c.CODE02 = :unit  AND c.DESC02 = :kelas  AND c.DESC03 = :kelompok  AND c.DESC04 = :tahun_angkatan  ORDER BY b.PAIDDT DESC, c.NOCUST ASC LIMIT :limit OFFSET :offset "}
[2026-01-23 14:42:17] {"level":"INFO","event":"JWT_DECODED"}
[2026-01-23 14:42:17] {"level":"INFO","event":"REQUEST","method":"POST","body":{"token":"eyJ0eXAiOiJKV1QiLCJhbGciOiJIUzI1NiJ9.eyJ0YWh1bl9ha2FkZW1payI6IjIwMjVcLzIwMjYgLSBHRU5BUCIsImtlbGFzIjoiMTBSIiwidW5pdCI6IlNNQTAyIiwia2Vsb21wb2siOiJLRUxVQVIiLCJ0YWh1bl9hbmdrYXRhbiI6IjIwMjVcLzIwMjYgLSBHQU5KSUwifQ.BQdZb_sWlR3mOoy7fqmwfLy8YS7e7LupGPPaZsEh-k8","method":"getReport","tahun_akademik":"2025/2026 - GENAP","kelas":"10R","unit":"SMA02","kelompok":"KELUAR","tahun_angkatan":"2025/2026 - GANJIL"}}
[2026-01-23 14:42:17] {"level":"INFO","event":"DB_CONFIG","host":"10.99.23.26","port":"3306","db":"batam_hidayatullah","user":"webtagihan","pass":"f@*********nG"}
[2026-01-23 14:42:17] {"level":"INFO","event":"SQL_GET_REPORT","params":{":tahun_akademik":"2025/2026 - GENAP",":unit":"SMA02",":kelas":"10R",":kelompok":"KELUAR",":tahun_angkatan":"2025/2026 - GANJIL"},"query":"\r\n        SELECT\r\n            c.CODE02 AS unit,\r\n            c.DESC02 AS kelas,\r\n            c.DESC03 AS kelompok,\r\n            b.BTA AS tahun_akademik,\r\n            c.DESC04 AS tahun_angkatan,\r\n            d.KodePost AS kode,\r\n            b.BILLNM AS nama_tagihan,\r\n            d.BILLAM AS jumlah,\r\n            ua.NamaAkun AS namapost,\r\n            c.NUM2ND AS no_pend,\r\n            c.NOCUST AS nis,\r\n            c.NMCUST AS nama,\r\n            b.PAIDDT AS tanggal\r\n        FROM scctbill_detail d\r\n        INNER JOIN scctbill b\r\n            ON b.BILLCD = d.BILLCD AND b.CUSTID = d.CUSTID\r\n        INNER JOIN scctcust c\r\n            ON c.CUSTID = b.CUSTID\r\n        LEFT JOIN u_akun ua\r\n            ON ua.KodeAkun = d.KodePost\r\n        WHERE b.PAIDST = 1\r\n          AND b.FSTSBolehBayar = 1\r\n     AND b.BTA = :tahun_akademik  AND c.CODE02 = :unit  AND c.DESC02 = :kelas  AND c.DESC03 = :kelompok  AND c.DESC04 = :tahun_angkatan  ORDER BY b.PAIDDT DESC, c.NOCUST ASC LIMIT :limit OFFSET :offset "}
[2026-01-23 14:42:22] {"level":"INFO","event":"JWT_DECODED"}
[2026-01-23 14:42:22] {"level":"INFO","event":"REQUEST","method":"POST","body":{"token":"eyJ0eXAiOiJKV1QiLCJhbGciOiJIUzI1NiJ9.eyJ0YWh1bl9ha2FkZW1payI6IjIwMjVcLzIwMjYgLSBHRU5BUCIsImtlbGFzIjoiMTBSIiwidW5pdCI6IlNNQTAyIiwia2Vsb21wb2siOiJSRUdVTEVSIiwidGFodW5fYW5na2F0YW4iOiIyMDI1XC8yMDI2IC0gR0FOSklMIn0._L-QMpSQQ0zNaHIuAIqXXliKE5WkuBChf32ynXoCln0","method":"getReport","tahun_akademik":"2025/2026 - GENAP","kelas":"10R","unit":"SMA02","kelompok":"REGULER","tahun_angkatan":"2025/2026 - GANJIL"}}
[2026-01-23 14:42:22] {"level":"INFO","event":"DB_CONFIG","host":"10.99.23.26","port":"3306","db":"batam_hidayatullah","user":"webtagihan","pass":"f@*********nG"}
[2026-01-23 14:42:22] {"level":"INFO","event":"SQL_GET_REPORT","params":{":tahun_akademik":"2025/2026 - GENAP",":unit":"SMA02",":kelas":"10R",":kelompok":"REGULER",":tahun_angkatan":"2025/2026 - GANJIL"},"query":"\r\n        SELECT\r\n            c.CODE02 AS unit,\r\n            c.DESC02 AS kelas,\r\n            c.DESC03 AS kelompok,\r\n            b.BTA AS tahun_akademik,\r\n            c.DESC04 AS tahun_angkatan,\r\n            d.KodePost AS kode,\r\n            b.BILLNM AS nama_tagihan,\r\n            d.BILLAM AS jumlah,\r\n            ua.NamaAkun AS namapost,\r\n            c.NUM2ND AS no_pend,\r\n            c.NOCUST AS nis,\r\n            c.NMCUST AS nama,\r\n            b.PAIDDT AS tanggal\r\n        FROM scctbill_detail d\r\n        INNER JOIN scctbill b\r\n            ON b.BILLCD = d.BILLCD AND b.CUSTID = d.CUSTID\r\n        INNER JOIN scctcust c\r\n            ON c.CUSTID = b.CUSTID\r\n        LEFT JOIN u_akun ua\r\n            ON ua.KodeAkun = d.KodePost\r\n        WHERE b.PAIDST = 1\r\n          AND b.FSTSBolehBayar = 1\r\n     AND b.BTA = :tahun_akademik  AND c.CODE02 = :unit  AND c.DESC02 = :kelas  AND c.DESC03 = :kelompok  AND c.DESC04 = :tahun_angkatan  ORDER BY b.PAIDDT DESC, c.NOCUST ASC LIMIT :limit OFFSET :offset "}
[2026-01-23 14:43:11] {"level":"INFO","event":"JWT_DECODED"}
[2026-01-23 14:43:11] {"level":"INFO","event":"REQUEST","method":"POST","body":{"token":"eyJ0eXAiOiJKV1QiLCJhbGciOiJIUzI1NiJ9.eyJ0YWh1bl9ha2FkZW1payI6IjIwMjVcLzIwMjYgLSBHRU5BUCIsImtlbGFzIjoiMTBSIiwidW5pdCI6IlNNQTAyIiwia2Vsb21wb2siOiJSRUdVTEVSIiwidGFodW5fYW5na2F0YW4iOiIyMDI1XC8yMDI2IC0gR0FOSklMIiwidGFuZ2dhbF9mcm9tIjoiMjAyNi0wMS0wNCIsInRhbmdnYWxfdG8iOiIyMDI2LTAxLTA0In0.BN-LfW_YR-nHddzOuBQ13eLF4E9gLn-hzMmnMMM8ssU","method":"getReport","tahun_akademik":"2025/2026 - GENAP","kelas":"10R","unit":"SMA02","kelompok":"REGULER","tahun_angkatan":"2025/2026 - GANJIL","tanggal_from":"2026-01-04","tanggal_to":"2026-01-04"}}
[2026-01-23 14:43:11] {"level":"INFO","event":"DB_CONFIG","host":"10.99.23.26","port":"3306","db":"batam_hidayatullah","user":"webtagihan","pass":"f@*********nG"}
[2026-01-23 14:43:11] {"level":"INFO","event":"SQL_GET_REPORT","params":{":tahun_akademik":"2025/2026 - GENAP",":unit":"SMA02",":kelas":"10R",":kelompok":"REGULER",":tahun_angkatan":"2025/2026 - GANJIL",":from_dt":"2026-01-04 00:00:00",":to_dt":"2026-01-04 23:59:59"},"query":"\r\n        SELECT\r\n            c.CODE02 AS unit,\r\n            c.DESC02 AS kelas,\r\n            c.DESC03 AS kelompok,\r\n            b.BTA AS tahun_akademik,\r\n            c.DESC04 AS tahun_angkatan,\r\n            d.KodePost AS kode,\r\n            b.BILLNM AS nama_tagihan,\r\n            d.BILLAM AS jumlah,\r\n            ua.NamaAkun AS namapost,\r\n            c.NUM2ND AS no_pend,\r\n            c.NOCUST AS nis,\r\n            c.NMCUST AS nama,\r\n            b.PAIDDT AS tanggal\r\n        FROM scctbill_detail d\r\n        INNER JOIN scctbill b\r\n            ON b.BILLCD = d.BILLCD AND b.CUSTID = d.CUSTID\r\n        INNER JOIN scctcust c\r\n            ON c.CUSTID = b.CUSTID\r\n        LEFT JOIN u_akun ua\r\n            ON ua.KodeAkun = d.KodePost\r\n        WHERE b.PAIDST = 1\r\n          AND b.FSTSBolehBayar = 1\r\n     AND b.BTA = :tahun_akademik  AND c.CODE02 = :unit  AND c.DESC02 = :kelas  AND c.DESC03 = :kelompok  AND c.DESC04 = :tahun_angkatan  AND b.PAIDDT BETWEEN :from_dt AND :to_dt  ORDER BY b.PAIDDT DESC, c.NOCUST ASC LIMIT :limit OFFSET :offset "}
[2026-01-23 14:43:16] {"level":"INFO","event":"JWT_DECODED"}
[2026-01-23 14:43:16] {"level":"INFO","event":"REQUEST","method":"POST","body":{"token":"eyJ0eXAiOiJKV1QiLCJhbGciOiJIUzI1NiJ9.eyJ0YWh1bl9ha2FkZW1payI6IjIwMjVcLzIwMjYgLSBHRU5BUCIsImtlbGFzIjoiMTBSIiwidW5pdCI6IlNNQTAyIiwia2Vsb21wb2siOiJSRUdVTEVSIiwidGFodW5fYW5na2F0YW4iOiIyMDI1XC8yMDI2IC0gR0FOSklMIiwidGFuZ2dhbF9mcm9tIjoiMjAyNi0wMS0wNCIsInRhbmdnYWxfdG8iOiIyMDI2LTAxLTA1In0.2zjy22iUXuIG_B4_hW0weLXEaE9Q24seYUdiuX7Q2zE","method":"getReport","tahun_akademik":"2025/2026 - GENAP","kelas":"10R","unit":"SMA02","kelompok":"REGULER","tahun_angkatan":"2025/2026 - GANJIL","tanggal_from":"2026-01-04","tanggal_to":"2026-01-05"}}
[2026-01-23 14:43:16] {"level":"INFO","event":"DB_CONFIG","host":"10.99.23.26","port":"3306","db":"batam_hidayatullah","user":"webtagihan","pass":"f@*********nG"}
[2026-01-23 14:43:17] {"level":"INFO","event":"SQL_GET_REPORT","params":{":tahun_akademik":"2025/2026 - GENAP",":unit":"SMA02",":kelas":"10R",":kelompok":"REGULER",":tahun_angkatan":"2025/2026 - GANJIL",":from_dt":"2026-01-04 00:00:00",":to_dt":"2026-01-05 23:59:59"},"query":"\r\n        SELECT\r\n            c.CODE02 AS unit,\r\n            c.DESC02 AS kelas,\r\n            c.DESC03 AS kelompok,\r\n            b.BTA AS tahun_akademik,\r\n            c.DESC04 AS tahun_angkatan,\r\n            d.KodePost AS kode,\r\n            b.BILLNM AS nama_tagihan,\r\n            d.BILLAM AS jumlah,\r\n            ua.NamaAkun AS namapost,\r\n            c.NUM2ND AS no_pend,\r\n            c.NOCUST AS nis,\r\n            c.NMCUST AS nama,\r\n            b.PAIDDT AS tanggal\r\n        FROM scctbill_detail d\r\n        INNER JOIN scctbill b\r\n            ON b.BILLCD = d.BILLCD AND b.CUSTID = d.CUSTID\r\n        INNER JOIN scctcust c\r\n            ON c.CUSTID = b.CUSTID\r\n        LEFT JOIN u_akun ua\r\n            ON ua.KodeAkun = d.KodePost\r\n        WHERE b.PAIDST = 1\r\n          AND b.FSTSBolehBayar = 1\r\n     AND b.BTA = :tahun_akademik  AND c.CODE02 = :unit  AND c.DESC02 = :kelas  AND c.DESC03 = :kelompok  AND c.DESC04 = :tahun_angkatan  AND b.PAIDDT BETWEEN :from_dt AND :to_dt  ORDER BY b.PAIDDT DESC, c.NOCUST ASC LIMIT :limit OFFSET :offset "}
[2026-01-23 14:43:23] {"level":"INFO","event":"JWT_DECODED"}
[2026-01-23 14:43:23] {"level":"INFO","event":"REQUEST","method":"POST","body":{"token":"eyJ0eXAiOiJKV1QiLCJhbGciOiJIUzI1NiJ9.eyJ0YWh1bl9ha2FkZW1payI6IjIwMjVcLzIwMjYgLSBHRU5BUCIsImtlbGFzIjoiMTBSIiwidW5pdCI6IlNNQTAyIiwia2Vsb21wb2siOiJSRUdVTEVSIiwidGFodW5fYW5na2F0YW4iOiIyMDI1XC8yMDI2IC0gR0FOSklMIiwidGFuZ2dhbF9mcm9tIjoiMjAyNi0wMS0wNCIsInRhbmdnYWxfdG8iOiIyMDI2LTAxLTIzIn0.mb6dvcWUwrJgeRlXVtKwiMBMVnCLXQyNpzP3vAxly3E","method":"getReport","tahun_akademik":"2025/2026 - GENAP","kelas":"10R","unit":"SMA02","kelompok":"REGULER","tahun_angkatan":"2025/2026 - GANJIL","tanggal_from":"2026-01-04","tanggal_to":"2026-01-23"}}
[2026-01-23 14:43:23] {"level":"INFO","event":"DB_CONFIG","host":"10.99.23.26","port":"3306","db":"batam_hidayatullah","user":"webtagihan","pass":"f@*********nG"}
[2026-01-23 14:43:23] {"level":"INFO","event":"SQL_GET_REPORT","params":{":tahun_akademik":"2025/2026 - GENAP",":unit":"SMA02",":kelas":"10R",":kelompok":"REGULER",":tahun_angkatan":"2025/2026 - GANJIL",":from_dt":"2026-01-04 00:00:00",":to_dt":"2026-01-23 23:59:59"},"query":"\r\n        SELECT\r\n            c.CODE02 AS unit,\r\n            c.DESC02 AS kelas,\r\n            c.DESC03 AS kelompok,\r\n            b.BTA AS tahun_akademik,\r\n            c.DESC04 AS tahun_angkatan,\r\n            d.KodePost AS kode,\r\n            b.BILLNM AS nama_tagihan,\r\n            d.BILLAM AS jumlah,\r\n            ua.NamaAkun AS namapost,\r\n            c.NUM2ND AS no_pend,\r\n            c.NOCUST AS nis,\r\n            c.NMCUST AS nama,\r\n            b.PAIDDT AS tanggal\r\n        FROM scctbill_detail d\r\n        INNER JOIN scctbill b\r\n            ON b.BILLCD = d.BILLCD AND b.CUSTID = d.CUSTID\r\n        INNER JOIN scctcust c\r\n            ON c.CUSTID = b.CUSTID\r\n        LEFT JOIN u_akun ua\r\n            ON ua.KodeAkun = d.KodePost\r\n        WHERE b.PAIDST = 1\r\n          AND b.FSTSBolehBayar = 1\r\n     AND b.BTA = :tahun_akademik  AND c.CODE02 = :unit  AND c.DESC02 = :kelas  AND c.DESC03 = :kelompok  AND c.DESC04 = :tahun_angkatan  AND b.PAIDDT BETWEEN :from_dt AND :to_dt  ORDER BY b.PAIDDT DESC, c.NOCUST ASC LIMIT :limit OFFSET :offset "}
[2026-01-23 15:21:19] {"level":"INFO","event":"JWT_DECODED"}
[2026-01-23 15:21:19] {"level":"INFO","event":"REQUEST","method":"POST","body":{"token":"eyJ0eXAiOiJKV1QiLCJhbGciOiJIUzI1NiJ9.eyJ0YWh1bl9ha2FkZW1payI6IjIwMjVcLzIwMjYgLSBHRU5BUCIsInRhaHVuX2FuZ2thdGFuIjoiMjAyNVwvMjAyNiAtIEdBTkpJTCJ9.qMGQA4JyNqLoVCvyuIFXp-cXigf0hFiCrK8RzYcMq3c","method":"getReport","tahun_akademik":"2025/2026 - GENAP","tahun_angkatan":"2025/2026 - GANJIL"}}
[2026-01-23 15:21:19] {"level":"INFO","event":"DB_CONFIG","host":"10.99.23.26","port":"3306","db":"batam_hidayatullah","user":"webtagihan","pass":"f@*********nG"}
[2026-01-23 15:21:19] {"level":"INFO","event":"SQL_GET_REPORT","params":{":tahun_akademik":"2025/2026 - GENAP",":tahun_angkatan":"2025/2026 - GANJIL"},"query":"\r\n        SELECT\r\n            c.CODE02 AS unit,\r\n            c.DESC02 AS kelas,\r\n            c.DESC03 AS kelompok,\r\n            b.BTA AS tahun_akademik,\r\n            c.DESC04 AS tahun_angkatan,\r\n            d.KodePost AS kode,\r\n            b.BILLNM AS nama_tagihan,\r\n            d.BILLAM AS jumlah,\r\n            ua.NamaAkun AS namapost,\r\n            c.NUM2ND AS no_pend,\r\n            c.NOCUST AS nis,\r\n            c.NMCUST AS nama,\r\n            b.PAIDDT AS tanggal\r\n        FROM scctbill_detail d\r\n        INNER JOIN scctbill b\r\n            ON b.BILLCD = d.BILLCD AND b.CUSTID = d.CUSTID\r\n        INNER JOIN scctcust c\r\n            ON c.CUSTID = b.CUSTID\r\n        LEFT JOIN u_akun ua\r\n            ON ua.KodeAkun = d.KodePost\r\n        WHERE b.PAIDST = 1\r\n          AND b.FSTSBolehBayar = 1\r\n     AND b.BTA = :tahun_akademik  AND c.DESC04 = :tahun_angkatan  ORDER BY b.PAIDDT DESC, c.NOCUST ASC LIMIT :limit OFFSET :offset "}
[2026-01-23 15:21:42] {"level":"INFO","event":"JWT_DECODED"}
[2026-01-23 15:21:42] {"level":"INFO","event":"REQUEST","method":"POST","body":{"token":"eyJ0eXAiOiJKV1QiLCJhbGciOiJIUzI1NiJ9.eyJ0YWh1bl9ha2FkZW1payI6IjIwMjVcLzIwMjYgLSBHRU5BUCIsInRhaHVuX2FuZ2thdGFuIjoiMjAyNVwvMjAyNiAtIEdBTkpJTCIsIm5hbWFfdGFnaWhhbiI6ImphbnVhcmkifQ.67Svnls8aZqLDL2AVR2gIjtk5Ws6R2cHCNFubZ96_is","method":"getReport","tahun_akademik":"2025/2026 - GENAP","tahun_angkatan":"2025/2026 - GANJIL","nama_tagihan":"januari"}}
[2026-01-23 15:21:42] {"level":"INFO","event":"DB_CONFIG","host":"10.99.23.26","port":"3306","db":"batam_hidayatullah","user":"webtagihan","pass":"f@*********nG"}
[2026-01-23 15:21:42] {"level":"INFO","event":"SQL_GET_REPORT","params":{":tahun_akademik":"2025/2026 - GENAP",":tahun_angkatan":"2025/2026 - GANJIL"},"query":"\r\n        SELECT\r\n            c.CODE02 AS unit,\r\n            c.DESC02 AS kelas,\r\n            c.DESC03 AS kelompok,\r\n            b.BTA AS tahun_akademik,\r\n            c.DESC04 AS tahun_angkatan,\r\n            d.KodePost AS kode,\r\n            b.BILLNM AS nama_tagihan,\r\n            d.BILLAM AS jumlah,\r\n            ua.NamaAkun AS namapost,\r\n            c.NUM2ND AS no_pend,\r\n            c.NOCUST AS nis,\r\n            c.NMCUST AS nama,\r\n            b.PAIDDT AS tanggal\r\n        FROM scctbill_detail d\r\n        INNER JOIN scctbill b\r\n            ON b.BILLCD = d.BILLCD AND b.CUSTID = d.CUSTID\r\n        INNER JOIN scctcust c\r\n            ON c.CUSTID = b.CUSTID\r\n        LEFT JOIN u_akun ua\r\n            ON ua.KodeAkun = d.KodePost\r\n        WHERE b.PAIDST = 1\r\n          AND b.FSTSBolehBayar = 1\r\n     AND b.BTA = :tahun_akademik  AND c.DESC04 = :tahun_angkatan  ORDER BY b.PAIDDT DESC, c.NOCUST ASC LIMIT :limit OFFSET :offset "}
[2026-01-23 21:27:44] {"level":"INFO","event":"JWT_DECODED"}
[2026-01-23 21:27:44] {"level":"INFO","event":"REQUEST","method":"POST","body":{"token":"eyJ0eXAiOiJKV1QiLCJhbGciOiJIUzI1NiJ9.W10.K5NzDrsFlsvlHx-kJm4eKJ__Qcjw3KkNygXMUm4h0HQ","method":"getKelas"}}
[2026-01-23 21:27:44] {"level":"INFO","event":"DB_CONFIG","host":"10.99.23.26","port":"3306","db":"batam_hidayatullah","user":"webtagihan","pass":"f@*********nG"}
[2026-01-23 21:27:44] {"level":"INFO","event":"SQL_GET_KELAS","query":"\r\n        SELECT DISTINCT\r\n            c.CODE02 AS unit,\r\n            c.DESC02 AS kelas,\r\n            c.DESC03 AS kelompok\r\n        FROM scctcust c\r\n        ORDER BY unit ASC, kelas ASC, kelompok ASC\r\n    "}
[2026-01-23 21:27:46] {"level":"INFO","event":"JWT_DECODED"}
[2026-01-23 21:27:46] {"level":"INFO","event":"REQUEST","method":"POST","body":{"token":"eyJ0eXAiOiJKV1QiLCJhbGciOiJIUzI1NiJ9.W10.K5NzDrsFlsvlHx-kJm4eKJ__Qcjw3KkNygXMUm4h0HQ","method":"getReport"}}
[2026-01-23 21:27:46] {"level":"INFO","event":"DB_CONFIG","host":"10.99.23.26","port":"3306","db":"batam_hidayatullah","user":"webtagihan","pass":"f@*********nG"}
[2026-01-23 21:27:46] {"level":"INFO","event":"SQL_GET_REPORT","params":[],"query":"\r\n        SELECT\r\n            c.CODE02 AS unit,\r\n            c.DESC02 AS kelas,\r\n            c.DESC03 AS kelompok,\r\n            b.BTA AS tahun_akademik,\r\n            c.DESC04 AS tahun_angkatan,\r\n            d.KodePost AS kode,\r\n            b.BILLNM AS nama_tagihan,\r\n            d.BILLAM AS jumlah,\r\n            ua.NamaAkun AS namapost,\r\n            c.NUM2ND AS no_pend,\r\n            c.NOCUST AS nis,\r\n            c.NMCUST AS nama,\r\n            b.PAIDDT AS tanggal\r\n        FROM scctbill_detail d\r\n        INNER JOIN scctbill b\r\n            ON b.BILLCD = d.BILLCD AND b.CUSTID = d.CUSTID\r\n        INNER JOIN scctcust c\r\n            ON c.CUSTID = b.CUSTID\r\n        LEFT JOIN u_akun ua\r\n            ON ua.KodeAkun = d.KodePost\r\n        WHERE b.PAIDST = 1\r\n          AND b.FSTSBolehBayar = 1\r\n     ORDER BY b.PAIDDT DESC, c.NOCUST ASC LIMIT :limit OFFSET :offset "}
[2026-01-23 21:34:52] {"level":"INFO","event":"JWT_DECODED"}
[2026-01-23 21:34:52] {"level":"INFO","event":"REQUEST","method":"POST","body":{"method":"getKelas","token":"eyJ0eXAiOiJKV1QiLCJhbGciOiJIUzI1NiJ9.eyJrZWxhcyI6IjlSIn0.c97Jtx7JD03mF6tninKVsPRfOnfCejdKV9CeP892WGs","kelas":"9R"}}
[2026-01-23 21:34:52] {"level":"INFO","event":"DB_CONFIG","host":"10.99.23.26","port":"3306","db":"batam_hidayatullah","user":"webtagihan","pass":"f@*********nG"}
[2026-01-23 21:34:52] {"level":"INFO","event":"SQL_GET_KELAS","query":"\r\n        SELECT DISTINCT\r\n            c.CODE02 AS unit,\r\n            c.DESC02 AS kelas,\r\n            c.DESC03 AS kelompok\r\n        FROM scctcust c\r\n        ORDER BY unit ASC, kelas ASC, kelompok ASC\r\n    "}
[2026-01-23 21:35:09] {"level":"INFO","event":"JWT_DECODED"}
[2026-01-23 21:35:09] {"level":"INFO","event":"REQUEST","method":"POST","body":{"method":"getReport","token":"eyJ0eXAiOiJKV1QiLCJhbGciOiJIUzI1NiJ9.eyJrZWxhcyI6IjlSIn0.c97Jtx7JD03mF6tninKVsPRfOnfCejdKV9CeP892WGs","kelas":"9R"}}
[2026-01-23 21:35:09] {"level":"INFO","event":"DB_CONFIG","host":"10.99.23.26","port":"3306","db":"batam_hidayatullah","user":"webtagihan","pass":"f@*********nG"}
[2026-01-23 21:35:09] {"level":"INFO","event":"SQL_GET_REPORT","params":{":kelas":"9R"},"query":"\r\n        SELECT\r\n            c.CODE02 AS unit,\r\n            c.DESC02 AS kelas,\r\n            c.DESC03 AS kelompok,\r\n            b.BTA AS tahun_akademik,\r\n            c.DESC04 AS tahun_angkatan,\r\n            d.KodePost AS kode,\r\n            b.BILLNM AS nama_tagihan,\r\n            d.BILLAM AS jumlah,\r\n            ua.NamaAkun AS namapost,\r\n            c.NUM2ND AS no_pend,\r\n            c.NOCUST AS nis,\r\n            c.NMCUST AS nama,\r\n            b.PAIDDT AS tanggal,\r\n            b.FIDBANK AS fidbank\r\n        FROM scctbill_detail d\r\n        INNER JOIN scctbill b\r\n            ON b.BILLCD = d.BILLCD AND b.CUSTID = d.CUSTID\r\n        INNER JOIN scctcust c\r\n            ON c.CUSTID = b.CUSTID\r\n        LEFT JOIN u_akun ua\r\n            ON ua.KodeAkun = d.KodePost\r\n        WHERE b.PAIDST = 1\r\n          AND b.FSTSBolehBayar = 1\r\n     AND c.DESC02 = :kelas  ORDER BY b.PAIDDT DESC, c.NOCUST ASC LIMIT :limit OFFSET :offset "}
[2026-01-23 21:35:32] {"level":"INFO","event":"JWT_DECODED"}
[2026-01-23 21:35:32] {"level":"INFO","event":"REQUEST","method":"POST","body":{"method":"getReport","token":"eyJ0eXAiOiJKV1QiLCJhbGciOiJIUzI1NiJ9.eyJrZWxhcyI6IjlSIn0.c97Jtx7JD03mF6tninKVsPRfOnfCejdKV9CeP892WGs","kelas":"9R"}}
[2026-01-23 21:35:32] {"level":"INFO","event":"DB_CONFIG","host":"10.99.23.26","port":"3306","db":"batam_hidayatullah","user":"webtagihan","pass":"f@*********nG"}
[2026-01-23 21:35:32] {"level":"INFO","event":"SQL_GET_REPORT","params":{":kelas":"9R"},"query":"\r\n        SELECT\r\n            c.CODE02 AS unit,\r\n            c.DESC02 AS kelas,\r\n            c.DESC03 AS kelompok,\r\n            b.BTA AS tahun_akademik,\r\n            c.DESC04 AS tahun_angkatan,\r\n            d.KodePost AS kode,\r\n            b.BILLNM AS nama_tagihan,\r\n            d.BILLAM AS jumlah,\r\n            ua.NamaAkun AS namapost,\r\n            c.NUM2ND AS no_pend,\r\n            c.NOCUST AS nis,\r\n            c.NMCUST AS nama,\r\n            b.PAIDDT AS tanggal\r\n        FROM scctbill_detail d\r\n        INNER JOIN scctbill b\r\n            ON b.BILLCD = d.BILLCD AND b.CUSTID = d.CUSTID\r\n        INNER JOIN scctcust c\r\n            ON c.CUSTID = b.CUSTID\r\n        LEFT JOIN u_akun ua\r\n            ON ua.KodeAkun = d.KodePost\r\n        WHERE b.PAIDST = 1\r\n          AND b.FSTSBolehBayar = 1\r\n     AND c.DESC02 = :kelas  ORDER BY b.PAIDDT DESC, c.NOCUST ASC LIMIT :limit OFFSET :offset "}
[2026-01-23 21:35:49] {"level":"INFO","event":"JWT_DECODED"}
[2026-01-23 21:35:49] {"level":"INFO","event":"REQUEST","method":"POST","body":{"method":"getReport","token":"eyJ0eXAiOiJKV1QiLCJhbGciOiJIUzI1NiJ9.eyJrZWxhcyI6IjlSIn0.c97Jtx7JD03mF6tninKVsPRfOnfCejdKV9CeP892WGs","kelas":"9R"}}
[2026-01-23 21:35:49] {"level":"INFO","event":"DB_CONFIG","host":"10.99.23.26","port":"3306","db":"batam_hidayatullah","user":"webtagihan","pass":"f@*********nG"}
[2026-01-23 21:35:49] {"level":"INFO","event":"SQL_GET_REPORT","params":{":kelas":"9R"},"query":"\r\n        SELECT\r\n            c.CODE02 AS unit,\r\n            c.DESC02 AS kelas,\r\n            c.DESC03 AS kelompok,\r\n            b.BTA AS tahun_akademik,\r\n            c.DESC04 AS tahun_angkatan,\r\n            d.KodePost AS kode,\r\n            b.BILLNM AS nama_tagihan,\r\n            d.BILLAM AS jumlah,\r\n            ua.NamaAkun AS namapost,\r\n            c.NUM2ND AS no_pend,\r\n            c.NOCUST AS nis,\r\n            c.NMCUST AS nama,\r\n            b.PAIDDT AS tanggal,\r\n            b.FIDBANK AS fidbank\r\n        FROM scctbill_detail d\r\n        INNER JOIN scctbill b\r\n            ON b.BILLCD = d.BILLCD AND b.CUSTID = d.CUSTID\r\n        INNER JOIN scctcust c\r\n            ON c.CUSTID = b.CUSTID\r\n        LEFT JOIN u_akun ua\r\n            ON ua.KodeAkun = d.KodePost\r\n        WHERE b.PAIDST = 1\r\n          AND b.FSTSBolehBayar = 1\r\n     AND c.DESC02 = :kelas  ORDER BY b.PAIDDT DESC, c.NOCUST ASC LIMIT :limit OFFSET :offset "}
[2026-01-23 21:37:06] {"level":"INFO","event":"JWT_DECODED"}
[2026-01-23 21:37:06] {"level":"INFO","event":"REQUEST","method":"POST","body":{"method":"getAkun","token":"eyJ0eXAiOiJKV1QiLCJhbGciOiJIUzI1NiJ9.eyJrZWxhcyI6IjlSIn0.c97Jtx7JD03mF6tninKVsPRfOnfCejdKV9CeP892WGs","kelas":"9R"}}
[2026-01-23 21:37:06] {"level":"INFO","event":"DB_CONFIG","host":"10.99.23.26","port":"3306","db":"batam_hidayatullah","user":"webtagihan","pass":"f@*********nG"}
[2026-01-23 21:37:06] {"level":"INFO","event":"SQL_GET_AKUN","query":"\r\n        SELECT\r\n            ua.KodeAkun AS kode,\r\n            ua.NamaAkun AS nama\r\n        FROM u_akun ua\r\n        ORDER BY ua.KodeAkun ASC\r\n    "}
[2026-01-23 21:53:11] {"level":"INFO","event":"JWT_DECODED"}
[2026-01-23 21:53:11] {"level":"INFO","event":"REQUEST","method":"POST","body":{"token":"eyJ0eXAiOiJKV1QiLCJhbGciOiJIUzI1NiJ9.W10.K5NzDrsFlsvlHx-kJm4eKJ__Qcjw3KkNygXMUm4h0HQ","method":"getKelas"}}
[2026-01-23 21:53:11] {"level":"INFO","event":"DB_CONFIG","host":"10.99.23.26","port":"3306","db":"batam_hidayatullah","user":"webtagihan","pass":"f@*********nG"}
[2026-01-23 21:53:11] {"level":"INFO","event":"SQL_GET_KELAS","query":"\r\n        SELECT DISTINCT\r\n            c.CODE02 AS unit,\r\n            c.DESC02 AS kelas,\r\n            c.DESC03 AS kelompok\r\n        FROM scctcust c\r\n        ORDER BY unit ASC, kelas ASC, kelompok ASC\r\n    "}
[2026-01-23 21:53:12] {"level":"INFO","event":"JWT_DECODED"}
[2026-01-23 21:53:12] {"level":"INFO","event":"REQUEST","method":"POST","body":{"token":"eyJ0eXAiOiJKV1QiLCJhbGciOiJIUzI1NiJ9.W10.K5NzDrsFlsvlHx-kJm4eKJ__Qcjw3KkNygXMUm4h0HQ","method":"getAkun"}}
[2026-01-23 21:53:12] {"level":"INFO","event":"DB_CONFIG","host":"10.99.23.26","port":"3306","db":"batam_hidayatullah","user":"webtagihan","pass":"f@*********nG"}
[2026-01-23 21:53:12] {"level":"INFO","event":"SQL_GET_AKUN","query":"\r\n        SELECT\r\n            ua.KodeAkun AS kode,\r\n            ua.NamaAkun AS nama\r\n        FROM u_akun ua\r\n        ORDER BY ua.KodeAkun ASC\r\n    "}
[2026-01-23 21:53:22] {"level":"INFO","event":"JWT_DECODED"}
[2026-01-23 21:53:22] {"level":"INFO","event":"REQUEST","method":"POST","body":{"token":"eyJ0eXAiOiJKV1QiLCJhbGciOiJIUzI1NiJ9.eyJrb2RlX3Jla2VuaW5nIjoiMSJ9.X4QJEheEXq3DHM4TMPXi-bUse0FeAdtnWz_547_otoU","method":"getReport","kode_rekening":"1"}}
[2026-01-23 21:53:22] {"level":"INFO","event":"DB_CONFIG","host":"10.99.23.26","port":"3306","db":"batam_hidayatullah","user":"webtagihan","pass":"f@*********nG"}
[2026-01-23 21:53:22] {"level":"INFO","event":"SQL_GET_REPORT","params":[],"query":"\r\n        SELECT\r\n            c.CODE02 AS unit,\r\n            c.DESC02 AS kelas,\r\n            c.DESC03 AS kelompok,\r\n            b.BTA AS tahun_akademik,\r\n            c.DESC04 AS tahun_angkatan,\r\n            d.KodePost AS kode,\r\n            b.BILLNM AS nama_tagihan,\r\n            d.BILLAM AS jumlah,\r\n            ua.NamaAkun AS namapost,\r\n            c.NUM2ND AS no_pend,\r\n            c.NOCUST AS nis,\r\n            c.NMCUST AS nama,\r\n            b.PAIDDT AS tanggal,\r\n            b.FIDBANK AS fidbank\r\n        FROM scctbill_detail d\r\n        INNER JOIN scctbill b\r\n            ON b.BILLCD = d.BILLCD AND b.CUSTID = d.CUSTID\r\n        INNER JOIN scctcust c\r\n            ON c.CUSTID = b.CUSTID\r\n        LEFT JOIN u_akun ua\r\n            ON ua.KodeAkun = d.KodePost\r\n        WHERE b.PAIDST = 1\r\n          AND b.FSTSBolehBayar = 1\r\n     ORDER BY b.PAIDDT DESC, c.NOCUST ASC LIMIT :limit OFFSET :offset "}
[2026-01-23 21:53:35] {"level":"INFO","event":"JWT_DECODED"}
[2026-01-23 21:53:35] {"level":"INFO","event":"REQUEST","method":"POST","body":{"token":"eyJ0eXAiOiJKV1QiLCJhbGciOiJIUzI1NiJ9.eyJrb2RlX3Jla2VuaW5nIjoiMTE0MDAwMCJ9.imXBBp-BnvYbt9037fqJOWxg5HZ0PbG8o1Xa6ZB_ABs","method":"getReport","kode_rekening":"1140000"}}
[2026-01-23 21:53:35] {"level":"INFO","event":"DB_CONFIG","host":"10.99.23.26","port":"3306","db":"batam_hidayatullah","user":"webtagihan","pass":"f@*********nG"}
[2026-01-23 21:53:35] {"level":"INFO","event":"SQL_GET_REPORT","params":[],"query":"\r\n        SELECT\r\n            c.CODE02 AS unit,\r\n            c.DESC02 AS kelas,\r\n            c.DESC03 AS kelompok,\r\n            b.BTA AS tahun_akademik,\r\n            c.DESC04 AS tahun_angkatan,\r\n            d.KodePost AS kode,\r\n            b.BILLNM AS nama_tagihan,\r\n            d.BILLAM AS jumlah,\r\n            ua.NamaAkun AS namapost,\r\n            c.NUM2ND AS no_pend,\r\n            c.NOCUST AS nis,\r\n            c.NMCUST AS nama,\r\n            b.PAIDDT AS tanggal,\r\n            b.FIDBANK AS fidbank\r\n        FROM scctbill_detail d\r\n        INNER JOIN scctbill b\r\n            ON b.BILLCD = d.BILLCD AND b.CUSTID = d.CUSTID\r\n        INNER JOIN scctcust c\r\n            ON c.CUSTID = b.CUSTID\r\n        LEFT JOIN u_akun ua\r\n            ON ua.KodeAkun = d.KodePost\r\n        WHERE b.PAIDST = 1\r\n          AND b.FSTSBolehBayar = 1\r\n     ORDER BY b.PAIDDT DESC, c.NOCUST ASC LIMIT :limit OFFSET :offset "}
[2026-01-23 21:53:55] {"level":"INFO","event":"REQUEST","method":"GET","body":[]}
[2026-01-23 21:53:55] {"level":"INFO","event":"DB_CONFIG","host":"10.99.23.26","port":"3306","db":"batam_hidayatullah","user":"webtagihan","pass":"f@*********nG"}
[2026-01-23 21:53:55] {"level":"INFO","event":"SQL_GET_REPORT","params":[],"query":"\r\n        SELECT\r\n            c.CODE02 AS unit,\r\n            c.DESC02 AS kelas,\r\n            c.DESC03 AS kelompok,\r\n            b.BTA AS tahun_akademik,\r\n            c.DESC04 AS tahun_angkatan,\r\n            d.KodePost AS kode,\r\n            b.BILLNM AS nama_tagihan,\r\n            d.BILLAM AS jumlah,\r\n            ua.NamaAkun AS namapost,\r\n            c.NUM2ND AS no_pend,\r\n            c.NOCUST AS nis,\r\n            c.NMCUST AS nama,\r\n            b.PAIDDT AS tanggal,\r\n            b.FIDBANK AS fidbank\r\n        FROM scctbill_detail d\r\n        INNER JOIN scctbill b\r\n            ON b.BILLCD = d.BILLCD AND b.CUSTID = d.CUSTID\r\n        INNER JOIN scctcust c\r\n            ON c.CUSTID = b.CUSTID\r\n        LEFT JOIN u_akun ua\r\n            ON ua.KodeAkun = d.KodePost\r\n        WHERE b.PAIDST = 1\r\n          AND b.FSTSBolehBayar = 1\r\n     ORDER BY b.PAIDDT DESC, c.NOCUST ASC LIMIT :limit OFFSET :offset "}
[2026-01-23 21:55:59] {"level":"INFO","event":"JWT_DECODED"}
[2026-01-23 21:55:59] {"level":"INFO","event":"REQUEST","method":"POST","body":{"method":"getAkun","token":"eyJ0eXAiOiJKV1QiLCJhbGciOiJIUzI1NiJ9.eyJiYW5rIjoiMTE0MDAwMCJ9.EWOzfHPox5MjU1aupWJ3BpQmqr-lz6h0cyFsluKvsrU","bank":"1140000"}}
[2026-01-23 21:55:59] {"level":"INFO","event":"DB_CONFIG","host":"10.99.23.26","port":"3306","db":"batam_hidayatullah","user":"webtagihan","pass":"f@*********nG"}
[2026-01-23 21:55:59] {"level":"INFO","event":"SQL_GET_AKUN","query":"\r\n        SELECT\r\n            ua.KodeAkun AS kode,\r\n            ua.NamaAkun AS nama\r\n        FROM u_akun ua\r\n        ORDER BY ua.KodeAkun ASC\r\n    "}
[2026-01-23 21:56:06] {"level":"INFO","event":"REQUEST","method":"GET","body":[]}
[2026-01-23 21:56:06] {"level":"INFO","event":"DB_CONFIG","host":"10.99.23.26","port":"3306","db":"batam_hidayatullah","user":"webtagihan","pass":"f@*********nG"}
[2026-01-23 21:56:06] {"level":"INFO","event":"SQL_GET_REPORT","params":[],"query":"\r\n        SELECT\r\n            c.CODE02 AS unit,\r\n            c.DESC02 AS kelas,\r\n            c.DESC03 AS kelompok,\r\n            b.BTA AS tahun_akademik,\r\n            c.DESC04 AS tahun_angkatan,\r\n            d.KodePost AS kode,\r\n            b.BILLNM AS nama_tagihan,\r\n            d.BILLAM AS jumlah,\r\n            ua.NamaAkun AS namapost,\r\n            c.NUM2ND AS no_pend,\r\n            c.NOCUST AS nis,\r\n            c.NMCUST AS nama,\r\n            b.PAIDDT AS tanggal,\r\n            b.FIDBANK AS fidbank\r\n        FROM scctbill_detail d\r\n        INNER JOIN scctbill b\r\n            ON b.BILLCD = d.BILLCD AND b.CUSTID = d.CUSTID\r\n        INNER JOIN scctcust c\r\n            ON c.CUSTID = b.CUSTID\r\n        LEFT JOIN u_akun ua\r\n            ON ua.KodeAkun = d.KodePost\r\n        WHERE b.PAIDST = 1\r\n          AND b.FSTSBolehBayar = 1\r\n     ORDER BY b.PAIDDT DESC, c.NOCUST ASC LIMIT :limit OFFSET :offset "}
[2026-01-23 21:56:08] {"level":"INFO","event":"JWT_DECODED"}
[2026-01-23 21:56:08] {"level":"INFO","event":"REQUEST","method":"POST","body":{"method":"getReport","token":"eyJ0eXAiOiJKV1QiLCJhbGciOiJIUzI1NiJ9.eyJiYW5rIjoiMTE0MDAwMCJ9.EWOzfHPox5MjU1aupWJ3BpQmqr-lz6h0cyFsluKvsrU","bank":"1140000"}}
[2026-01-23 21:56:08] {"level":"INFO","event":"DB_CONFIG","host":"10.99.23.26","port":"3306","db":"batam_hidayatullah","user":"webtagihan","pass":"f@*********nG"}
[2026-01-23 21:56:08] {"level":"INFO","event":"SQL_GET_REPORT","params":{":bank":"1140000"},"query":"\r\n        SELECT\r\n            c.CODE02 AS unit,\r\n            c.DESC02 AS kelas,\r\n            c.DESC03 AS kelompok,\r\n            b.BTA AS tahun_akademik,\r\n            c.DESC04 AS tahun_angkatan,\r\n            d.KodePost AS kode,\r\n            b.BILLNM AS nama_tagihan,\r\n            d.BILLAM AS jumlah,\r\n            ua.NamaAkun AS namapost,\r\n            c.NUM2ND AS no_pend,\r\n            c.NOCUST AS nis,\r\n            c.NMCUST AS nama,\r\n            b.PAIDDT AS tanggal,\r\n            b.FIDBANK AS fidbank\r\n        FROM scctbill_detail d\r\n        INNER JOIN scctbill b\r\n            ON b.BILLCD = d.BILLCD AND b.CUSTID = d.CUSTID\r\n        INNER JOIN scctcust c\r\n            ON c.CUSTID = b.CUSTID\r\n        LEFT JOIN u_akun ua\r\n            ON ua.KodeAkun = d.KodePost\r\n        WHERE b.PAIDST = 1\r\n          AND b.FSTSBolehBayar = 1\r\n     AND b.FIDBANK = :bank  ORDER BY b.PAIDDT DESC, c.NOCUST ASC LIMIT :limit OFFSET :offset "}
[2026-01-23 21:56:45] {"level":"INFO","event":"JWT_DECODED"}
[2026-01-23 21:56:45] {"level":"INFO","event":"REQUEST","method":"POST","body":{"token":"eyJ0eXAiOiJKV1QiLCJhbGciOiJIUzI1NiJ9.eyJrb2RlX3Jla2VuaW5nIjoiMTE0MDAwMCJ9.imXBBp-BnvYbt9037fqJOWxg5HZ0PbG8o1Xa6ZB_ABs","method":"getReport","kode_rekening":"1140000"}}
[2026-01-23 21:56:45] {"level":"INFO","event":"DB_CONFIG","host":"10.99.23.26","port":"3306","db":"batam_hidayatullah","user":"webtagihan","pass":"f@*********nG"}
[2026-01-23 21:56:45] {"level":"INFO","event":"SQL_GET_REPORT","params":[],"query":"\r\n        SELECT\r\n            c.CODE02 AS unit,\r\n            c.DESC02 AS kelas,\r\n            c.DESC03 AS kelompok,\r\n            b.BTA AS tahun_akademik,\r\n            c.DESC04 AS tahun_angkatan,\r\n            d.KodePost AS kode,\r\n            b.BILLNM AS nama_tagihan,\r\n            d.BILLAM AS jumlah,\r\n            ua.NamaAkun AS namapost,\r\n            c.NUM2ND AS no_pend,\r\n            c.NOCUST AS nis,\r\n            c.NMCUST AS nama,\r\n            b.PAIDDT AS tanggal,\r\n            b.FIDBANK AS fidbank\r\n        FROM scctbill_detail d\r\n        INNER JOIN scctbill b\r\n            ON b.BILLCD = d.BILLCD AND b.CUSTID = d.CUSTID\r\n        INNER JOIN scctcust c\r\n            ON c.CUSTID = b.CUSTID\r\n        LEFT JOIN u_akun ua\r\n            ON ua.KodeAkun = d.KodePost\r\n        WHERE b.PAIDST = 1\r\n          AND b.FSTSBolehBayar = 1\r\n     ORDER BY b.PAIDDT DESC, c.NOCUST ASC LIMIT :limit OFFSET :offset "}
[2026-01-23 21:56:48] {"level":"INFO","event":"JWT_DECODED"}
[2026-01-23 21:56:48] {"level":"INFO","event":"REQUEST","method":"POST","body":{"token":"eyJ0eXAiOiJKV1QiLCJhbGciOiJIUzI1NiJ9.W10.K5NzDrsFlsvlHx-kJm4eKJ__Qcjw3KkNygXMUm4h0HQ","method":"getKelas"}}
[2026-01-23 21:56:48] {"level":"INFO","event":"DB_CONFIG","host":"10.99.23.26","port":"3306","db":"batam_hidayatullah","user":"webtagihan","pass":"f@*********nG"}
[2026-01-23 21:56:48] {"level":"INFO","event":"SQL_GET_KELAS","query":"\r\n        SELECT DISTINCT\r\n            c.CODE02 AS unit,\r\n            c.DESC02 AS kelas,\r\n            c.DESC03 AS kelompok\r\n        FROM scctcust c\r\n        ORDER BY unit ASC, kelas ASC, kelompok ASC\r\n    "}
[2026-01-23 21:56:48] {"level":"INFO","event":"JWT_DECODED"}
[2026-01-23 21:56:48] {"level":"INFO","event":"REQUEST","method":"POST","body":{"token":"eyJ0eXAiOiJKV1QiLCJhbGciOiJIUzI1NiJ9.W10.K5NzDrsFlsvlHx-kJm4eKJ__Qcjw3KkNygXMUm4h0HQ","method":"getAkun"}}
[2026-01-23 21:56:48] {"level":"INFO","event":"DB_CONFIG","host":"10.99.23.26","port":"3306","db":"batam_hidayatullah","user":"webtagihan","pass":"f@*********nG"}
[2026-01-23 21:56:48] {"level":"INFO","event":"SQL_GET_AKUN","query":"\r\n        SELECT\r\n            ua.KodeAkun AS kode,\r\n            ua.NamaAkun AS nama\r\n        FROM u_akun ua\r\n        ORDER BY ua.KodeAkun ASC\r\n    "}
[2026-01-23 21:56:54] {"level":"INFO","event":"JWT_DECODED"}
[2026-01-23 21:56:54] {"level":"INFO","event":"REQUEST","method":"POST","body":{"token":"eyJ0eXAiOiJKV1QiLCJhbGciOiJIUzI1NiJ9.eyJrb2RlX3Jla2VuaW5nIjoiMTE0MDAwMCJ9.imXBBp-BnvYbt9037fqJOWxg5HZ0PbG8o1Xa6ZB_ABs","method":"getReport","kode_rekening":"1140000"}}
[2026-01-23 21:56:54] {"level":"INFO","event":"DB_CONFIG","host":"10.99.23.26","port":"3306","db":"batam_hidayatullah","user":"webtagihan","pass":"f@*********nG"}
[2026-01-23 21:56:54] {"level":"INFO","event":"SQL_GET_REPORT","params":[],"query":"\r\n        SELECT\r\n            c.CODE02 AS unit,\r\n            c.DESC02 AS kelas,\r\n            c.DESC03 AS kelompok,\r\n            b.BTA AS tahun_akademik,\r\n            c.DESC04 AS tahun_angkatan,\r\n            d.KodePost AS kode,\r\n            b.BILLNM AS nama_tagihan,\r\n            d.BILLAM AS jumlah,\r\n            ua.NamaAkun AS namapost,\r\n            c.NUM2ND AS no_pend,\r\n            c.NOCUST AS nis,\r\n            c.NMCUST AS nama,\r\n            b.PAIDDT AS tanggal,\r\n            b.FIDBANK AS fidbank\r\n        FROM scctbill_detail d\r\n        INNER JOIN scctbill b\r\n            ON b.BILLCD = d.BILLCD AND b.CUSTID = d.CUSTID\r\n        INNER JOIN scctcust c\r\n            ON c.CUSTID = b.CUSTID\r\n        LEFT JOIN u_akun ua\r\n            ON ua.KodeAkun = d.KodePost\r\n        WHERE b.PAIDST = 1\r\n          AND b.FSTSBolehBayar = 1\r\n     ORDER BY b.PAIDDT DESC, c.NOCUST ASC LIMIT :limit OFFSET :offset "}
[2026-01-23 22:04:09] {"level":"INFO","event":"JWT_DECODED"}
[2026-01-23 22:04:09] {"level":"INFO","event":"REQUEST","method":"POST","body":{"token":"eyJ0eXAiOiJKV1QiLCJhbGciOiJIUzI1NiJ9.W10.K5NzDrsFlsvlHx-kJm4eKJ__Qcjw3KkNygXMUm4h0HQ","method":"getKelas"}}
[2026-01-23 22:04:09] {"level":"INFO","event":"DB_CONFIG","host":"10.99.23.26","port":"3306","db":"batam_hidayatullah","user":"webtagihan","pass":"f@*********nG"}
[2026-01-23 22:04:09] {"level":"INFO","event":"SQL_GET_KELAS","query":"\r\n        SELECT DISTINCT\r\n            c.CODE02 AS unit,\r\n            c.DESC02 AS kelas,\r\n            c.DESC03 AS kelompok\r\n        FROM scctcust c\r\n        ORDER BY unit ASC, kelas ASC, kelompok ASC\r\n    "}
[2026-01-23 22:04:09] {"level":"INFO","event":"JWT_DECODED"}
[2026-01-23 22:04:09] {"level":"INFO","event":"REQUEST","method":"POST","body":{"token":"eyJ0eXAiOiJKV1QiLCJhbGciOiJIUzI1NiJ9.W10.K5NzDrsFlsvlHx-kJm4eKJ__Qcjw3KkNygXMUm4h0HQ","method":"getAkun"}}
[2026-01-23 22:04:09] {"level":"INFO","event":"DB_CONFIG","host":"10.99.23.26","port":"3306","db":"batam_hidayatullah","user":"webtagihan","pass":"f@*********nG"}
[2026-01-23 22:04:09] {"level":"INFO","event":"SQL_GET_AKUN","query":"\r\n        SELECT\r\n            ua.KodeAkun AS kode,\r\n            ua.NamaAkun AS nama\r\n        FROM u_akun ua\r\n        ORDER BY ua.KodeAkun ASC\r\n    "}
[2026-01-23 22:04:15] {"level":"INFO","event":"JWT_DECODED"}
[2026-01-23 22:04:15] {"level":"INFO","event":"REQUEST","method":"POST","body":{"token":"eyJ0eXAiOiJKV1QiLCJhbGciOiJIUzI1NiJ9.W10.K5NzDrsFlsvlHx-kJm4eKJ__Qcjw3KkNygXMUm4h0HQ","method":"getReport"}}
[2026-01-23 22:04:15] {"level":"INFO","event":"DB_CONFIG","host":"10.99.23.26","port":"3306","db":"batam_hidayatullah","user":"webtagihan","pass":"f@*********nG"}
[2026-01-23 22:04:15] {"level":"INFO","event":"SQL_GET_REPORT","params":[],"query":"\r\n        SELECT\r\n            c.CODE02 AS unit,\r\n            c.DESC02 AS kelas,\r\n            c.DESC03 AS kelompok,\r\n            b.BTA AS tahun_akademik,\r\n            c.DESC04 AS tahun_angkatan,\r\n            d.KodePost AS kode,\r\n            b.BILLNM AS nama_tagihan,\r\n            d.BILLAM AS jumlah,\r\n            ua.NamaAkun AS namapost,\r\n            c.NUM2ND AS no_pend,\r\n            c.NOCUST AS nis,\r\n            c.NMCUST AS nama,\r\n            b.PAIDDT AS tanggal,\r\n            b.FIDBANK AS fidbank\r\n        FROM scctbill_detail d\r\n        INNER JOIN scctbill b\r\n            ON b.BILLCD = d.BILLCD AND b.CUSTID = d.CUSTID\r\n        INNER JOIN scctcust c\r\n            ON c.CUSTID = b.CUSTID\r\n        LEFT JOIN u_akun ua\r\n            ON ua.KodeAkun = d.KodePost\r\n        WHERE b.PAIDST = 1\r\n          AND b.FSTSBolehBayar = 1\r\n     ORDER BY b.PAIDDT DESC, c.NOCUST ASC LIMIT :limit OFFSET :offset "}
[2026-01-23 22:04:35] {"level":"INFO","event":"JWT_DECODED"}
[2026-01-23 22:04:35] {"level":"INFO","event":"REQUEST","method":"POST","body":{"method":"getReport","token":"eyJ0eXAiOiJKV1QiLCJhbGciOiJIUzI1NiJ9.eyJiYW5rIjoiMTE0MDAwMCJ9.EWOzfHPox5MjU1aupWJ3BpQmqr-lz6h0cyFsluKvsrU","bank":"1140000"}}
[2026-01-23 22:04:35] {"level":"INFO","event":"DB_CONFIG","host":"10.99.23.26","port":"3306","db":"batam_hidayatullah","user":"webtagihan","pass":"f@*********nG"}
[2026-01-23 22:04:35] {"level":"INFO","event":"SQL_GET_REPORT","params":{":bank":"1140000"},"query":"\r\n        SELECT\r\n            c.CODE02 AS unit,\r\n            c.DESC02 AS kelas,\r\n            c.DESC03 AS kelompok,\r\n            b.BTA AS tahun_akademik,\r\n            c.DESC04 AS tahun_angkatan,\r\n            d.KodePost AS kode,\r\n            b.BILLNM AS nama_tagihan,\r\n            d.BILLAM AS jumlah,\r\n            ua.NamaAkun AS namapost,\r\n            c.NUM2ND AS no_pend,\r\n            c.NOCUST AS nis,\r\n            c.NMCUST AS nama,\r\n            b.PAIDDT AS tanggal,\r\n            b.FIDBANK AS fidbank\r\n        FROM scctbill_detail d\r\n        INNER JOIN scctbill b\r\n            ON b.BILLCD = d.BILLCD AND b.CUSTID = d.CUSTID\r\n        INNER JOIN scctcust c\r\n            ON c.CUSTID = b.CUSTID\r\n        LEFT JOIN u_akun ua\r\n            ON ua.KodeAkun = d.KodePost\r\n        WHERE b.PAIDST = 1\r\n          AND b.FSTSBolehBayar = 1\r\n     AND b.FIDBANK = :bank  ORDER BY b.PAIDDT DESC, c.NOCUST ASC LIMIT :limit OFFSET :offset "}
[2026-01-23 22:14:52] {"level":"INFO","event":"JWT_DECODED"}
[2026-01-23 22:14:52] {"level":"INFO","event":"REQUEST","method":"POST","body":{"token":"eyJ0eXAiOiJKV1QiLCJhbGciOiJIUzI1NiJ9.W10.K5NzDrsFlsvlHx-kJm4eKJ__Qcjw3KkNygXMUm4h0HQ","method":"getKelas"}}
[2026-01-23 22:14:52] {"level":"INFO","event":"DB_CONFIG","host":"10.99.23.26","port":"3306","db":"batam_hidayatullah","user":"webtagihan","pass":"f@*********nG"}
[2026-01-23 22:14:52] {"level":"INFO","event":"SQL_GET_KELAS","query":"\r\n        SELECT DISTINCT\r\n            c.CODE02 AS unit,\r\n            c.DESC02 AS kelas,\r\n            c.DESC03 AS kelompok\r\n        FROM scctcust c\r\n        ORDER BY unit ASC, kelas ASC, kelompok ASC\r\n    "}
[2026-01-23 22:14:53] {"level":"INFO","event":"JWT_DECODED"}
[2026-01-23 22:14:53] {"level":"INFO","event":"REQUEST","method":"POST","body":{"token":"eyJ0eXAiOiJKV1QiLCJhbGciOiJIUzI1NiJ9.W10.K5NzDrsFlsvlHx-kJm4eKJ__Qcjw3KkNygXMUm4h0HQ","method":"getAkun"}}
[2026-01-23 22:14:53] {"level":"INFO","event":"DB_CONFIG","host":"10.99.23.26","port":"3306","db":"batam_hidayatullah","user":"webtagihan","pass":"f@*********nG"}
[2026-01-23 22:14:53] {"level":"INFO","event":"SQL_GET_AKUN","query":"\r\n        SELECT\r\n            ua.KodeAkun AS kode,\r\n            ua.NamaAkun AS nama\r\n        FROM u_akun ua\r\n        ORDER BY ua.KodeAkun ASC\r\n    "}
[2026-01-23 22:15:24] {"level":"INFO","event":"JWT_DECODED"}
[2026-01-23 22:15:24] {"level":"INFO","event":"REQUEST","method":"POST","body":{"token":"eyJ0eXAiOiJKV1QiLCJhbGciOiJIUzI1NiJ9.W10.K5NzDrsFlsvlHx-kJm4eKJ__Qcjw3KkNygXMUm4h0HQ","method":"getKelas"}}
[2026-01-23 22:15:24] {"level":"INFO","event":"DB_CONFIG","host":"10.99.23.26","port":"3306","db":"batam_hidayatullah","user":"webtagihan","pass":"f@*********nG"}
[2026-01-23 22:15:24] {"level":"INFO","event":"SQL_GET_KELAS","query":"\r\n        SELECT DISTINCT\r\n            c.CODE02 AS unit,\r\n            c.DESC02 AS kelas,\r\n            c.DESC03 AS kelompok\r\n        FROM scctcust c\r\n        ORDER BY unit ASC, kelas ASC, kelompok ASC\r\n    "}
[2026-01-23 22:15:24] {"level":"INFO","event":"JWT_DECODED"}
[2026-01-23 22:15:24] {"level":"INFO","event":"REQUEST","method":"POST","body":{"token":"eyJ0eXAiOiJKV1QiLCJhbGciOiJIUzI1NiJ9.W10.K5NzDrsFlsvlHx-kJm4eKJ__Qcjw3KkNygXMUm4h0HQ","method":"getAkun"}}
[2026-01-23 22:15:24] {"level":"INFO","event":"DB_CONFIG","host":"10.99.23.26","port":"3306","db":"batam_hidayatullah","user":"webtagihan","pass":"f@*********nG"}
[2026-01-23 22:15:24] {"level":"INFO","event":"SQL_GET_AKUN","query":"\r\n        SELECT\r\n            ua.KodeAkun AS kode,\r\n            ua.NamaAkun AS nama\r\n        FROM u_akun ua\r\n        ORDER BY ua.KodeAkun ASC\r\n    "}
[2026-01-23 22:15:27] {"level":"INFO","event":"JWT_DECODED"}
[2026-01-23 22:15:27] {"level":"INFO","event":"REQUEST","method":"POST","body":{"token":"eyJ0eXAiOiJKV1QiLCJhbGciOiJIUzI1NiJ9.W10.K5NzDrsFlsvlHx-kJm4eKJ__Qcjw3KkNygXMUm4h0HQ","method":"getReport"}}
[2026-01-23 22:15:27] {"level":"INFO","event":"DB_CONFIG","host":"10.99.23.26","port":"3306","db":"batam_hidayatullah","user":"webtagihan","pass":"f@*********nG"}
[2026-01-23 22:15:27] {"level":"INFO","event":"SQL_GET_REPORT","params":[],"query":"\r\n        SELECT\r\n            c.CODE02 AS unit,\r\n            c.DESC02 AS kelas,\r\n            c.DESC03 AS kelompok,\r\n            b.BTA AS tahun_akademik,\r\n            c.DESC04 AS tahun_angkatan,\r\n            d.KodePost AS kode,\r\n            b.BILLNM AS nama_tagihan,\r\n            d.BILLAM AS jumlah,\r\n            ua.NamaAkun AS namapost,\r\n            c.NUM2ND AS no_pend,\r\n            c.NOCUST AS nis,\r\n            c.NMCUST AS nama,\r\n            b.PAIDDT AS tanggal,\r\n            b.FIDBANK AS fidbank\r\n        FROM scctbill_detail d\r\n        INNER JOIN scctbill b\r\n            ON b.BILLCD = d.BILLCD AND b.CUSTID = d.CUSTID\r\n        INNER JOIN scctcust c\r\n            ON c.CUSTID = b.CUSTID\r\n        LEFT JOIN u_akun ua\r\n            ON ua.KodeAkun = d.KodePost\r\n        WHERE b.PAIDST = 1\r\n          AND b.FSTSBolehBayar = 1\r\n     ORDER BY b.PAIDDT DESC, c.NOCUST ASC LIMIT :limit OFFSET :offset "}
[2026-01-23 22:15:34] {"level":"INFO","event":"JWT_DECODED"}
[2026-01-23 22:15:34] {"level":"INFO","event":"REQUEST","method":"POST","body":{"token":"eyJ0eXAiOiJKV1QiLCJhbGciOiJIUzI1NiJ9.eyJiYW5rIjoiMTE0MDAwMCJ9.EWOzfHPox5MjU1aupWJ3BpQmqr-lz6h0cyFsluKvsrU","method":"getReport","bank":"1140000"}}
[2026-01-23 22:15:34] {"level":"INFO","event":"DB_CONFIG","host":"10.99.23.26","port":"3306","db":"batam_hidayatullah","user":"webtagihan","pass":"f@*********nG"}
[2026-01-23 22:15:34] {"level":"INFO","event":"SQL_GET_REPORT","params":{":bank":"1140000"},"query":"\r\n        SELECT\r\n            c.CODE02 AS unit,\r\n            c.DESC02 AS kelas,\r\n            c.DESC03 AS kelompok,\r\n            b.BTA AS tahun_akademik,\r\n            c.DESC04 AS tahun_angkatan,\r\n            d.KodePost AS kode,\r\n            b.BILLNM AS nama_tagihan,\r\n            d.BILLAM AS jumlah,\r\n            ua.NamaAkun AS namapost,\r\n            c.NUM2ND AS no_pend,\r\n            c.NOCUST AS nis,\r\n            c.NMCUST AS nama,\r\n            b.PAIDDT AS tanggal,\r\n            b.FIDBANK AS fidbank\r\n        FROM scctbill_detail d\r\n        INNER JOIN scctbill b\r\n            ON b.BILLCD = d.BILLCD AND b.CUSTID = d.CUSTID\r\n        INNER JOIN scctcust c\r\n            ON c.CUSTID = b.CUSTID\r\n        LEFT JOIN u_akun ua\r\n            ON ua.KodeAkun = d.KodePost\r\n        WHERE b.PAIDST = 1\r\n          AND b.FSTSBolehBayar = 1\r\n     AND b.FIDBANK = :bank  ORDER BY b.PAIDDT DESC, c.NOCUST ASC LIMIT :limit OFFSET :offset "}
[2026-01-23 22:16:11] {"level":"INFO","event":"JWT_DECODED"}
[2026-01-23 22:16:11] {"level":"INFO","event":"REQUEST","method":"POST","body":{"token":"eyJ0eXAiOiJKV1QiLCJhbGciOiJIUzI1NiJ9.eyJha3VuIjoiMTAxIiwiYmFuayI6IjExNDAwMDAifQ.2M9xw_E9zuhq20KCKkI_TbqIU5tHBhiHlKVh_ihew_s","method":"getReport","akun":"101","bank":"1140000"}}
[2026-01-23 22:16:11] {"level":"INFO","event":"DB_CONFIG","host":"10.99.23.26","port":"3306","db":"batam_hidayatullah","user":"webtagihan","pass":"f@*********nG"}
[2026-01-23 22:16:11] {"level":"INFO","event":"SQL_GET_REPORT","params":{":akun":"101",":bank":"1140000"},"query":"\r\n        SELECT\r\n            c.CODE02 AS unit,\r\n            c.DESC02 AS kelas,\r\n            c.DESC03 AS kelompok,\r\n            b.BTA AS tahun_akademik,\r\n            c.DESC04 AS tahun_angkatan,\r\n            d.KodePost AS kode,\r\n            b.BILLNM AS nama_tagihan,\r\n            d.BILLAM AS jumlah,\r\n            ua.NamaAkun AS namapost,\r\n            c.NUM2ND AS no_pend,\r\n            c.NOCUST AS nis,\r\n            c.NMCUST AS nama,\r\n            b.PAIDDT AS tanggal,\r\n            b.FIDBANK AS fidbank\r\n        FROM scctbill_detail d\r\n        INNER JOIN scctbill b\r\n            ON b.BILLCD = d.BILLCD AND b.CUSTID = d.CUSTID\r\n        INNER JOIN scctcust c\r\n            ON c.CUSTID = b.CUSTID\r\n        LEFT JOIN u_akun ua\r\n            ON ua.KodeAkun = d.KodePost\r\n        WHERE b.PAIDST = 1\r\n          AND b.FSTSBolehBayar = 1\r\n     AND d.KodePost = :akun  AND b.FIDBANK = :bank  ORDER BY b.PAIDDT DESC, c.NOCUST ASC LIMIT :limit OFFSET :offset "}
[2026-01-23 22:16:16] {"level":"INFO","event":"JWT_DECODED"}
[2026-01-23 22:16:16] {"level":"INFO","event":"REQUEST","method":"POST","body":{"token":"eyJ0eXAiOiJKV1QiLCJhbGciOiJIUzI1NiJ9.eyJha3VuIjoiMTA0IiwiYmFuayI6IjExNDAwMDAifQ.VKBf05htA0Se3-Rk-d-w9HT_9rwtaOx27HI4_Bnedkg","method":"getReport","akun":"104","bank":"1140000"}}
[2026-01-23 22:16:16] {"level":"INFO","event":"DB_CONFIG","host":"10.99.23.26","port":"3306","db":"batam_hidayatullah","user":"webtagihan","pass":"f@*********nG"}
[2026-01-23 22:16:16] {"level":"INFO","event":"SQL_GET_REPORT","params":{":akun":"104",":bank":"1140000"},"query":"\r\n        SELECT\r\n            c.CODE02 AS unit,\r\n            c.DESC02 AS kelas,\r\n            c.DESC03 AS kelompok,\r\n            b.BTA AS tahun_akademik,\r\n            c.DESC04 AS tahun_angkatan,\r\n            d.KodePost AS kode,\r\n            b.BILLNM AS nama_tagihan,\r\n            d.BILLAM AS jumlah,\r\n            ua.NamaAkun AS namapost,\r\n            c.NUM2ND AS no_pend,\r\n            c.NOCUST AS nis,\r\n            c.NMCUST AS nama,\r\n            b.PAIDDT AS tanggal,\r\n            b.FIDBANK AS fidbank\r\n        FROM scctbill_detail d\r\n        INNER JOIN scctbill b\r\n            ON b.BILLCD = d.BILLCD AND b.CUSTID = d.CUSTID\r\n        INNER JOIN scctcust c\r\n            ON c.CUSTID = b.CUSTID\r\n        LEFT JOIN u_akun ua\r\n            ON ua.KodeAkun = d.KodePost\r\n        WHERE b.PAIDST = 1\r\n          AND b.FSTSBolehBayar = 1\r\n     AND d.KodePost = :akun  AND b.FIDBANK = :bank  ORDER BY b.PAIDDT DESC, c.NOCUST ASC LIMIT :limit OFFSET :offset "}
[2026-01-24 08:56:56] {"level":"INFO","event":"REQUEST","method":"GET","body":[]}
[2026-01-24 08:56:56] {"level":"INFO","event":"DB_CONFIG","host":"10.99.23.26","port":"3306","db":"batam_hidayatullah","user":"webtagihan","pass":"f@*********nG"}
[2026-01-24 08:56:57] {"level":"INFO","event":"SQL_GET_REPORT","params":[],"query":"\r\n        SELECT\r\n            c.CODE02 AS unit,\r\n            c.DESC02 AS kelas,\r\n            c.DESC03 AS kelompok,\r\n            b.BTA AS tahun_akademik,\r\n            c.DESC04 AS tahun_angkatan,\r\n            d.KodePost AS kode,\r\n            b.BILLNM AS nama_tagihan,\r\n            d.BILLAM AS jumlah,\r\n            ua.NamaAkun AS namapost,\r\n            c.NUM2ND AS no_pend,\r\n            c.NOCUST AS nis,\r\n            c.NMCUST AS nama,\r\n            b.PAIDDT AS tanggal,\r\n            b.FIDBANK AS fidbank\r\n        FROM scctbill_detail d\r\n        INNER JOIN scctbill b\r\n            ON b.BILLCD = d.BILLCD AND b.CUSTID = d.CUSTID\r\n        INNER JOIN scctcust c\r\n            ON c.CUSTID = b.CUSTID\r\n        LEFT JOIN u_akun ua\r\n            ON ua.KodeAkun = d.KodePost\r\n        WHERE b.PAIDST = 1\r\n          AND b.FSTSBolehBayar = 1\r\n     ORDER BY b.PAIDDT DESC, c.NOCUST ASC LIMIT :limit OFFSET :offset "}
[2026-01-24 13:08:02] {"level":"INFO","event":"JWT_DECODED"}
[2026-01-24 13:08:02] {"level":"INFO","event":"REQUEST","method":"POST","body":{"token":"eyJ0eXAiOiJKV1QiLCJhbGciOiJIUzI1NiJ9.W10.K5NzDrsFlsvlHx-kJm4eKJ__Qcjw3KkNygXMUm4h0HQ","method":"getAkun"}}
[2026-01-24 13:08:02] {"level":"INFO","event":"DB_CONFIG","host":"10.99.23.26","port":"3306","db":"batam_hidayatullah","user":"webtagihan","pass":"f@*********nG"}
[2026-01-24 13:08:02] {"level":"INFO","event":"SQL_GET_AKUN","query":"\r\n        SELECT\r\n            ua.KodeAkun AS kode,\r\n            ua.NamaAkun AS nama\r\n        FROM u_akun ua\r\n        ORDER BY ua.KodeAkun ASC\r\n    "}
[2026-01-24 13:08:02] {"level":"INFO","event":"JWT_DECODED"}
[2026-01-24 13:08:02] {"level":"INFO","event":"REQUEST","method":"POST","body":{"token":"eyJ0eXAiOiJKV1QiLCJhbGciOiJIUzI1NiJ9.W10.K5NzDrsFlsvlHx-kJm4eKJ__Qcjw3KkNygXMUm4h0HQ","method":"getKelas"}}
[2026-01-24 13:08:02] {"level":"INFO","event":"DB_CONFIG","host":"10.99.23.26","port":"3306","db":"batam_hidayatullah","user":"webtagihan","pass":"f@*********nG"}
[2026-01-24 13:08:02] {"level":"INFO","event":"SQL_GET_KELAS","query":"\r\n        SELECT DISTINCT\r\n            c.CODE02 AS unit,\r\n            c.DESC02 AS kelas,\r\n            c.DESC03 AS kelompok\r\n        FROM scctcust c\r\n        ORDER BY unit ASC, kelas ASC, kelompok ASC\r\n    "}
[2026-01-24 13:08:11] {"level":"INFO","event":"JWT_DECODED"}
[2026-01-24 13:08:11] {"level":"INFO","event":"REQUEST","method":"POST","body":{"token":"eyJ0eXAiOiJKV1QiLCJhbGciOiJIUzI1NiJ9.eyJiYW5rIjoiMTE0MDAwMCJ9.EWOzfHPox5MjU1aupWJ3BpQmqr-lz6h0cyFsluKvsrU","method":"getReport","bank":"1140000"}}
[2026-01-24 13:08:11] {"level":"INFO","event":"DB_CONFIG","host":"10.99.23.26","port":"3306","db":"batam_hidayatullah","user":"webtagihan","pass":"f@*********nG"}
[2026-01-24 13:08:11] {"level":"INFO","event":"SQL_GET_REPORT","params":{":bank":"1140000"},"query":"\r\n        SELECT\r\n            c.CODE02 AS unit,\r\n            c.DESC02 AS kelas,\r\n            c.DESC03 AS kelompok,\r\n            b.BTA AS tahun_akademik,\r\n            c.DESC04 AS tahun_angkatan,\r\n            d.KodePost AS kode,\r\n            b.BILLNM AS nama_tagihan,\r\n            d.BILLAM AS jumlah,\r\n            ua.NamaAkun AS namapost,\r\n            c.NUM2ND AS no_pend,\r\n            c.NOCUST AS nis,\r\n            c.NMCUST AS nama,\r\n            b.PAIDDT AS tanggal,\r\n            b.FIDBANK AS fidbank\r\n        FROM scctbill_detail d\r\n        INNER JOIN scctbill b\r\n            ON b.BILLCD = d.BILLCD AND b.CUSTID = d.CUSTID\r\n        INNER JOIN scctcust c\r\n            ON c.CUSTID = b.CUSTID\r\n        LEFT JOIN u_akun ua\r\n            ON ua.KodeAkun = d.KodePost\r\n        WHERE b.PAIDST = 1\r\n          AND b.FSTSBolehBayar = 1\r\n     AND b.FIDBANK = :bank  ORDER BY b.PAIDDT DESC, c.NOCUST ASC LIMIT :limit OFFSET :offset "}
[2026-01-24 13:09:01] {"level":"INFO","event":"JWT_DECODED"}
[2026-01-24 13:09:01] {"level":"INFO","event":"REQUEST","method":"POST","body":{"token":"eyJ0eXAiOiJKV1QiLCJhbGciOiJIUzI1NiJ9.eyJiYW5rIjoiMTE0MDAwMCJ9.EWOzfHPox5MjU1aupWJ3BpQmqr-lz6h0cyFsluKvsrU","method":"getReport","bank":"1140000"}}
[2026-01-24 13:09:01] {"level":"INFO","event":"DB_CONFIG","host":"10.99.23.26","port":"3306","db":"batam_hidayatullah","user":"webtagihan","pass":"f@*********nG"}
[2026-01-24 13:09:01] {"level":"INFO","event":"SQL_GET_REPORT","params":{":bank":"1140000"},"query":"\r\n        SELECT\r\n            c.CODE02 AS unit,\r\n            c.DESC02 AS kelas,\r\n            c.DESC03 AS kelompok,\r\n            b.BTA AS tahun_akademik,\r\n            c.DESC04 AS tahun_angkatan,\r\n            d.KodePost AS kode,\r\n            b.BILLNM AS nama_tagihan,\r\n            d.BILLAM AS jumlah,\r\n            ua.NamaAkun AS namapost,\r\n            c.NUM2ND AS no_pend,\r\n            c.NOCUST AS nis,\r\n            c.NMCUST AS nama,\r\n            b.PAIDDT AS tanggal,\r\n            b.FIDBANK AS fidbank\r\n        FROM scctbill_detail d\r\n        INNER JOIN scctbill b\r\n            ON b.BILLCD = d.BILLCD AND b.CUSTID = d.CUSTID\r\n        INNER JOIN scctcust c\r\n            ON c.CUSTID = b.CUSTID\r\n        LEFT JOIN u_akun ua\r\n            ON ua.KodeAkun = d.KodePost\r\n        WHERE b.PAIDST = 1\r\n          AND b.FSTSBolehBayar = 1\r\n     AND b.FIDBANK = :bank  ORDER BY b.PAIDDT DESC, c.NOCUST ASC LIMIT :limit OFFSET :offset "}
[2026-01-24 13:09:29] {"level":"INFO","event":"JWT_DECODED"}
[2026-01-24 13:09:29] {"level":"INFO","event":"REQUEST","method":"POST","body":{"token":"eyJ0eXAiOiJKV1QiLCJhbGciOiJIUzI1NiJ9.W10.K5NzDrsFlsvlHx-kJm4eKJ__Qcjw3KkNygXMUm4h0HQ","method":"getKelas"}}
[2026-01-24 13:09:29] {"level":"INFO","event":"DB_CONFIG","host":"10.99.23.26","port":"3306","db":"batam_hidayatullah","user":"webtagihan","pass":"f@*********nG"}
[2026-01-24 13:09:29] {"level":"INFO","event":"SQL_GET_KELAS","query":"\r\n        SELECT DISTINCT\r\n            c.CODE02 AS unit,\r\n            c.DESC02 AS kelas,\r\n            c.DESC03 AS kelompok\r\n        FROM scctcust c\r\n        ORDER BY unit ASC, kelas ASC, kelompok ASC\r\n    "}
[2026-01-24 13:09:30] {"level":"INFO","event":"JWT_DECODED"}
[2026-01-24 13:09:30] {"level":"INFO","event":"REQUEST","method":"POST","body":{"token":"eyJ0eXAiOiJKV1QiLCJhbGciOiJIUzI1NiJ9.W10.K5NzDrsFlsvlHx-kJm4eKJ__Qcjw3KkNygXMUm4h0HQ","method":"getAkun"}}
[2026-01-24 13:09:30] {"level":"INFO","event":"DB_CONFIG","host":"10.99.23.26","port":"3306","db":"batam_hidayatullah","user":"webtagihan","pass":"f@*********nG"}
[2026-01-24 13:09:30] {"level":"INFO","event":"SQL_GET_AKUN","query":"\r\n        SELECT\r\n            ua.KodeAkun AS kode,\r\n            ua.NamaAkun AS nama\r\n        FROM u_akun ua\r\n        ORDER BY ua.KodeAkun ASC\r\n    "}
[2026-01-24 13:09:39] {"level":"INFO","event":"JWT_DECODED"}
[2026-01-24 13:09:39] {"level":"INFO","event":"REQUEST","method":"POST","body":{"token":"eyJ0eXAiOiJKV1QiLCJhbGciOiJIUzI1NiJ9.W10.K5NzDrsFlsvlHx-kJm4eKJ__Qcjw3KkNygXMUm4h0HQ","method":"getReport"}}
[2026-01-24 13:09:39] {"level":"INFO","event":"DB_CONFIG","host":"10.99.23.26","port":"3306","db":"batam_hidayatullah","user":"webtagihan","pass":"f@*********nG"}
[2026-01-24 13:09:39] {"level":"INFO","event":"SQL_GET_REPORT","params":[],"query":"\r\n        SELECT\r\n            c.CODE02 AS unit,\r\n            c.DESC02 AS kelas,\r\n            c.DESC03 AS kelompok,\r\n            b.BTA AS tahun_akademik,\r\n            c.DESC04 AS tahun_angkatan,\r\n            d.KodePost AS kode,\r\n            b.BILLNM AS nama_tagihan,\r\n            d.BILLAM AS jumlah,\r\n            ua.NamaAkun AS namapost,\r\n            c.NUM2ND AS no_pend,\r\n            c.NOCUST AS nis,\r\n            c.NMCUST AS nama,\r\n            b.PAIDDT AS tanggal,\r\n            b.FIDBANK AS fidbank\r\n        FROM scctbill_detail d\r\n        INNER JOIN scctbill b\r\n            ON b.BILLCD = d.BILLCD AND b.CUSTID = d.CUSTID\r\n        INNER JOIN scctcust c\r\n            ON c.CUSTID = b.CUSTID\r\n        LEFT JOIN u_akun ua\r\n            ON ua.KodeAkun = d.KodePost\r\n        WHERE b.PAIDST = 1\r\n          AND b.FSTSBolehBayar = 1\r\n     ORDER BY b.PAIDDT DESC, c.NOCUST ASC LIMIT :limit OFFSET :offset "}
[2026-01-24 13:11:59] {"level":"INFO","event":"JWT_DECODED"}
[2026-01-24 13:11:59] {"level":"INFO","event":"REQUEST","method":"POST","body":{"token":"eyJ0eXAiOiJKV1QiLCJhbGciOiJIUzI1NiJ9.W10.K5NzDrsFlsvlHx-kJm4eKJ__Qcjw3KkNygXMUm4h0HQ","method":"getKelas"}}
[2026-01-24 13:11:59] {"level":"INFO","event":"DB_CONFIG","host":"10.99.23.26","port":"3306","db":"batam_hidayatullah","user":"webtagihan","pass":"f@*********nG"}
[2026-01-24 13:11:59] {"level":"INFO","event":"JWT_DECODED"}
[2026-01-24 13:11:59] {"level":"INFO","event":"REQUEST","method":"POST","body":{"token":"eyJ0eXAiOiJKV1QiLCJhbGciOiJIUzI1NiJ9.W10.K5NzDrsFlsvlHx-kJm4eKJ__Qcjw3KkNygXMUm4h0HQ","method":"getAkun"}}
[2026-01-24 13:11:59] {"level":"INFO","event":"SQL_GET_KELAS","query":"\r\n        SELECT DISTINCT\r\n            c.CODE02 AS unit,\r\n            c.DESC02 AS kelas,\r\n            c.DESC03 AS kelompok\r\n        FROM scctcust c\r\n        ORDER BY unit ASC, kelas ASC, kelompok ASC\r\n    "}
[2026-01-24 13:11:59] {"level":"INFO","event":"DB_CONFIG","host":"10.99.23.26","port":"3306","db":"batam_hidayatullah","user":"webtagihan","pass":"f@*********nG"}
[2026-01-24 13:11:59] {"level":"INFO","event":"SQL_GET_AKUN","query":"\r\n        SELECT\r\n            ua.KodeAkun AS kode,\r\n            ua.NamaAkun AS nama\r\n        FROM u_akun ua\r\n        ORDER BY ua.KodeAkun ASC\r\n    "}
[2026-01-24 13:12:01] {"level":"INFO","event":"JWT_DECODED"}
[2026-01-24 13:12:01] {"level":"INFO","event":"REQUEST","method":"POST","body":{"token":"eyJ0eXAiOiJKV1QiLCJhbGciOiJIUzI1NiJ9.W10.K5NzDrsFlsvlHx-kJm4eKJ__Qcjw3KkNygXMUm4h0HQ","method":"getReport"}}
[2026-01-24 13:12:01] {"level":"INFO","event":"DB_CONFIG","host":"10.99.23.26","port":"3306","db":"batam_hidayatullah","user":"webtagihan","pass":"f@*********nG"}
[2026-01-24 13:12:01] {"level":"INFO","event":"SQL_GET_REPORT","params":[],"query":"\r\n        SELECT\r\n            c.CODE02 AS unit,\r\n            c.DESC02 AS kelas,\r\n            c.DESC03 AS kelompok,\r\n            b.BTA AS tahun_akademik,\r\n            c.DESC04 AS tahun_angkatan,\r\n            d.KodePost AS kode,\r\n            b.BILLNM AS nama_tagihan,\r\n            d.BILLAM AS jumlah,\r\n            ua.NamaAkun AS namapost,\r\n            c.NUM2ND AS no_pend,\r\n            c.NOCUST AS nis,\r\n            c.NMCUST AS nama,\r\n            b.PAIDDT AS tanggal,\r\n            b.FIDBANK AS fidbank\r\n        FROM scctbill_detail d\r\n        INNER JOIN scctbill b\r\n            ON b.BILLCD = d.BILLCD AND b.CUSTID = d.CUSTID\r\n        INNER JOIN scctcust c\r\n            ON c.CUSTID = b.CUSTID\r\n        LEFT JOIN u_akun ua\r\n            ON ua.KodeAkun = d.KodePost\r\n        WHERE b.PAIDST = 1\r\n          AND b.FSTSBolehBayar = 1\r\n     ORDER BY b.PAIDDT DESC, c.NOCUST ASC LIMIT :limit OFFSET :offset "}
[2026-01-24 13:12:04] {"level":"INFO","event":"JWT_DECODED"}
[2026-01-24 13:12:04] {"level":"INFO","event":"REQUEST","method":"POST","body":{"token":"eyJ0eXAiOiJKV1QiLCJhbGciOiJIUzI1NiJ9.W10.K5NzDrsFlsvlHx-kJm4eKJ__Qcjw3KkNygXMUm4h0HQ","method":"getReport"}}
[2026-01-24 13:12:04] {"level":"INFO","event":"DB_CONFIG","host":"10.99.23.26","port":"3306","db":"batam_hidayatullah","user":"webtagihan","pass":"f@*********nG"}
[2026-01-24 13:12:04] {"level":"INFO","event":"SQL_GET_REPORT","params":[],"query":"\r\n        SELECT\r\n            c.CODE02 AS unit,\r\n            c.DESC02 AS kelas,\r\n            c.DESC03 AS kelompok,\r\n            b.BTA AS tahun_akademik,\r\n            c.DESC04 AS tahun_angkatan,\r\n            d.KodePost AS kode,\r\n            b.BILLNM AS nama_tagihan,\r\n            d.BILLAM AS jumlah,\r\n            ua.NamaAkun AS namapost,\r\n            c.NUM2ND AS no_pend,\r\n            c.NOCUST AS nis,\r\n            c.NMCUST AS nama,\r\n            b.PAIDDT AS tanggal,\r\n            b.FIDBANK AS fidbank\r\n        FROM scctbill_detail d\r\n        INNER JOIN scctbill b\r\n            ON b.BILLCD = d.BILLCD AND b.CUSTID = d.CUSTID\r\n        INNER JOIN scctcust c\r\n            ON c.CUSTID = b.CUSTID\r\n        LEFT JOIN u_akun ua\r\n            ON ua.KodeAkun = d.KodePost\r\n        WHERE b.PAIDST = 1\r\n          AND b.FSTSBolehBayar = 1\r\n     ORDER BY b.PAIDDT DESC, c.NOCUST ASC LIMIT :limit OFFSET :offset "}
[2026-01-24 13:12:15] {"level":"INFO","event":"JWT_DECODED"}
[2026-01-24 13:12:15] {"level":"INFO","event":"REQUEST","method":"POST","body":{"token":"eyJ0eXAiOiJKV1QiLCJhbGciOiJIUzI1NiJ9.W10.K5NzDrsFlsvlHx-kJm4eKJ__Qcjw3KkNygXMUm4h0HQ","method":"getReport"}}
[2026-01-24 13:12:15] {"level":"INFO","event":"DB_CONFIG","host":"10.99.23.26","port":"3306","db":"batam_hidayatullah","user":"webtagihan","pass":"f@*********nG"}
[2026-01-24 13:12:15] {"level":"INFO","event":"SQL_GET_REPORT","params":[],"query":"\r\n        SELECT\r\n            c.CODE02 AS unit,\r\n            c.DESC02 AS kelas,\r\n            c.DESC03 AS kelompok,\r\n            b.BTA AS tahun_akademik,\r\n            c.DESC04 AS tahun_angkatan,\r\n            d.KodePost AS kode,\r\n            b.BILLNM AS nama_tagihan,\r\n            d.BILLAM AS jumlah,\r\n            ua.NamaAkun AS namapost,\r\n            c.NUM2ND AS no_pend,\r\n            c.NOCUST AS nis,\r\n            c.NMCUST AS nama,\r\n            b.PAIDDT AS tanggal,\r\n            b.FIDBANK AS fidbank\r\n        FROM scctbill_detail d\r\n        INNER JOIN scctbill b\r\n            ON b.BILLCD = d.BILLCD AND b.CUSTID = d.CUSTID\r\n        INNER JOIN scctcust c\r\n            ON c.CUSTID = b.CUSTID\r\n        LEFT JOIN u_akun ua\r\n            ON ua.KodeAkun = d.KodePost\r\n        WHERE b.PAIDST = 1\r\n          AND b.FSTSBolehBayar = 1\r\n     ORDER BY b.PAIDDT DESC, c.NOCUST ASC LIMIT :limit OFFSET :offset "}
[2026-01-26 11:54:49] {"level":"INFO","event":"JWT_DECODED"}
[2026-01-26 11:54:49] {"level":"INFO","event":"REQUEST","method":"POST","body":{"token":"eyJ0eXAiOiJKV1QiLCJhbGciOiJIUzI1NiJ9.W10.K5NzDrsFlsvlHx-kJm4eKJ__Qcjw3KkNygXMUm4h0HQ","method":"getAkun"}}
[2026-01-26 11:54:49] {"level":"INFO","event":"REQUEST","method":"POST","body":{"token":"eyJ0eXAiOiJKV1QiLCJhbGciOiJIUzI1NiJ9.W10.K5NzDrsFlsvlHx-kJm4eKJ__Qcjw3KkNygXMUm4h0HQ","method":"getKelas"}}
[2026-01-26 11:54:49] {"level":"INFO","event":"DB_CONFIG","host":"10.99.23.26","port":"3306","db":"batam_hidayatullah","user":"webtagihan","pass":"f@*********nG"}
[2026-01-26 11:54:49] {"level":"INFO","event":"DB_CONFIG","host":"10.99.23.26","port":"3306","db":"batam_hidayatullah","user":"webtagihan","pass":"f@*********nG"}
[2026-01-26 11:54:49] {"level":"INFO","event":"SQL_GET_AKUN","query":"\r\n        SELECT\r\n            ua.KodeAkun AS kode,\r\n            ua.NamaAkun AS nama\r\n        FROM u_akun ua\r\n        ORDER BY ua.KodeAkun ASC\r\n    "}
[2026-01-26 11:54:49] {"level":"INFO","event":"SQL_GET_KELAS","query":"\r\n        SELECT DISTINCT\r\n            c.CODE02 AS unit,\r\n            c.DESC02 AS kelas,\r\n            c.DESC03 AS kelompok\r\n        FROM scctcust c\r\n        ORDER BY unit ASC, kelas ASC, kelompok ASC\r\n    "}
[2026-01-26 12:09:21] {"level":"INFO","event":"JWT_DECODED"}
[2026-01-26 12:09:21] {"level":"INFO","event":"REQUEST","method":"POST","body":{"method":"getKelas","token":"eyJ0eXAiOiJKV1QiLCJhbGciOiJIUzI1NiJ9.eyJiYW5rIjoiMTE0MDAwMCJ9.EWOzfHPox5MjU1aupWJ3BpQmqr-lz6h0cyFsluKvsrU","bank":"1140000"}}
[2026-01-26 12:09:21] {"level":"INFO","event":"DB_CONFIG","host":"10.99.23.26","port":"3306","db":"batam_hidayatullah","user":"webtagihan","pass":"f@*********nG"}
[2026-01-26 12:09:21] {"level":"INFO","event":"SQL_GET_KELAS","query":"\r\n        SELECT DISTINCT\r\n            c.CODE02 AS unit,\r\n            c.DESC02 AS kelas,\r\n            c.DESC03 AS kelompok\r\n        FROM scctcust c\r\n        ORDER BY unit ASC, kelas ASC, kelompok ASC\r\n    "}
[2026-01-26 12:10:40] {"level":"INFO","event":"JWT_DECODED"}
[2026-01-26 12:10:40] {"level":"INFO","event":"REQUEST","method":"POST","body":{"token":"eyJ0eXAiOiJKV1QiLCJhbGciOiJIUzI1NiJ9.W10.K5NzDrsFlsvlHx-kJm4eKJ__Qcjw3KkNygXMUm4h0HQ","method":"getKelas"}}
[2026-01-26 12:10:40] {"level":"INFO","event":"DB_CONFIG","host":"10.99.23.26","port":"3306","db":"batam_hidayatullah","user":"webtagihan","pass":"f@*********nG"}
[2026-01-26 12:10:40] {"level":"INFO","event":"JWT_DECODED"}
[2026-01-26 12:10:40] {"level":"INFO","event":"REQUEST","method":"POST","body":{"token":"eyJ0eXAiOiJKV1QiLCJhbGciOiJIUzI1NiJ9.W10.K5NzDrsFlsvlHx-kJm4eKJ__Qcjw3KkNygXMUm4h0HQ","method":"getAkun"}}
[2026-01-26 12:10:40] {"level":"INFO","event":"DB_CONFIG","host":"10.99.23.26","port":"3306","db":"batam_hidayatullah","user":"webtagihan","pass":"f@*********nG"}
[2026-01-26 12:10:40] {"level":"INFO","event":"SQL_GET_AKUN","query":"\r\n        SELECT\r\n            ua.KodeAkun AS kode,\r\n            ua.NamaAkun AS nama\r\n        FROM u_akun ua\r\n        ORDER BY ua.KodeAkun ASC\r\n    "}
        ORDER BY unit ASC, kelas ASC, kelompok ASC\r\n    "}
[2026-01-26 12:10:43] {"level":"INFO","event":"JWT_DECODED"}
[2026-01-26 12:10:43] {"level":"INFO","event":"REQUEST","method":"POST","body":{"token":"eyJ0eXAiOiJKV1QiLCJhbGciOiJIUzI1NiJ9.W10.K5NzDrsFlsvlHx-kJm4eKJ__Qcjw3KkNygXMUm4h0HQ","method":"getReport"}}
[2026-01-26 12:10:43] {"level":"INFO","event":"DB_CONFIG","host":"10.99.23.26","port":"3306","db":"batam_hidayatullah","user":"webtagihan","pass":"f@*********nG"}
[2026-01-26 12:10:43] {"level":"INFO","event":"SQL_GET_REPORT","params":[],"query":"\r\n        SELECT\r\n            c.CODE02 AS unit,\r\n            c.DESC02 AS kelas,\r\n            c.DESC03 AS kelompok,\r\n            b.BTA AS tahun_akademik,\r\n            c.DESC04 AS tahun_angkatan,\r\n            d.KodePost AS kode,\r\n            b.BILLNM AS nama_tagihan,\r\n            d.BILLAM AS jumlah,\r\n            ua.NamaAkun AS namapost,\r\n            c.NUM2ND AS no_pend,\r\n            c.NOCUST AS nis,\r\n            c.NMCUST AS nama,\r\n            b.PAIDDT AS tanggal,\r\n            b.FIDBANK AS fidbank\r\n        FROM scctbill_detail d\r\n        INNER JOIN scctbill b\r\n            ON b.BILLCD = d.BILLCD AND b.CUSTID = d.CUSTID\r\n        INNER JOIN scctcust c\r\n            ON c.CUSTID = b.CUSTID\r\n        LEFT JOIN u_akun ua\r\n            ON ua.KodeAkun = d.KodePost\r\n        WHERE b.PAIDST = 1\r\n          AND b.FSTSBolehBayar = 1\r\n     ORDER BY b.PAIDDT DESC, c.NOCUST ASC LIMIT :limit OFFSET :offset "}
[2026-01-26 12:12:47] {"level":"INFO","event":"JWT_DECODED"}
[2026-01-26 12:12:47] {"level":"INFO","event":"REQUEST","method":"POST","body":{"method":"getAkun","token":"eyJ0eXAiOiJKV1QiLCJhbGciOiJIUzI1NiJ9.eyJiYW5rIjoiMTE0MDAwMCJ9.EWOzfHPox5MjU1aupWJ3BpQmqr-lz6h0cyFsluKvsrU","bank":"1140000"}}
[2026-01-26 12:12:47] {"level":"INFO","event":"DB_CONFIG","host":"10.99.23.26","port":"3306","db":"batam_hidayatullah","user":"webtagihan","pass":"f@*********nG"}
[2026-01-26 12:12:47] {"level":"INFO","event":"SQL_GET_AKUN","query":"\r\n        SELECT\r\n            ua.KodeAkun AS kode,\r\n            ua.NamaAkun AS nama\r\n        FROM u_akun ua\r\n        ORDER BY ua.KodeAkun ASC\r\n    "}
[2026-01-26 14:02:59] {"level":"INFO","event":"JWT_DECODED"}
[2026-01-26 14:02:59] {"level":"INFO","event":"REQUEST","method":"POST","body":{"token":"eyJ0eXAiOiJKV1QiLCJhbGciOiJIUzI1NiJ9.W10.K5NzDrsFlsvlHx-kJm4eKJ__Qcjw3KkNygXMUm4h0HQ","method":"getKelas"}}
[2026-01-26 14:02:59] {"level":"INFO","event":"DB_CONFIG","host":"10.99.23.26","port":"3306","db":"batam_hidayatullah","user":"webtagihan","pass":"f@*********nG"}
[2026-01-26 14:02:59] {"level":"INFO","event":"SQL_GET_KELAS","query":"\r\n        SELECT DISTINCT\r\n            c.CODE02 AS unit,\r\n            c.DESC02 AS kelas,\r\n            c.DESC03 AS kelompok\r\n        FROM scctcust c\r\n        ORDER BY unit ASC, kelas ASC, kelompok ASC\r\n    "}
[2026-01-26 14:03:01] {"level":"INFO","event":"JWT_DECODED"}
[2026-01-26 14:03:01] {"level":"INFO","event":"REQUEST","method":"POST","body":{"token":"eyJ0eXAiOiJKV1QiLCJhbGciOiJIUzI1NiJ9.W10.K5NzDrsFlsvlHx-kJm4eKJ__Qcjw3KkNygXMUm4h0HQ","method":"getAkun"}}
[2026-01-26 14:03:01] {"level":"INFO","event":"DB_CONFIG","host":"10.99.23.26","port":"3306","db":"batam_hidayatullah","user":"webtagihan","pass":"f@*********nG"}
[2026-01-26 14:03:01] {"level":"INFO","event":"SQL_GET_AKUN","query":"\r\n        SELECT\r\n            ua.KodeAkun AS kode,\r\n            ua.NamaAkun AS nama\r\n        FROM u_akun ua\r\n        ORDER BY ua.KodeAkun ASC\r\n    "}
[2026-01-26 14:03:01] {"level":"INFO","event":"JWT_DECODED"}
[2026-01-26 14:03:01] {"level":"INFO","event":"REQUEST","method":"POST","body":{"token":"eyJ0eXAiOiJKV1QiLCJhbGciOiJIUzI1NiJ9.W10.K5NzDrsFlsvlHx-kJm4eKJ__Qcjw3KkNygXMUm4h0HQ","method":"getTagihan"}}
[2026-01-26 14:03:01] {"level":"INFO","event":"DB_CONFIG","host":"10.99.23.26","port":"3306","db":"batam_hidayatullah","user":"webtagihan","pass":"f@*********nG"}
[2026-01-26 14:03:01] {"level":"INFO","event":"SQL_GET_TAGIHAN","query":"SELECT `kode` AS kode, `tagihan` AS nama FROM `mst_tagihan` ORDER BY `kode` ASC"}
[2026-01-26 14:03:03] {"level":"INFO","event":"JWT_DECODED"}
[2026-01-26 14:03:03] {"level":"INFO","event":"REQUEST","method":"POST","body":{"token":"eyJ0eXAiOiJKV1QiLCJhbGciOiJIUzI1NiJ9.W10.K5NzDrsFlsvlHx-kJm4eKJ__Qcjw3KkNygXMUm4h0HQ","method":"getReport"}}
[2026-01-26 14:03:03] {"level":"INFO","event":"DB_CONFIG","host":"10.99.23.26","port":"3306","db":"batam_hidayatullah","user":"webtagihan","pass":"f@*********nG"}
[2026-01-26 14:03:03] {"level":"INFO","event":"SQL_GET_REPORT","params":[],"query":"\r\n        SELECT\r\n            c.CODE02 AS unit,\r\n            c.DESC02 AS kelas,\r\n            c.DESC03 AS kelompok,\r\n            b.BTA AS tahun_akademik,\r\n            c.DESC04 AS tahun_angkatan,\r\n            d.KodePost AS kode_akun,\r\n            b.BILLCD AS kode_tagihan,\r\n            b.BILLNM AS nama_tagihan,\r\n            d.BILLAM AS jumlah,\r\n            ua.NamaAkun AS namapost,\r\n            c.NUM2ND AS no_pend,\r\n            c.NOCUST AS nis,\r\n            c.NMCUST AS nama,\r\n            b.PAIDDT AS tanggal,\r\n            b.FIDBANK AS fidbank\r\n        FROM scctbill_detail d\r\n        INNER JOIN scctbill b\r\n            ON b.BILLCD = d.BILLCD AND b.CUSTID = d.CUSTID\r\n        INNER JOIN scctcust c\r\n            ON c.CUSTID = b.CUSTID\r\n        LEFT JOIN u_akun ua\r\n            ON ua.KodeAkun = d.KodePost\r\n        WHERE b.PAIDST = 1\r\n          AND b.FSTSBolehBayar = 1\r\n     ORDER BY b.PAIDDT DESC, c.NOCUST ASC LIMIT :limit OFFSET :offset "}
[2026-01-26 14:04:01] {"level":"INFO","event":"JWT_DECODED"}
[2026-01-26 14:04:01] {"level":"INFO","event":"REQUEST","method":"POST","body":{"token":"eyJ0eXAiOiJKV1QiLCJhbGciOiJIUzI1NiJ9.W10.K5NzDrsFlsvlHx-kJm4eKJ__Qcjw3KkNygXMUm4h0HQ","method":"getKelas"}}
[2026-01-26 14:04:01] {"level":"INFO","event":"DB_CONFIG","host":"10.99.23.26","port":"3306","db":"batam_hidayatullah","user":"webtagihan","pass":"f@*********nG"}
[2026-01-26 14:04:01] {"level":"INFO","event":"SQL_GET_KELAS","query":"\r\n        SELECT DISTINCT\r\n            c.CODE02 AS unit,\r\n            c.DESC02 AS kelas,\r\n            c.DESC03 AS kelompok\r\n        FROM scctcust c\r\n        ORDER BY unit ASC, kelas ASC, kelompok ASC\r\n    "}
[2026-01-26 14:04:01] {"level":"INFO","event":"JWT_DECODED"}
[2026-01-26 14:04:01] {"level":"INFO","event":"REQUEST","method":"POST","body":{"token":"eyJ0eXAiOiJKV1QiLCJhbGciOiJIUzI1NiJ9.W10.K5NzDrsFlsvlHx-kJm4eKJ__Qcjw3KkNygXMUm4h0HQ","method":"getAkun"}}
[2026-01-26 14:04:01] {"level":"INFO","event":"DB_CONFIG","host":"10.99.23.26","port":"3306","db":"batam_hidayatullah","user":"webtagihan","pass":"f@*********nG"}
[2026-01-26 14:04:01] {"level":"INFO","event":"SQL_GET_AKUN","query":"\r\n        SELECT\r\n            ua.KodeAkun AS kode,\r\n            ua.NamaAkun AS nama\r\n        FROM u_akun ua\r\n        ORDER BY ua.KodeAkun ASC\r\n    "}
[2026-01-26 14:04:03] {"level":"INFO","event":"JWT_DECODED"}
[2026-01-26 14:04:03] {"level":"INFO","event":"REQUEST","method":"POST","body":{"token":"eyJ0eXAiOiJKV1QiLCJhbGciOiJIUzI1NiJ9.W10.K5NzDrsFlsvlHx-kJm4eKJ__Qcjw3KkNygXMUm4h0HQ","method":"getReport"}}
[2026-01-26 14:04:03] {"level":"INFO","event":"DB_CONFIG","host":"10.99.23.26","port":"3306","db":"batam_hidayatullah","user":"webtagihan","pass":"f@*********nG"}
[2026-01-26 14:04:03] {"level":"INFO","event":"SQL_GET_REPORT","params":[],"query":"\r\n        SELECT\r\n            c.CODE02 AS unit,\r\n            c.DESC02 AS kelas,\r\n            c.DESC03 AS kelompok,\r\n            b.BTA AS tahun_akademik,\r\n            c.DESC04 AS tahun_angkatan,\r\n            d.KodePost AS kode_akun,\r\n            b.BILLCD AS kode_tagihan,\r\n            b.BILLNM AS nama_tagihan,\r\n            d.BILLAM AS jumlah,\r\n            ua.NamaAkun AS namapost,\r\n            c.NUM2ND AS no_pend,\r\n            c.NOCUST AS nis,\r\n            c.NMCUST AS nama,\r\n            b.PAIDDT AS tanggal,\r\n            b.FIDBANK AS fidbank\r\n        FROM scctbill_detail d\r\n        INNER JOIN scctbill b\r\n            ON b.BILLCD = d.BILLCD AND b.CUSTID = d.CUSTID\r\n        INNER JOIN scctcust c\r\n            ON c.CUSTID = b.CUSTID\r\n        LEFT JOIN u_akun ua\r\n            ON ua.KodeAkun = d.KodePost\r\n        WHERE b.PAIDST = 1\r\n          AND b.FSTSBolehBayar = 1\r\n     ORDER BY b.PAIDDT DESC, c.NOCUST ASC LIMIT :limit OFFSET :offset "}
[2026-01-26 14:04:14] {"level":"INFO","event":"JWT_DECODED"}
[2026-01-26 14:04:14] {"level":"INFO","event":"REQUEST","method":"POST","body":{"token":"eyJ0eXAiOiJKV1QiLCJhbGciOiJIUzI1NiJ9.eyJha3VuIjoiMTAxIiwia29kZV9ha3VuIjoiMTAxIn0.xI2Ki9JJAbye65XZwITDLxSkGgTS7_7G_kpV5anMEKs","method":"getReport","akun":"101","kode_akun":"101"}}
[2026-01-26 14:04:14] {"level":"INFO","event":"DB_CONFIG","host":"10.99.23.26","port":"3306","db":"batam_hidayatullah","user":"webtagihan","pass":"f@*********nG"}
[2026-01-26 14:04:14] {"level":"INFO","event":"SQL_GET_REPORT","params":{":akun":"101"},"query":"\r\n        SELECT\r\n            c.CODE02 AS unit,\r\n            c.DESC02 AS kelas,\r\n            c.DESC03 AS kelompok,\r\n            b.BTA AS tahun_akademik,\r\n            c.DESC04 AS tahun_angkatan,\r\n            d.KodePost AS kode_akun,\r\n            b.BILLCD AS kode_tagihan,\r\n            b.BILLNM AS nama_tagihan,\r\n            d.BILLAM AS jumlah,\r\n            ua.NamaAkun AS namapost,\r\n            c.NUM2ND AS no_pend,\r\n            c.NOCUST AS nis,\r\n            c.NMCUST AS nama,\r\n            b.PAIDDT AS tanggal,\r\n            b.FIDBANK AS fidbank\r\n        FROM scctbill_detail d\r\n        INNER JOIN scctbill b\r\n            ON b.BILLCD = d.BILLCD AND b.CUSTID = d.CUSTID\r\n        INNER JOIN scctcust c\r\n            ON c.CUSTID = b.CUSTID\r\n        LEFT JOIN u_akun ua\r\n            ON ua.KodeAkun = d.KodePost\r\n        WHERE b.PAIDST = 1\r\n          AND b.FSTSBolehBayar = 1\r\n     AND d.KodePost = :akun  ORDER BY b.PAIDDT DESC, c.NOCUST ASC LIMIT :limit OFFSET :offset "}
[2026-01-26 14:04:27] {"level":"INFO","event":"JWT_DECODED"}
[2026-01-26 14:04:27] {"level":"INFO","event":"REQUEST","method":"POST","body":{"token":"eyJ0eXAiOiJKV1QiLCJhbGciOiJIUzI1NiJ9.eyJha3VuIjoiMTAxIiwia29kZV9ha3VuIjoiMTAxIiwiYmFuayI6IjExNDAwMDAifQ.t_JEUp76y4Bdolt1AJH0jBwQgx6GTrR_Lc1osAC9mA8","method":"getReport","akun":"101","kode_akun":"101","bank":"1140000"}}
[2026-01-26 14:04:27] {"level":"INFO","event":"DB_CONFIG","host":"10.99.23.26","port":"3306","db":"batam_hidayatullah","user":"webtagihan","pass":"f@*********nG"}
[2026-01-26 14:04:27] {"level":"INFO","event":"SQL_GET_REPORT","params":{":akun":"101",":bank":"1140000"},"query":"\r\n        SELECT\r\n            c.CODE02 AS unit,\r\n            c.DESC02 AS kelas,\r\n            c.DESC03 AS kelompok,\r\n            b.BTA AS tahun_akademik,\r\n            c.DESC04 AS tahun_angkatan,\r\n            d.KodePost AS kode_akun,\r\n            b.BILLCD AS kode_tagihan,\r\n            b.BILLNM AS nama_tagihan,\r\n            d.BILLAM AS jumlah,\r\n            ua.NamaAkun AS namapost,\r\n            c.NUM2ND AS no_pend,\r\n            c.NOCUST AS nis,\r\n            c.NMCUST AS nama,\r\n            b.PAIDDT AS tanggal,\r\n            b.FIDBANK AS fidbank\r\n        FROM scctbill_detail d\r\n        INNER JOIN scctbill b\r\n            ON b.BILLCD = d.BILLCD AND b.CUSTID = d.CUSTID\r\n        INNER JOIN scctcust c\r\n            ON c.CUSTID = b.CUSTID\r\n        LEFT JOIN u_akun ua\r\n            ON ua.KodeAkun = d.KodePost\r\n        WHERE b.PAIDST = 1\r\n          AND b.FSTSBolehBayar = 1\r\n     AND d.KodePost = :akun  AND b.FIDBANK = :bank  ORDER BY b.PAIDDT DESC, c.NOCUST ASC LIMIT :limit OFFSET :offset "}
[2026-01-26 14:04:40] {"level":"INFO","event":"JWT_DECODED"}
[2026-01-26 14:04:40] {"level":"INFO","event":"REQUEST","method":"POST","body":{"token":"eyJ0eXAiOiJKV1QiLCJhbGciOiJIUzI1NiJ9.eyJha3VuIjoiMTAxIiwia29kZV9ha3VuIjoiMTAxIiwidGFnaWhhbiI6IjAxIiwia29kZV90YWdpaGFuIjoiMDEiLCJiYW5rIjoiMTE0MDAwMCJ9.PAkfpOCU-7Xa_tt-TRivKV-qqNV-peQwGuL_U-IgzhU","method":"getReport","akun":"101","kode_akun":"101","tagihan":"01","kode_tagihan":"01","bank":"1140000"}}
[2026-01-26 14:04:40] {"level":"INFO","event":"DB_CONFIG","host":"10.99.23.26","port":"3306","db":"batam_hidayatullah","user":"webtagihan","pass":"f@*********nG"}
[2026-01-26 14:04:40] {"level":"INFO","event":"SQL_GET_REPORT","params":{":akun":"101",":tagihan":"01",":bank":"1140000"},"query":"\r\n        SELECT\r\n            c.CODE02 AS unit,\r\n            c.DESC02 AS kelas,\r\n            c.DESC03 AS kelompok,\r\n            b.BTA AS tahun_akademik,\r\n            c.DESC04 AS tahun_angkatan,\r\n            d.KodePost AS kode_akun,\r\n            b.BILLCD AS kode_tagihan,\r\n            b.BILLNM AS nama_tagihan,\r\n            d.BILLAM AS jumlah,\r\n            ua.NamaAkun AS namapost,\r\n            c.NUM2ND AS no_pend,\r\n            c.NOCUST AS nis,\r\n            c.NMCUST AS nama,\r\n            b.PAIDDT AS tanggal,\r\n            b.FIDBANK AS fidbank\r\n        FROM scctbill_detail d\r\n        INNER JOIN scctbill b\r\n            ON b.BILLCD = d.BILLCD AND b.CUSTID = d.CUSTID\r\n        INNER JOIN scctcust c\r\n            ON c.CUSTID = b.CUSTID\r\n        LEFT JOIN u_akun ua\r\n            ON ua.KodeAkun = d.KodePost\r\n        WHERE b.PAIDST = 1\r\n          AND b.FSTSBolehBayar = 1\r\n     AND d.KodePost = :akun  AND b.BILLCD = :tagihan  AND b.FIDBANK = :bank  ORDER BY b.PAIDDT DESC, c.NOCUST ASC LIMIT :limit OFFSET :offset "}
[2026-01-26 14:04:46] {"level":"INFO","event":"JWT_DECODED"}
[2026-01-26 14:04:46] {"level":"INFO","event":"REQUEST","method":"POST","body":{"token":"eyJ0eXAiOiJKV1QiLCJhbGciOiJIUzI1NiJ9.eyJha3VuIjoiMTAxIiwia29kZV9ha3VuIjoiMTAxIiwiYmFuayI6IjExNDAwMDAifQ.t_JEUp76y4Bdolt1AJH0jBwQgx6GTrR_Lc1osAC9mA8","method":"getReport","akun":"101","kode_akun":"101","bank":"1140000"}}
[2026-01-26 14:04:46] {"level":"INFO","event":"DB_CONFIG","host":"10.99.23.26","port":"3306","db":"batam_hidayatullah","user":"webtagihan","pass":"f@*********nG"}
[2026-01-26 14:04:46] {"level":"INFO","event":"SQL_GET_REPORT","params":{":akun":"101",":bank":"1140000"},"query":"\r\n        SELECT\r\n            c.CODE02 AS unit,\r\n            c.DESC02 AS kelas,\r\n            c.DESC03 AS kelompok,\r\n            b.BTA AS tahun_akademik,\r\n            c.DESC04 AS tahun_angkatan,\r\n            d.KodePost AS kode_akun,\r\n            b.BILLCD AS kode_tagihan,\r\n            b.BILLNM AS nama_tagihan,\r\n            d.BILLAM AS jumlah,\r\n            ua.NamaAkun AS namapost,\r\n            c.NUM2ND AS no_pend,\r\n            c.NOCUST AS nis,\r\n            c.NMCUST AS nama,\r\n            b.PAIDDT AS tanggal,\r\n            b.FIDBANK AS fidbank\r\n        FROM scctbill_detail d\r\n        INNER JOIN scctbill b\r\n            ON b.BILLCD = d.BILLCD AND b.CUSTID = d.CUSTID\r\n        INNER JOIN scctcust c\r\n            ON c.CUSTID = b.CUSTID\r\n        LEFT JOIN u_akun ua\r\n            ON ua.KodeAkun = d.KodePost\r\n        WHERE b.PAIDST = 1\r\n          AND b.FSTSBolehBayar = 1\r\n     AND d.KodePost = :akun  AND b.FIDBANK = :bank  ORDER BY b.PAIDDT DESC, c.NOCUST ASC LIMIT :limit OFFSET :offset "}
[2026-01-26 14:05:02] {"level":"INFO","event":"JWT_DECODED"}
[2026-01-26 14:05:02] {"level":"INFO","event":"REQUEST","method":"POST","body":{"token":"eyJ0eXAiOiJKV1QiLCJhbGciOiJIUzI1NiJ9.eyJha3VuIjoiMTAxIiwia29kZV9ha3VuIjoiMTAxIiwidGFnaWhhbiI6IjAxIiwia29kZV90YWdpaGFuIjoiMDEiLCJiYW5rIjoiMTE0MDAwMCJ9.PAkfpOCU-7Xa_tt-TRivKV-qqNV-peQwGuL_U-IgzhU","method":"getReport","akun":"101","kode_akun":"101","tagihan":"01","kode_tagihan":"01","bank":"1140000"}}
[2026-01-26 14:05:02] {"level":"INFO","event":"DB_CONFIG","host":"10.99.23.26","port":"3306","db":"batam_hidayatullah","user":"webtagihan","pass":"f@*********nG"}
[2026-01-26 14:05:02] {"level":"INFO","event":"SQL_GET_REPORT","params":{":akun":"101",":tagihan":"01",":bank":"1140000"},"query":"\r\n        SELECT\r\n            c.CODE02 AS unit,\r\n            c.DESC02 AS kelas,\r\n            c.DESC03 AS kelompok,\r\n            b.BTA AS tahun_akademik,\r\n            c.DESC04 AS tahun_angkatan,\r\n            d.KodePost AS kode_akun,\r\n            b.BILLCD AS kode_tagihan,\r\n            b.BILLNM AS nama_tagihan,\r\n            d.BILLAM AS jumlah,\r\n            ua.NamaAkun AS namapost,\r\n            c.NUM2ND AS no_pend,\r\n            c.NOCUST AS nis,\r\n            c.NMCUST AS nama,\r\n            b.PAIDDT AS tanggal,\r\n            b.FIDBANK AS fidbank\r\n        FROM scctbill_detail d\r\n        INNER JOIN scctbill b\r\n            ON b.BILLCD = d.BILLCD AND b.CUSTID = d.CUSTID\r\n        INNER JOIN scctcust c\r\n            ON c.CUSTID = b.CUSTID\r\n        LEFT JOIN u_akun ua\r\n            ON ua.KodeAkun = d.KodePost\r\n        WHERE b.PAIDST = 1\r\n          AND b.FSTSBolehBayar = 1\r\n     AND d.KodePost = :akun  AND b.BILLCD = :tagihan  AND b.FIDBANK = :bank  ORDER BY b.PAIDDT DESC, c.NOCUST ASC LIMIT :limit OFFSET :offset "}
[2026-01-26 14:05:06] {"level":"INFO","event":"JWT_DECODED"}
[2026-01-26 14:05:06] {"level":"INFO","event":"REQUEST","method":"POST","body":{"token":"eyJ0eXAiOiJKV1QiLCJhbGciOiJIUzI1NiJ9.eyJha3VuIjoiMTAxIiwia29kZV9ha3VuIjoiMTAxIiwiYmFuayI6IjExNDAwMDAifQ.t_JEUp76y4Bdolt1AJH0jBwQgx6GTrR_Lc1osAC9mA8","method":"getReport","akun":"101","kode_akun":"101","bank":"1140000"}}
[2026-01-26 14:05:06] {"level":"INFO","event":"DB_CONFIG","host":"10.99.23.26","port":"3306","db":"batam_hidayatullah","user":"webtagihan","pass":"f@*********nG"}
[2026-01-26 14:05:06] {"level":"INFO","event":"SQL_GET_REPORT","params":{":akun":"101",":bank":"1140000"},"query":"\r\n        SELECT\r\n            c.CODE02 AS unit,\r\n            c.DESC02 AS kelas,\r\n            c.DESC03 AS kelompok,\r\n            b.BTA AS tahun_akademik,\r\n            c.DESC04 AS tahun_angkatan,\r\n            d.KodePost AS kode_akun,\r\n            b.BILLCD AS kode_tagihan,\r\n            b.BILLNM AS nama_tagihan,\r\n            d.BILLAM AS jumlah,\r\n            ua.NamaAkun AS namapost,\r\n            c.NUM2ND AS no_pend,\r\n            c.NOCUST AS nis,\r\n            c.NMCUST AS nama,\r\n            b.PAIDDT AS tanggal,\r\n            b.FIDBANK AS fidbank\r\n        FROM scctbill_detail d\r\n        INNER JOIN scctbill b\r\n            ON b.BILLCD = d.BILLCD AND b.CUSTID = d.CUSTID\r\n        INNER JOIN scctcust c\r\n            ON c.CUSTID = b.CUSTID\r\n        LEFT JOIN u_akun ua\r\n            ON ua.KodeAkun = d.KodePost\r\n        WHERE b.PAIDST = 1\r\n          AND b.FSTSBolehBayar = 1\r\n     AND d.KodePost = :akun  AND b.FIDBANK = :bank  ORDER BY b.PAIDDT DESC, c.NOCUST ASC LIMIT :limit OFFSET :offset "}
[2026-01-26 14:05:13] {"level":"INFO","event":"JWT_DECODED"}
[2026-01-26 14:05:13] {"level":"INFO","event":"REQUEST","method":"POST","body":{"token":"eyJ0eXAiOiJKV1QiLCJhbGciOiJIUzI1NiJ9.W10.K5NzDrsFlsvlHx-kJm4eKJ__Qcjw3KkNygXMUm4h0HQ","method":"getKelas"}}
[2026-01-26 14:05:13] {"level":"INFO","event":"DB_CONFIG","host":"10.99.23.26","port":"3306","db":"batam_hidayatullah","user":"webtagihan","pass":"f@*********nG"}
[2026-01-26 14:05:13] {"level":"INFO","event":"SQL_GET_KELAS","query":"\r\n        SELECT DISTINCT\r\n            c.CODE02 AS unit,\r\n            c.DESC02 AS kelas,\r\n            c.DESC03 AS kelompok\r\n        FROM scctcust c\r\n        ORDER BY unit ASC, kelas ASC, kelompok ASC\r\n    "}
[2026-01-26 14:05:13] {"level":"INFO","event":"JWT_DECODED"}
[2026-01-26 14:05:13] {"level":"INFO","event":"REQUEST","method":"POST","body":{"token":"eyJ0eXAiOiJKV1QiLCJhbGciOiJIUzI1NiJ9.W10.K5NzDrsFlsvlHx-kJm4eKJ__Qcjw3KkNygXMUm4h0HQ","method":"getAkun"}}
[2026-01-26 14:05:13] {"level":"INFO","event":"DB_CONFIG","host":"10.99.23.26","port":"3306","db":"batam_hidayatullah","user":"webtagihan","pass":"f@*********nG"}
[2026-01-26 14:05:13] {"level":"INFO","event":"SQL_GET_AKUN","query":"\r\n        SELECT\r\n            ua.KodeAkun AS kode,\r\n            ua.NamaAkun AS nama\r\n        FROM u_akun ua\r\n        ORDER BY ua.KodeAkun ASC\r\n    "}
[2026-01-26 14:05:14] {"level":"INFO","event":"JWT_DECODED"}
[2026-01-26 14:05:14] {"level":"INFO","event":"REQUEST","method":"POST","body":{"token":"eyJ0eXAiOiJKV1QiLCJhbGciOiJIUzI1NiJ9.W10.K5NzDrsFlsvlHx-kJm4eKJ__Qcjw3KkNygXMUm4h0HQ","method":"getTagihan"}}
[2026-01-26 14:05:14] {"level":"INFO","event":"DB_CONFIG","host":"10.99.23.26","port":"3306","db":"batam_hidayatullah","user":"webtagihan","pass":"f@*********nG"}
[2026-01-26 14:05:14] {"level":"INFO","event":"SQL_GET_TAGIHAN","query":"SELECT `kode` AS kode, `tagihan` AS nama FROM `mst_tagihan` ORDER BY `kode` ASC"}
[2026-01-26 14:05:21] {"level":"INFO","event":"JWT_DECODED"}
[2026-01-26 14:05:21] {"level":"INFO","event":"REQUEST","method":"POST","body":{"token":"eyJ0eXAiOiJKV1QiLCJhbGciOiJIUzI1NiJ9.eyJ0YWdpaGFuIjoiMDEiLCJrb2RlX3RhZ2loYW4iOiIwMSJ9.RwMlo9rVgrhjLwnGyXIxh3jHVx0UXxjJMtvH_PF3-xE","method":"getReport","tagihan":"01","kode_tagihan":"01"}}
[2026-01-26 14:05:21] {"level":"INFO","event":"DB_CONFIG","host":"10.99.23.26","port":"3306","db":"batam_hidayatullah","user":"webtagihan","pass":"f@*********nG"}
[2026-01-26 14:05:21] {"level":"INFO","event":"SQL_GET_REPORT","params":{":tagihan":"01"},"query":"\r\n        SELECT\r\n            c.CODE02 AS unit,\r\n            c.DESC02 AS kelas,\r\n            c.DESC03 AS kelompok,\r\n            b.BTA AS tahun_akademik,\r\n            c.DESC04 AS tahun_angkatan,\r\n            d.KodePost AS kode_akun,\r\n            b.BILLCD AS kode_tagihan,\r\n            b.BILLNM AS nama_tagihan,\r\n            d.BILLAM AS jumlah,\r\n            ua.NamaAkun AS namapost,\r\n            c.NUM2ND AS no_pend,\r\n            c.NOCUST AS nis,\r\n            c.NMCUST AS nama,\r\n            b.PAIDDT AS tanggal,\r\n            b.FIDBANK AS fidbank\r\n        FROM scctbill_detail d\r\n        INNER JOIN scctbill b\r\n            ON b.BILLCD = d.BILLCD AND b.CUSTID = d.CUSTID\r\n        INNER JOIN scctcust c\r\n            ON c.CUSTID = b.CUSTID\r\n        LEFT JOIN u_akun ua\r\n            ON ua.KodeAkun = d.KodePost\r\n        WHERE b.PAIDST = 1\r\n          AND b.FSTSBolehBayar = 1\r\n     AND b.BILLCD = :tagihan  ORDER BY b.PAIDDT DESC, c.NOCUST ASC LIMIT :limit OFFSET :offset "}
[2026-01-26 14:05:27] {"level":"INFO","event":"JWT_DECODED"}
[2026-01-26 14:05:27] {"level":"INFO","event":"REQUEST","method":"POST","body":{"token":"eyJ0eXAiOiJKV1QiLCJhbGciOiJIUzI1NiJ9.W10.K5NzDrsFlsvlHx-kJm4eKJ__Qcjw3KkNygXMUm4h0HQ","method":"getReport"}}
[2026-01-26 14:05:27] {"level":"INFO","event":"DB_CONFIG","host":"10.99.23.26","port":"3306","db":"batam_hidayatullah","user":"webtagihan","pass":"f@*********nG"}
[2026-01-26 14:05:27] {"level":"INFO","event":"SQL_GET_REPORT","params":[],"query":"\r\n        SELECT\r\n            c.CODE02 AS unit,\r\n            c.DESC02 AS kelas,\r\n            c.DESC03 AS kelompok,\r\n            b.BTA AS tahun_akademik,\r\n            c.DESC04 AS tahun_angkatan,\r\n            d.KodePost AS kode_akun,\r\n            b.BILLCD AS kode_tagihan,\r\n            b.BILLNM AS nama_tagihan,\r\n            d.BILLAM AS jumlah,\r\n            ua.NamaAkun AS namapost,\r\n            c.NUM2ND AS no_pend,\r\n            c.NOCUST AS nis,\r\n            c.NMCUST AS nama,\r\n            b.PAIDDT AS tanggal,\r\n            b.FIDBANK AS fidbank\r\n        FROM scctbill_detail d\r\n        INNER JOIN scctbill b\r\n            ON b.BILLCD = d.BILLCD AND b.CUSTID = d.CUSTID\r\n        INNER JOIN scctcust c\r\n            ON c.CUSTID = b.CUSTID\r\n        LEFT JOIN u_akun ua\r\n            ON ua.KodeAkun = d.KodePost\r\n        WHERE b.PAIDST = 1\r\n          AND b.FSTSBolehBayar = 1\r\n     ORDER BY b.PAIDDT DESC, c.NOCUST ASC LIMIT :limit OFFSET :offset "}
[2026-01-26 15:56:31] {"level":"INFO","event":"JWT_DECODED"}
[2026-01-26 15:56:31] {"level":"INFO","event":"REQUEST","method":"POST","body":{"token":"eyJ0eXAiOiJKV1QiLCJhbGciOiJIUzI1NiJ9.W10.K5NzDrsFlsvlHx-kJm4eKJ__Qcjw3KkNygXMUm4h0HQ","method":"getKelas"}}
[2026-01-26 15:56:31] {"level":"INFO","event":"DB_CONFIG","host":"10.99.23.26","port":"3306","db":"batam_hidayatullah","user":"webtagihan","pass":"f@*********nG"}
[2026-01-26 15:56:31] {"level":"INFO","event":"SQL_GET_KELAS","query":"\r\n        SELECT DISTINCT\r\n            c.CODE02 AS unit,\r\n            c.DESC02 AS kelas,\r\n            c.DESC03 AS kelompok\r\n        FROM scctcust c\r\n        ORDER BY unit ASC, kelas ASC, kelompok ASC\r\n    "}
[2026-01-26 15:56:31] {"level":"INFO","event":"JWT_DECODED"}
[2026-01-26 15:56:31] {"level":"INFO","event":"REQUEST","method":"POST","body":{"token":"eyJ0eXAiOiJKV1QiLCJhbGciOiJIUzI1NiJ9.W10.K5NzDrsFlsvlHx-kJm4eKJ__Qcjw3KkNygXMUm4h0HQ","method":"getAkun"}}
[2026-01-26 15:56:31] {"level":"INFO","event":"DB_CONFIG","host":"10.99.23.26","port":"3306","db":"batam_hidayatullah","user":"webtagihan","pass":"f@*********nG"}
[2026-01-26 15:56:31] {"level":"INFO","event":"SQL_GET_AKUN","query":"\r\n        SELECT\r\n            ua.KodeAkun AS kode,\r\n            ua.NamaAkun AS nama\r\n        FROM u_akun ua\r\n        ORDER BY ua.KodeAkun ASC\r\n    "}
[2026-01-26 15:56:31] {"level":"INFO","event":"JWT_DECODED"}
[2026-01-26 15:56:31] {"level":"INFO","event":"REQUEST","method":"POST","body":{"token":"eyJ0eXAiOiJKV1QiLCJhbGciOiJIUzI1NiJ9.W10.K5NzDrsFlsvlHx-kJm4eKJ__Qcjw3KkNygXMUm4h0HQ","method":"getTagihan"}}
[2026-01-26 15:56:31] {"level":"INFO","event":"DB_CONFIG","host":"10.99.23.26","port":"3306","db":"batam_hidayatullah","user":"webtagihan","pass":"f@*********nG"}
[2026-01-26 15:56:31] {"level":"INFO","event":"SQL_GET_TAGIHAN","query":"SELECT `kode` AS kode, `tagihan` AS nama FROM `mst_tagihan` ORDER BY `kode` ASC"}
[2026-01-26 15:58:56] {"level":"INFO","event":"JWT_DECODED"}
[2026-01-26 15:58:56] {"level":"INFO","event":"REQUEST","method":"POST","body":{"token":"eyJ0eXAiOiJKV1QiLCJhbGciOiJIUzI1NiJ9.W10.K5NzDrsFlsvlHx-kJm4eKJ__Qcjw3KkNygXMUm4h0HQ","method":"getReport"}}
[2026-01-26 15:58:56] {"level":"INFO","event":"DB_CONFIG","host":"10.99.23.26","port":"3306","db":"batam_hidayatullah","user":"webtagihan","pass":"f@*********nG"}
[2026-01-26 15:58:56] {"level":"INFO","event":"SQL_GET_REPORT","params":[],"query":"\r\n        SELECT\r\n            c.CODE02 AS unit,\r\n            c.DESC02 AS kelas,\r\n            c.DESC03 AS kelompok,\r\n            b.BTA AS tahun_akademik,\r\n            c.DESC04 AS tahun_angkatan,\r\n            d.KodePost AS kode_akun,\r\n            COALESCE(mt.kode, b.BILLCD) AS kode_tagihan,\r\n            COALESCE(mt.tagihan, b.BILLNM) AS nama_tagihan,\r\n            d.BILLAM AS jumlah,\r\n            ua.NamaAkun AS namapost,\r\n            c.NUM2ND AS no_pend,\r\n            c.NOCUST AS nis,\r\n            c.NMCUST AS nama,\r\n            b.PAIDDT AS tanggal,\r\n            b.FIDBANK AS fidbank\r\n        FROM scctbill_detail d\r\n        INNER JOIN scctbill b\r\n            ON b.BILLCD = d.BILLCD AND b.CUSTID = d.CUSTID\r\n        INNER JOIN scctcust c\r\n            ON c.CUSTID = b.CUSTID\r\n        LEFT JOIN u_akun ua\r\n            ON ua.KodeAkun = d.KodePost\r\n        LEFT JOIN mst_tagihan mt\r\n            ON mt.kode = b.BILLCD\r\n        WHERE b.PAIDST = 1\r\n          AND b.FSTSBolehBayar = 1\r\n     ORDER BY b.PAIDDT DESC, c.NOCUST ASC LIMIT :limit OFFSET :offset "}
[2026-01-26 15:59:03] {"level":"INFO","event":"JWT_DECODED"}
[2026-01-26 15:59:03] {"level":"INFO","event":"REQUEST","method":"POST","body":{"token":"eyJ0eXAiOiJKV1QiLCJhbGciOiJIUzI1NiJ9.eyJ0YWdpaGFuIjoiMDIiLCJrb2RlX3RhZ2loYW4iOiIwMiJ9.tRKPDBR2IZt06l8Th-nG6e7y-R_qo90SXnsEuU14djA","method":"getReport","tagihan":"02","kode_tagihan":"02"}}
[2026-01-26 15:59:03] {"level":"INFO","event":"DB_CONFIG","host":"10.99.23.26","port":"3306","db":"batam_hidayatullah","user":"webtagihan","pass":"f@*********nG"}
[2026-01-26 15:59:03] {"level":"INFO","event":"SQL_GET_REPORT","params":{":tagihan_exact":"02",":tagihan_like":"%02%"},"query":"\r\n        SELECT\r\n            c.CODE02 AS unit,\r\n            c.DESC02 AS kelas,\r\n            c.DESC03 AS kelompok,\r\n            b.BTA AS tahun_akademik,\r\n            c.DESC04 AS tahun_angkatan,\r\n            d.KodePost AS kode_akun,\r\n            COALESCE(mt.kode, b.BILLCD) AS kode_tagihan,\r\n            COALESCE(mt.tagihan, b.BILLNM) AS nama_tagihan,\r\n            d.BILLAM AS jumlah,\r\n            ua.NamaAkun AS namapost,\r\n            c.NUM2ND AS no_pend,\r\n            c.NOCUST AS nis,\r\n            c.NMCUST AS nama,\r\n            b.PAIDDT AS tanggal,\r\n            b.FIDBANK AS fidbank\r\n        FROM scctbill_detail d\r\n        INNER JOIN scctbill b\r\n            ON b.BILLCD = d.BILLCD AND b.CUSTID = d.CUSTID\r\n        INNER JOIN scctcust c\r\n            ON c.CUSTID = b.CUSTID\r\n        LEFT JOIN u_akun ua\r\n            ON ua.KodeAkun = d.KodePost\r\n        LEFT JOIN mst_tagihan mt\r\n            ON mt.kode = b.BILLCD\r\n        WHERE b.PAIDST = 1\r\n          AND b.FSTSBolehBayar = 1\r\n     AND (mt.kode = :tagihan_exact OR b.BILLCD = :tagihan_exact OR mt.tagihan = :tagihan_exact OR b.BILLNM LIKE :tagihan_like)  ORDER BY b.PAIDDT DESC, c.NOCUST ASC LIMIT :limit OFFSET :offset "}
[2026-01-26 15:59:03] {"level":"ERROR","event":"EXCEPTION","type":"PDOException","message":"SQLSTATE[HY093]: Invalid parameter number","file":"C:\\xampp\\htdocs\\WS_CLIENT\\Batam_Hidayatullah\\index.php","line":325}
[2026-01-26 15:59:07] {"level":"INFO","event":"JWT_DECODED"}
[2026-01-26 15:59:07] {"level":"INFO","event":"REQUEST","method":"POST","body":{"token":"eyJ0eXAiOiJKV1QiLCJhbGciOiJIUzI1NiJ9.W10.K5NzDrsFlsvlHx-kJm4eKJ__Qcjw3KkNygXMUm4h0HQ","method":"getReport"}}
[2026-01-26 15:59:07] {"level":"INFO","event":"DB_CONFIG","host":"10.99.23.26","port":"3306","db":"batam_hidayatullah","user":"webtagihan","pass":"f@*********nG"}
[2026-01-26 15:59:07] {"level":"INFO","event":"SQL_GET_REPORT","params":[],"query":"\r\n        SELECT\r\n            c.CODE02 AS unit,\r\n            c.DESC02 AS kelas,\r\n            c.DESC03 AS kelompok,\r\n            b.BTA AS tahun_akademik,\r\n            c.DESC04 AS tahun_angkatan,\r\n            d.KodePost AS kode_akun,\r\n            COALESCE(mt.kode, b.BILLCD) AS kode_tagihan,\r\n            COALESCE(mt.tagihan, b.BILLNM) AS nama_tagihan,\r\n            d.BILLAM AS jumlah,\r\n            ua.NamaAkun AS namapost,\r\n            c.NUM2ND AS no_pend,\r\n            c.NOCUST AS nis,\r\n            c.NMCUST AS nama,\r\n            b.PAIDDT AS tanggal,\r\n            b.FIDBANK AS fidbank\r\n        FROM scctbill_detail d\r\n        INNER JOIN scctbill b\r\n            ON b.BILLCD = d.BILLCD AND b.CUSTID = d.CUSTID\r\n        INNER JOIN scctcust c\r\n            ON c.CUSTID = b.CUSTID\r\n        LEFT JOIN u_akun ua\r\n            ON ua.KodeAkun = d.KodePost\r\n        LEFT JOIN mst_tagihan mt\r\n            ON mt.kode = b.BILLCD\r\n        WHERE b.PAIDST = 1\r\n          AND b.FSTSBolehBayar = 1\r\n     ORDER BY b.PAIDDT DESC, c.NOCUST ASC LIMIT :limit OFFSET :offset "}
[2026-01-26 16:00:15] {"level":"INFO","event":"REQUEST","method":"GET","body":[]}
[2026-01-26 16:00:15] {"level":"INFO","event":"DB_CONFIG","host":"10.99.23.26","port":"3306","db":"batam_hidayatullah","user":"webtagihan","pass":"f@*********nG"}
[2026-01-26 16:00:15] {"level":"INFO","event":"SQL_GET_REPORT","params":[],"query":"\r\n        SELECT\r\n            c.CODE02 AS unit,\r\n            c.DESC02 AS kelas,\r\n            c.DESC03 AS kelompok,\r\n            b.BTA AS tahun_akademik,\r\n            c.DESC04 AS tahun_angkatan,\r\n            d.KodePost AS kode_akun,\r\n            COALESCE(mt.kode, b.BILLCD) AS kode_tagihan,\r\n            COALESCE(mt.tagihan, b.BILLNM) AS nama_tagihan,\r\n            d.BILLAM AS jumlah,\r\n            ua.NamaAkun AS namapost,\r\n            c.NUM2ND AS no_pend,\r\n            c.NOCUST AS nis,\r\n            c.NMCUST AS nama,\r\n            b.PAIDDT AS tanggal,\r\n            b.FIDBANK AS fidbank\r\n        FROM scctbill_detail d\r\n        INNER JOIN scctbill b\r\n            ON b.BILLCD = d.BILLCD AND b.CUSTID = d.CUSTID\r\n        INNER JOIN scctcust c\r\n            ON c.CUSTID = b.CUSTID\r\n        LEFT JOIN u_akun ua\r\n            ON ua.KodeAkun = d.KodePost\r\n        LEFT JOIN mst_tagihan mt\r\n            ON mt.kode = b.BILLCD\r\n        WHERE b.PAIDST = 1\r\n          AND b.FSTSBolehBayar = 1\r\n     ORDER BY b.PAIDDT DESC, c.NOCUST ASC LIMIT :limit OFFSET :offset "}
[2026-01-26 16:00:26] {"level":"INFO","event":"REQUEST","method":"GET","body":[]}
[2026-01-26 16:00:26] {"level":"INFO","event":"DB_CONFIG","host":"10.99.23.26","port":"3306","db":"batam_hidayatullah","user":"webtagihan","pass":"f@*********nG"}
[2026-01-26 16:00:26] {"level":"INFO","event":"SQL_GET_REPORT","params":[],"query":"\r\n        SELECT\r\n            c.CODE02 AS unit,\r\n            c.DESC02 AS kelas,\r\n            c.DESC03 AS kelompok,\r\n            b.BTA AS tahun_akademik,\r\n            c.DESC04 AS tahun_angkatan,\r\n            d.KodePost AS kode_akun,\r\n            COALESCE(mt.kode, b.BILLCD) AS kode_tagihan,\r\n            COALESCE(mt.tagihan, b.BILLNM) AS nama_tagihan,\r\n            d.BILLAM AS jumlah,\r\n            ua.NamaAkun AS namapost,\r\n            c.NUM2ND AS no_pend,\r\n            c.NOCUST AS nis,\r\n            c.NMCUST AS nama,\r\n            b.PAIDDT AS tanggal,\r\n            b.FIDBANK AS fidbank\r\n        FROM scctbill_detail d\r\n        INNER JOIN scctbill b\r\n            ON b.BILLCD = d.BILLCD AND b.CUSTID = d.CUSTID\r\n        INNER JOIN scctcust c\r\n            ON c.CUSTID = b.CUSTID\r\n        LEFT JOIN u_akun ua\r\n            ON ua.KodeAkun = d.KodePost\r\n        LEFT JOIN mst_tagihan mt\r\n            ON mt.kode = b.BILLCD\r\n        WHERE b.PAIDST = 1\r\n          AND b.FSTSBolehBayar = 1\r\n     ORDER BY b.PAIDDT DESC, c.NOCUST ASC LIMIT :limit OFFSET :offset "}
[2026-01-26 16:00:45] {"level":"INFO","event":"REQUEST","method":"GET","body":[]}
[2026-01-26 16:00:45] {"level":"INFO","event":"DB_CONFIG","host":"10.99.23.26","port":"3306","db":"batam_hidayatullah","user":"webtagihan","pass":"f@*********nG"}
[2026-01-26 16:00:45] {"level":"INFO","event":"SQL_GET_REPORT","params":[],"query":"\r\n        SELECT\r\n            c.CODE02 AS unit,\r\n            c.DESC02 AS kelas,\r\n            c.DESC03 AS kelompok,\r\n            b.BTA AS tahun_akademik,\r\n            c.DESC04 AS tahun_angkatan,\r\n            d.KodePost AS kode_akun,\r\n            COALESCE(mt.kode, b.BILLCD) AS kode_tagihan,\r\n            COALESCE(mt.tagihan, b.BILLNM) AS nama_tagihan,\r\n            d.BILLAM AS jumlah,\r\n            ua.NamaAkun AS namapost,\r\n            c.NUM2ND AS no_pend,\r\n            c.NOCUST AS nis,\r\n            c.NMCUST AS nama,\r\n            b.PAIDDT AS tanggal,\r\n            b.FIDBANK AS fidbank\r\n        FROM scctbill_detail d\r\n        INNER JOIN scctbill b\r\n            ON b.BILLCD = d.BILLCD AND b.CUSTID = d.CUSTID\r\n        INNER JOIN scctcust c\r\n            ON c.CUSTID = b.CUSTID\r\n        LEFT JOIN u_akun ua\r\n            ON ua.KodeAkun = d.KodePost\r\n        LEFT JOIN mst_tagihan mt\r\n            ON mt.kode = b.BILLCD\r\n        WHERE b.PAIDST = 1\r\n          AND b.FSTSBolehBayar = 1\r\n     ORDER BY b.PAIDDT DESC, c.NOCUST ASC LIMIT :limit OFFSET :offset "}
[2026-01-26 16:01:53] {"level":"INFO","event":"JWT_DECODED"}
[2026-01-26 16:01:53] {"level":"INFO","event":"REQUEST","method":"POST","body":{"method":"getAkun","token":"eyJ0eXAiOiJKV1QiLCJhbGciOiJIUzI1NiJ9.eyJ0YWdpaGFuIjoiQlVMQU4gTk9WRU1CRVIifQ.PrNh1PGAPR6yQ6jRfNXIYm99FjcU0cqDtQ17Rf88NqQ","tagihan":"BULAN NOVEMBER"}}
[2026-01-26 16:01:53] {"level":"INFO","event":"DB_CONFIG","host":"10.99.23.26","port":"3306","db":"batam_hidayatullah","user":"webtagihan","pass":"f@*********nG"}
[2026-01-26 16:01:53] {"level":"INFO","event":"SQL_GET_AKUN","query":"\r\n        SELECT\r\n            ua.KodeAkun AS kode,\r\n            ua.NamaAkun AS nama\r\n        FROM u_akun ua\r\n        ORDER BY ua.KodeAkun ASC\r\n    "}
[2026-01-26 16:02:04] {"level":"INFO","event":"JWT_DECODED"}
[2026-01-26 16:02:04] {"level":"INFO","event":"REQUEST","method":"POST","body":{"method":"getReport","token":"eyJ0eXAiOiJKV1QiLCJhbGciOiJIUzI1NiJ9.eyJ0YWdpaGFuIjoiQlVMQU4gTk9WRU1CRVIifQ.PrNh1PGAPR6yQ6jRfNXIYm99FjcU0cqDtQ17Rf88NqQ","tagihan":"BULAN NOVEMBER"}}
[2026-01-26 16:02:04] {"level":"INFO","event":"DB_CONFIG","host":"10.99.23.26","port":"3306","db":"batam_hidayatullah","user":"webtagihan","pass":"f@*********nG"}
[2026-01-26 16:02:04] {"level":"INFO","event":"SQL_GET_REPORT","params":{":tagihan_exact":"BULAN NOVEMBER",":tagihan_like":"%BULAN NOVEMBER%"},"query":"\r\n        SELECT\r\n            c.CODE02 AS unit,\r\n            c.DESC02 AS kelas,\r\n            c.DESC03 AS kelompok,\r\n            b.BTA AS tahun_akademik,\r\n            c.DESC04 AS tahun_angkatan,\r\n            d.KodePost AS kode_akun,\r\n            COALESCE(mt.kode, b.BILLCD) AS kode_tagihan,\r\n            COALESCE(mt.tagihan, b.BILLNM) AS nama_tagihan,\r\n            d.BILLAM AS jumlah,\r\n            ua.NamaAkun AS namapost,\r\n            c.NUM2ND AS no_pend,\r\n            c.NOCUST AS nis,\r\n            c.NMCUST AS nama,\r\n            b.PAIDDT AS tanggal,\r\n            b.FIDBANK AS fidbank\r\n        FROM scctbill_detail d\r\n        INNER JOIN scctbill b\r\n            ON b.BILLCD = d.BILLCD AND b.CUSTID = d.CUSTID\r\n        INNER JOIN scctcust c\r\n            ON c.CUSTID = b.CUSTID\r\n        LEFT JOIN u_akun ua\r\n            ON ua.KodeAkun = d.KodePost\r\n        LEFT JOIN mst_tagihan mt\r\n            ON mt.kode = b.BILLCD\r\n        WHERE b.PAIDST = 1\r\n          AND b.FSTSBolehBayar = 1\r\n     AND (mt.kode = :tagihan_exact OR b.BILLCD = :tagihan_exact OR mt.tagihan = :tagihan_exact OR b.BILLNM LIKE :tagihan_like)  ORDER BY b.PAIDDT DESC, c.NOCUST ASC LIMIT :limit OFFSET :offset "}
[2026-01-26 16:02:04] {"level":"ERROR","event":"EXCEPTION","type":"PDOException","message":"SQLSTATE[HY093]: Invalid parameter number","file":"C:\\xampp\\htdocs\\WS_CLIENT\\Batam_Hidayatullah\\index.php","line":325}
[2026-01-26 16:06:30] {"level":"INFO","event":"JWT_DECODED"}
[2026-01-26 16:06:30] {"level":"INFO","event":"REQUEST","method":"POST","body":{"method":"getReport","token":"eyJ0eXAiOiJKV1QiLCJhbGciOiJIUzI1NiJ9.eyJ0YWdpaGFuIjoiQlVMQU4gTk9WRU1CRVIifQ.PrNh1PGAPR6yQ6jRfNXIYm99FjcU0cqDtQ17Rf88NqQ","tagihan":"BULAN NOVEMBER"}}
[2026-01-26 16:06:30] {"level":"INFO","event":"DB_CONFIG","host":"10.99.23.26","port":"3306","db":"batam_hidayatullah","user":"webtagihan","pass":"f@*********nG"}
[2026-01-26 16:06:30] {"level":"INFO","event":"SQL_GET_REPORT","params":{":tagihan_exact":"BULAN NOVEMBER",":tagihan_like":"%BULAN NOVEMBER%"},"query":"\r\n        SELECT\r\n            c.CODE02 AS unit,\r\n            c.DESC02 AS kelas,\r\n            c.DESC03 AS kelompok,\r\n            b.BTA AS tahun_akademik,\r\n            c.DESC04 AS tahun_angkatan,\r\n            d.KodePost AS kode_akun,\r\n            b.BILLCD AS kode_tagihan,\r\n            b.BILLNM AS nama_tagihan,\r\n            d.BILLAM AS jumlah,\r\n            ua.NamaAkun AS namapost,\r\n            c.NUM2ND AS no_pend,\r\n            c.NOCUST AS nis,\r\n            c.NMCUST AS nama,\r\n            b.PAIDDT AS tanggal,\r\n            b.FIDBANK AS fidbank\r\n        FROM scctbill_detail d\r\n        INNER JOIN scctbill b\r\n            ON b.BILLCD = d.BILLCD AND b.CUSTID = d.CUSTID\r\n        INNER JOIN scctcust c\r\n            ON c.CUSTID = b.CUSTID\r\n        LEFT JOIN u_akun ua\r\n            ON ua.KodeAkun = d.KodePost\r\n        WHERE b.PAIDST = 1\r\n          AND b.FSTSBolehBayar = 1\r\n     AND (b.BILLCD = :tagihan_exact OR b.BILLNM = :tagihan_exact OR b.BILLNM LIKE :tagihan_like)  ORDER BY b.PAIDDT DESC, c.NOCUST ASC LIMIT 500 OFFSET 0 "}
[2026-01-26 16:06:30] {"level":"ERROR","event":"EXCEPTION","type":"PDOException","message":"SQLSTATE[HY093]: Invalid parameter number","file":"C:\\xampp\\htdocs\\WS_CLIENT\\Batam_Hidayatullah\\index.php","line":317}
[2026-01-26 16:06:32] {"level":"INFO","event":"JWT_DECODED"}
[2026-01-26 16:06:32] {"level":"INFO","event":"REQUEST","method":"POST","body":{"method":"getReport","token":"eyJ0eXAiOiJKV1QiLCJhbGciOiJIUzI1NiJ9.eyJ0YWdpaGFuIjoiQlVMQU4gTk9WRU1CRVIifQ.PrNh1PGAPR6yQ6jRfNXIYm99FjcU0cqDtQ17Rf88NqQ","tagihan":"BULAN NOVEMBER"}}
[2026-01-26 16:06:32] {"level":"INFO","event":"DB_CONFIG","host":"10.99.23.26","port":"3306","db":"batam_hidayatullah","user":"webtagihan","pass":"f@*********nG"}
[2026-01-26 16:06:32] {"level":"INFO","event":"SQL_GET_REPORT","params":{":tagihan_exact":"BULAN NOVEMBER",":tagihan_like":"%BULAN NOVEMBER%"},"query":"\r\n        SELECT\r\n            c.CODE02 AS unit,\r\n            c.DESC02 AS kelas,\r\n            c.DESC03 AS kelompok,\r\n            b.BTA AS tahun_akademik,\r\n            c.DESC04 AS tahun_angkatan,\r\n            d.KodePost AS kode_akun,\r\n            b.BILLCD AS kode_tagihan,\r\n            b.BILLNM AS nama_tagihan,\r\n            d.BILLAM AS jumlah,\r\n            ua.NamaAkun AS namapost,\r\n            c.NUM2ND AS no_pend,\r\n            c.NOCUST AS nis,\r\n            c.NMCUST AS nama,\r\n            b.PAIDDT AS tanggal,\r\n            b.FIDBANK AS fidbank\r\n        FROM scctbill_detail d\r\n        INNER JOIN scctbill b\r\n            ON b.BILLCD = d.BILLCD AND b.CUSTID = d.CUSTID\r\n        INNER JOIN scctcust c\r\n            ON c.CUSTID = b.CUSTID\r\n        LEFT JOIN u_akun ua\r\n            ON ua.KodeAkun = d.KodePost\r\n        WHERE b.PAIDST = 1\r\n          AND b.FSTSBolehBayar = 1\r\n     AND (b.BILLCD = :tagihan_exact OR b.BILLNM = :tagihan_exact OR b.BILLNM LIKE :tagihan_like)  ORDER BY b.PAIDDT DESC, c.NOCUST ASC LIMIT 500 OFFSET 0 "}
[2026-01-26 16:06:32] {"level":"ERROR","event":"EXCEPTION","type":"PDOException","message":"SQLSTATE[HY093]: Invalid parameter number","file":"C:\\xampp\\htdocs\\WS_CLIENT\\Batam_Hidayatullah\\index.php","line":317}
[2026-01-26 16:06:33] {"level":"INFO","event":"JWT_DECODED"}
[2026-01-26 16:06:33] {"level":"INFO","event":"REQUEST","method":"POST","body":{"method":"getReport","token":"eyJ0eXAiOiJKV1QiLCJhbGciOiJIUzI1NiJ9.eyJ0YWdpaGFuIjoiQlVMQU4gTk9WRU1CRVIifQ.PrNh1PGAPR6yQ6jRfNXIYm99FjcU0cqDtQ17Rf88NqQ","tagihan":"BULAN NOVEMBER"}}
[2026-01-26 16:06:33] {"level":"INFO","event":"DB_CONFIG","host":"10.99.23.26","port":"3306","db":"batam_hidayatullah","user":"webtagihan","pass":"f@*********nG"}
[2026-01-26 16:06:33] {"level":"INFO","event":"SQL_GET_REPORT","params":{":tagihan_exact":"BULAN NOVEMBER",":tagihan_like":"%BULAN NOVEMBER%"},"query":"\r\n        SELECT\r\n            c.CODE02 AS unit,\r\n            c.DESC02 AS kelas,\r\n            c.DESC03 AS kelompok,\r\n            b.BTA AS tahun_akademik,\r\n            c.DESC04 AS tahun_angkatan,\r\n            d.KodePost AS kode_akun,\r\n            b.BILLCD AS kode_tagihan,\r\n            b.BILLNM AS nama_tagihan,\r\n            d.BILLAM AS jumlah,\r\n            ua.NamaAkun AS namapost,\r\n            c.NUM2ND AS no_pend,\r\n            c.NOCUST AS nis,\r\n            c.NMCUST AS nama,\r\n            b.PAIDDT AS tanggal,\r\n            b.FIDBANK AS fidbank\r\n        FROM scctbill_detail d\r\n        INNER JOIN scctbill b\r\n            ON b.BILLCD = d.BILLCD AND b.CUSTID = d.CUSTID\r\n        INNER JOIN scctcust c\r\n            ON c.CUSTID = b.CUSTID\r\n        LEFT JOIN u_akun ua\r\n            ON ua.KodeAkun = d.KodePost\r\n        WHERE b.PAIDST = 1\r\n          AND b.FSTSBolehBayar = 1\r\n     AND (b.BILLCD = :tagihan_exact OR b.BILLNM = :tagihan_exact OR b.BILLNM LIKE :tagihan_like)  ORDER BY b.PAIDDT DESC, c.NOCUST ASC LIMIT 500 OFFSET 0 "}
[2026-01-26 16:06:33] {"level":"ERROR","event":"EXCEPTION","type":"PDOException","message":"SQLSTATE[HY093]: Invalid parameter number","file":"C:\\xampp\\htdocs\\WS_CLIENT\\Batam_Hidayatullah\\index.php","line":317}
[2026-01-26 16:07:34] {"level":"INFO","event":"JWT_DECODED"}
[2026-01-26 16:07:34] {"level":"INFO","event":"REQUEST","method":"POST","body":{"token":"eyJ0eXAiOiJKV1QiLCJhbGciOiJIUzI1NiJ9.W10.K5NzDrsFlsvlHx-kJm4eKJ__Qcjw3KkNygXMUm4h0HQ","method":"getKelas"}}
[2026-01-26 16:07:34] {"level":"INFO","event":"DB_CONFIG","host":"10.99.23.26","port":"3306","db":"batam_hidayatullah","user":"webtagihan","pass":"f@*********nG"}
[2026-01-26 16:07:34] {"level":"INFO","event":"SQL_GET_KELAS","query":"\r\n        SELECT DISTINCT\r\n            c.CODE02 AS unit,\r\n            c.DESC02 AS kelas,\r\n            c.DESC03 AS kelompok\r\n        FROM scctcust c\r\n        ORDER BY unit ASC, kelas ASC, kelompok ASC\r\n    "}
[2026-01-26 16:07:34] {"level":"INFO","event":"JWT_DECODED"}
[2026-01-26 16:07:34] {"level":"INFO","event":"REQUEST","method":"POST","body":{"token":"eyJ0eXAiOiJKV1QiLCJhbGciOiJIUzI1NiJ9.W10.K5NzDrsFlsvlHx-kJm4eKJ__Qcjw3KkNygXMUm4h0HQ","method":"getAkun"}}
[2026-01-26 16:07:34] {"level":"INFO","event":"DB_CONFIG","host":"10.99.23.26","port":"3306","db":"batam_hidayatullah","user":"webtagihan","pass":"f@*********nG"}
[2026-01-26 16:07:34] {"level":"INFO","event":"SQL_GET_AKUN","query":"\r\n        SELECT\r\n            ua.KodeAkun AS kode,\r\n            ua.NamaAkun AS nama\r\n        FROM u_akun ua\r\n        ORDER BY ua.KodeAkun ASC\r\n    "}
[2026-01-26 16:07:35] {"level":"INFO","event":"JWT_DECODED"}
[2026-01-26 16:07:35] {"level":"INFO","event":"REQUEST","method":"POST","body":{"token":"eyJ0eXAiOiJKV1QiLCJhbGciOiJIUzI1NiJ9.W10.K5NzDrsFlsvlHx-kJm4eKJ__Qcjw3KkNygXMUm4h0HQ","method":"getTagihan"}}
[2026-01-26 16:07:35] {"level":"INFO","event":"DB_CONFIG","host":"10.99.23.26","port":"3306","db":"batam_hidayatullah","user":"webtagihan","pass":"f@*********nG"}
[2026-01-26 16:07:35] {"level":"INFO","event":"SQL_GET_TAGIHAN","query":"SELECT `kode` AS kode, `tagihan` AS nama FROM `mst_tagihan` ORDER BY `kode` ASC"}
[2026-01-26 16:07:35] {"level":"INFO","event":"JWT_DECODED"}
[2026-01-26 16:07:35] {"level":"INFO","event":"REQUEST","method":"POST","body":{"token":"eyJ0eXAiOiJKV1QiLCJhbGciOiJIUzI1NiJ9.W10.K5NzDrsFlsvlHx-kJm4eKJ__Qcjw3KkNygXMUm4h0HQ","method":"getReport"}}
[2026-01-26 16:07:35] {"level":"INFO","event":"DB_CONFIG","host":"10.99.23.26","port":"3306","db":"batam_hidayatullah","user":"webtagihan","pass":"f@*********nG"}
[2026-01-26 16:07:35] {"level":"INFO","event":"SQL_GET_REPORT","params":[],"query":"\r\n        SELECT\r\n            c.CODE02 AS unit,\r\n            c.DESC02 AS kelas,\r\n            c.DESC03 AS kelompok,\r\n            b.BTA AS tahun_akademik,\r\n            c.DESC04 AS tahun_angkatan,\r\n            d.KodePost AS kode_akun,\r\n            b.BILLCD AS kode_tagihan,\r\n            b.BILLNM AS nama_tagihan,\r\n            d.BILLAM AS jumlah,\r\n            ua.NamaAkun AS namapost,\r\n            c.NUM2ND AS no_pend,\r\n            c.NOCUST AS nis,\r\n            c.NMCUST AS nama,\r\n            b.PAIDDT AS tanggal,\r\n            b.FIDBANK AS fidbank\r\n        FROM scctbill_detail d\r\n        INNER JOIN scctbill b\r\n            ON b.BILLCD = d.BILLCD AND b.CUSTID = d.CUSTID\r\n        INNER JOIN scctcust c\r\n            ON c.CUSTID = b.CUSTID\r\n        LEFT JOIN u_akun ua\r\n            ON ua.KodeAkun = d.KodePost\r\n        WHERE b.PAIDST = 1\r\n          AND b.FSTSBolehBayar = 1\r\n     ORDER BY b.PAIDDT DESC, c.NOCUST ASC LIMIT 500 OFFSET 0 "}
[2026-01-26 16:07:41] {"level":"INFO","event":"JWT_DECODED"}
[2026-01-26 16:07:41] {"level":"INFO","event":"REQUEST","method":"POST","body":{"token":"eyJ0eXAiOiJKV1QiLCJhbGciOiJIUzI1NiJ9.eyJha3VuIjoiMTAxIiwia29kZV9ha3VuIjoiMTAxIn0.xI2Ki9JJAbye65XZwITDLxSkGgTS7_7G_kpV5anMEKs","method":"getReport","akun":"101","kode_akun":"101"}}
[2026-01-26 16:07:41] {"level":"INFO","event":"DB_CONFIG","host":"10.99.23.26","port":"3306","db":"batam_hidayatullah","user":"webtagihan","pass":"f@*********nG"}
[2026-01-26 16:07:41] {"level":"INFO","event":"SQL_GET_REPORT","params":{":akun":"101"},"query":"\r\n        SELECT\r\n            c.CODE02 AS unit,\r\n            c.DESC02 AS kelas,\r\n            c.DESC03 AS kelompok,\r\n            b.BTA AS tahun_akademik,\r\n            c.DESC04 AS tahun_angkatan,\r\n            d.KodePost AS kode_akun,\r\n            b.BILLCD AS kode_tagihan,\r\n            b.BILLNM AS nama_tagihan,\r\n            d.BILLAM AS jumlah,\r\n            ua.NamaAkun AS namapost,\r\n            c.NUM2ND AS no_pend,\r\n            c.NOCUST AS nis,\r\n            c.NMCUST AS nama,\r\n            b.PAIDDT AS tanggal,\r\n            b.FIDBANK AS fidbank\r\n        FROM scctbill_detail d\r\n        INNER JOIN scctbill b\r\n            ON b.BILLCD = d.BILLCD AND b.CUSTID = d.CUSTID\r\n        INNER JOIN scctcust c\r\n            ON c.CUSTID = b.CUSTID\r\n        LEFT JOIN u_akun ua\r\n            ON ua.KodeAkun = d.KodePost\r\n        WHERE b.PAIDST = 1\r\n          AND b.FSTSBolehBayar = 1\r\n     AND d.KodePost = :akun  ORDER BY b.PAIDDT DESC, c.NOCUST ASC LIMIT 500 OFFSET 0 "}
[2026-01-26 16:07:51] {"level":"INFO","event":"JWT_DECODED"}
[2026-01-26 16:07:51] {"level":"INFO","event":"REQUEST","method":"POST","body":{"token":"eyJ0eXAiOiJKV1QiLCJhbGciOiJIUzI1NiJ9.eyJha3VuIjoiMTA0Iiwia29kZV9ha3VuIjoiMTA0In0.lH6S8vhDw4G6dZqfQqplrlK-7yMLcUI3AvKVg3C6DBo","method":"getReport","akun":"104","kode_akun":"104"}}
[2026-01-26 16:07:51] {"level":"INFO","event":"DB_CONFIG","host":"10.99.23.26","port":"3306","db":"batam_hidayatullah","user":"webtagihan","pass":"f@*********nG"}
[2026-01-26 16:07:51] {"level":"INFO","event":"SQL_GET_REPORT","params":{":akun":"104"},"query":"\r\n        SELECT\r\n            c.CODE02 AS unit,\r\n            c.DESC02 AS kelas,\r\n            c.DESC03 AS kelompok,\r\n            b.BTA AS tahun_akademik,\r\n            c.DESC04 AS tahun_angkatan,\r\n            d.KodePost AS kode_akun,\r\n            b.BILLCD AS kode_tagihan,\r\n            b.BILLNM AS nama_tagihan,\r\n            d.BILLAM AS jumlah,\r\n            ua.NamaAkun AS namapost,\r\n            c.NUM2ND AS no_pend,\r\n            c.NOCUST AS nis,\r\n            c.NMCUST AS nama,\r\n            b.PAIDDT AS tanggal,\r\n            b.FIDBANK AS fidbank\r\n        FROM scctbill_detail d\r\n        INNER JOIN scctbill b\r\n            ON b.BILLCD = d.BILLCD AND b.CUSTID = d.CUSTID\r\n        INNER JOIN scctcust c\r\n            ON c.CUSTID = b.CUSTID\r\n        LEFT JOIN u_akun ua\r\n            ON ua.KodeAkun = d.KodePost\r\n        WHERE b.PAIDST = 1\r\n          AND b.FSTSBolehBayar = 1\r\n     AND d.KodePost = :akun  ORDER BY b.PAIDDT DESC, c.NOCUST ASC LIMIT 500 OFFSET 0 "}
[2026-01-26 16:08:00] {"level":"INFO","event":"JWT_DECODED"}
[2026-01-26 16:08:00] {"level":"INFO","event":"REQUEST","method":"POST","body":{"token":"eyJ0eXAiOiJKV1QiLCJhbGciOiJIUzI1NiJ9.eyJha3VuIjoiMTAzIiwia29kZV9ha3VuIjoiMTAzIn0.ndppUPNrqBVIoj5a9iNYNa328fbFW57biQthu7olPKo","method":"getReport","akun":"103","kode_akun":"103"}}
[2026-01-26 16:08:00] {"level":"INFO","event":"DB_CONFIG","host":"10.99.23.26","port":"3306","db":"batam_hidayatullah","user":"webtagihan","pass":"f@*********nG"}
[2026-01-26 16:08:00] {"level":"INFO","event":"SQL_GET_REPORT","params":{":akun":"103"},"query":"\r\n        SELECT\r\n            c.CODE02 AS unit,\r\n            c.DESC02 AS kelas,\r\n            c.DESC03 AS kelompok,\r\n            b.BTA AS tahun_akademik,\r\n            c.DESC04 AS tahun_angkatan,\r\n            d.KodePost AS kode_akun,\r\n            b.BILLCD AS kode_tagihan,\r\n            b.BILLNM AS nama_tagihan,\r\n            d.BILLAM AS jumlah,\r\n            ua.NamaAkun AS namapost,\r\n            c.NUM2ND AS no_pend,\r\n            c.NOCUST AS nis,\r\n            c.NMCUST AS nama,\r\n            b.PAIDDT AS tanggal,\r\n            b.FIDBANK AS fidbank\r\n        FROM scctbill_detail d\r\n        INNER JOIN scctbill b\r\n            ON b.BILLCD = d.BILLCD AND b.CUSTID = d.CUSTID\r\n        INNER JOIN scctcust c\r\n            ON c.CUSTID = b.CUSTID\r\n        LEFT JOIN u_akun ua\r\n            ON ua.KodeAkun = d.KodePost\r\n        WHERE b.PAIDST = 1\r\n          AND b.FSTSBolehBayar = 1\r\n     AND d.KodePost = :akun  ORDER BY b.PAIDDT DESC, c.NOCUST ASC LIMIT 500 OFFSET 0 "}
[2026-01-26 16:08:07] {"level":"INFO","event":"JWT_DECODED"}
[2026-01-26 16:08:07] {"level":"INFO","event":"REQUEST","method":"POST","body":{"token":"eyJ0eXAiOiJKV1QiLCJhbGciOiJIUzI1NiJ9.eyJha3VuIjoiMTAxIiwia29kZV9ha3VuIjoiMTAxIn0.xI2Ki9JJAbye65XZwITDLxSkGgTS7_7G_kpV5anMEKs","method":"getReport","akun":"101","kode_akun":"101"}}
[2026-01-26 16:08:07] {"level":"INFO","event":"DB_CONFIG","host":"10.99.23.26","port":"3306","db":"batam_hidayatullah","user":"webtagihan","pass":"f@*********nG"}
[2026-01-26 16:08:07] {"level":"INFO","event":"SQL_GET_REPORT","params":{":akun":"101"},"query":"\r\n        SELECT\r\n            c.CODE02 AS unit,\r\n            c.DESC02 AS kelas,\r\n            c.DESC03 AS kelompok,\r\n            b.BTA AS tahun_akademik,\r\n            c.DESC04 AS tahun_angkatan,\r\n            d.KodePost AS kode_akun,\r\n            b.BILLCD AS kode_tagihan,\r\n            b.BILLNM AS nama_tagihan,\r\n            d.BILLAM AS jumlah,\r\n            ua.NamaAkun AS namapost,\r\n            c.NUM2ND AS no_pend,\r\n            c.NOCUST AS nis,\r\n            c.NMCUST AS nama,\r\n            b.PAIDDT AS tanggal,\r\n            b.FIDBANK AS fidbank\r\n        FROM scctbill_detail d\r\n        INNER JOIN scctbill b\r\n            ON b.BILLCD = d.BILLCD AND b.CUSTID = d.CUSTID\r\n        INNER JOIN scctcust c\r\n            ON c.CUSTID = b.CUSTID\r\n        LEFT JOIN u_akun ua\r\n            ON ua.KodeAkun = d.KodePost\r\n        WHERE b.PAIDST = 1\r\n          AND b.FSTSBolehBayar = 1\r\n     AND d.KodePost = :akun  ORDER BY b.PAIDDT DESC, c.NOCUST ASC LIMIT 500 OFFSET 0 "}
[2026-01-26 16:08:59] {"level":"INFO","event":"JWT_DECODED"}
[2026-01-26 16:08:59] {"level":"INFO","event":"REQUEST","method":"POST","body":{"method":"getReport","token":"eyJ0eXAiOiJKV1QiLCJhbGciOiJIUzI1NiJ9.eyJ0YWdpaGFuIjoiQlVMQU4gTk9WRU1CRVIifQ.PrNh1PGAPR6yQ6jRfNXIYm99FjcU0cqDtQ17Rf88NqQ","tagihan":"BULAN NOVEMBER"}}
[2026-01-26 16:08:59] {"level":"INFO","event":"DB_CONFIG","host":"10.99.23.26","port":"3306","db":"batam_hidayatullah","user":"webtagihan","pass":"f@*********nG"}
[2026-01-26 16:08:59] {"level":"INFO","event":"SQL_GET_REPORT","params":{":tagihan_exact":"BULAN NOVEMBER",":tagihan_like":"%BULAN NOVEMBER%"},"query":"\r\n        SELECT\r\n            c.CODE02 AS unit,\r\n            c.DESC02 AS kelas,\r\n            c.DESC03 AS kelompok,\r\n            b.BTA AS tahun_akademik,\r\n            c.DESC04 AS tahun_angkatan,\r\n            d.KodePost AS kode_akun,\r\n            b.BILLCD AS kode_tagihan,\r\n            b.BILLNM AS nama_tagihan,\r\n            d.BILLAM AS jumlah,\r\n            ua.NamaAkun AS namapost,\r\n            c.NUM2ND AS no_pend,\r\n            c.NOCUST AS nis,\r\n            c.NMCUST AS nama,\r\n            b.PAIDDT AS tanggal,\r\n            b.FIDBANK AS fidbank\r\n        FROM scctbill_detail d\r\n        INNER JOIN scctbill b\r\n            ON b.BILLCD = d.BILLCD AND b.CUSTID = d.CUSTID\r\n        INNER JOIN scctcust c\r\n            ON c.CUSTID = b.CUSTID\r\n        LEFT JOIN u_akun ua\r\n            ON ua.KodeAkun = d.KodePost\r\n        WHERE b.PAIDST = 1\r\n          AND b.FSTSBolehBayar = 1\r\n     AND (b.BILLCD = :tagihan_exact OR b.BILLNM = :tagihan_exact OR b.BILLNM LIKE :tagihan_like)  ORDER BY b.PAIDDT DESC, c.NOCUST ASC LIMIT 500 OFFSET 0 "}
[2026-01-26 16:08:59] {"level":"ERROR","event":"EXCEPTION","type":"PDOException","message":"SQLSTATE[HY093]: Invalid parameter number","file":"C:\\xampp\\htdocs\\WS_CLIENT\\Batam_Hidayatullah\\index.php","line":317}
[2026-01-26 16:11:04] {"level":"INFO","event":"JWT_DECODED"}
[2026-01-26 16:11:04] {"level":"INFO","event":"REQUEST","method":"POST","body":{"method":"getReport","token":"eyJ0eXAiOiJKV1QiLCJhbGciOiJIUzI1NiJ9.eyJ0YWdpaGFuIjoiQlVMQU4gTk9WRU1CRVIifQ.PrNh1PGAPR6yQ6jRfNXIYm99FjcU0cqDtQ17Rf88NqQ","tagihan":"BULAN NOVEMBER"}}
[2026-01-26 16:11:04] {"level":"INFO","event":"DB_CONFIG","host":"10.99.23.26","port":"3306","db":"batam_hidayatullah","user":"webtagihan","pass":"f@*********nG"}
[2026-01-26 16:11:04] {"level":"INFO","event":"SQL_GET_REPORT","params":{":tagihan_exact":"BULAN NOVEMBER",":tagihan_like":"%BULAN NOVEMBER%"},"query":"\r\n        SELECT\r\n            c.CODE02 AS unit,\r\n            c.DESC02 AS kelas,\r\n            c.DESC03 AS kelompok,\r\n            b.BTA AS tahun_akademik,\r\n            c.DESC04 AS tahun_angkatan,\r\n            d.KodePost AS kode_akun,\r\n            b.BILLCD AS kode_tagihan,\r\n            b.BILLNM AS nama_tagihan,\r\n            d.BILLAM AS jumlah,\r\n            ua.NamaAkun AS namapost,\r\n            c.NUM2ND AS no_pend,\r\n            c.NOCUST AS nis,\r\n            c.NMCUST AS nama,\r\n            b.PAIDDT AS tanggal,\r\n            b.FIDBANK AS fidbank\r\n        FROM scctbill_detail d\r\n        INNER JOIN scctbill b\r\n            ON b.BILLCD = d.BILLCD AND b.CUSTID = d.CUSTID\r\n        INNER JOIN scctcust c\r\n            ON c.CUSTID = b.CUSTID\r\n        LEFT JOIN u_akun ua\r\n            ON ua.KodeAkun = d.KodePost\r\n        WHERE b.PAIDST = 1\r\n          AND b.FSTSBolehBayar = 1\r\n     AND (b.BILLCD = :tagihan_exact OR b.BILLNM = :tagihan_exact OR b.BILLNM LIKE :tagihan_like)  ORDER BY b.PAIDDT DESC, c.NOCUST ASC LIMIT 500 OFFSET 0 "}
[2026-01-26 16:11:04] {"level":"ERROR","event":"EXCEPTION","type":"PDOException","message":"SQLSTATE[HY093]: Invalid parameter number","file":"C:\\xampp\\htdocs\\WS_CLIENT\\Batam_Hidayatullah\\index.php","line":316}
[2026-01-26 16:11:06] {"level":"INFO","event":"JWT_DECODED"}
[2026-01-26 16:11:06] {"level":"INFO","event":"REQUEST","method":"POST","body":{"method":"getReport","token":"eyJ0eXAiOiJKV1QiLCJhbGciOiJIUzI1NiJ9.eyJ0YWdpaGFuIjoiQlVMQU4gTk9WRU1CRVIifQ.PrNh1PGAPR6yQ6jRfNXIYm99FjcU0cqDtQ17Rf88NqQ","tagihan":"BULAN NOVEMBER"}}
[2026-01-26 16:11:06] {"level":"INFO","event":"DB_CONFIG","host":"10.99.23.26","port":"3306","db":"batam_hidayatullah","user":"webtagihan","pass":"f@*********nG"}
[2026-01-26 16:11:06] {"level":"INFO","event":"SQL_GET_REPORT","params":{":tagihan_exact":"BULAN NOVEMBER",":tagihan_like":"%BULAN NOVEMBER%"},"query":"\r\n        SELECT\r\n            c.CODE02 AS unit,\r\n            c.DESC02 AS kelas,\r\n            c.DESC03 AS kelompok,\r\n            b.BTA AS tahun_akademik,\r\n            c.DESC04 AS tahun_angkatan,\r\n            d.KodePost AS kode_akun,\r\n            b.BILLCD AS kode_tagihan,\r\n            b.BILLNM AS nama_tagihan,\r\n            d.BILLAM AS jumlah,\r\n            ua.NamaAkun AS namapost,\r\n            c.NUM2ND AS no_pend,\r\n            c.NOCUST AS nis,\r\n            c.NMCUST AS nama,\r\n            b.PAIDDT AS tanggal,\r\n            b.FIDBANK AS fidbank\r\n        FROM scctbill_detail d\r\n        INNER JOIN scctbill b\r\n            ON b.BILLCD = d.BILLCD AND b.CUSTID = d.CUSTID\r\n        INNER JOIN scctcust c\r\n            ON c.CUSTID = b.CUSTID\r\n        LEFT JOIN u_akun ua\r\n            ON ua.KodeAkun = d.KodePost\r\n        WHERE b.PAIDST = 1\r\n          AND b.FSTSBolehBayar = 1\r\n     AND (b.BILLCD = :tagihan_exact OR b.BILLNM = :tagihan_exact OR b.BILLNM LIKE :tagihan_like)  ORDER BY b.PAIDDT DESC, c.NOCUST ASC LIMIT 500 OFFSET 0 "}
[2026-01-26 16:11:06] {"level":"ERROR","event":"EXCEPTION","type":"PDOException","message":"SQLSTATE[HY093]: Invalid parameter number","file":"C:\\xampp\\htdocs\\WS_CLIENT\\Batam_Hidayatullah\\index.php","line":316}
[2026-02-25 12:15:40] {"level":"ERROR","event":"EXCEPTION","type":"PDOException","message":"SQLSTATE[HY093]: Invalid parameter number","file":"C:\\xampp\\htdocs\\WS_CLIENT\\Batam_Hidayatullah\\index.php","line":288}
[2026-02-25 12:16:08] {"level":"ERROR","event":"EXCEPTION","type":"PDOException","message":"SQLSTATE[HY093]: Invalid parameter number","file":"C:\\xampp\\htdocs\\WS_CLIENT\\Batam_Hidayatullah\\index.php","line":288}
[2026-02-25 12:16:18] {"level":"ERROR","event":"EXCEPTION","type":"PDOException","message":"SQLSTATE[HY093]: Invalid parameter number","file":"C:\\xampp\\htdocs\\WS_CLIENT\\Batam_Hidayatullah\\index.php","line":288}
[2026-02-25 12:16:28] {"level":"ERROR","event":"EXCEPTION","type":"PDOException","message":"SQLSTATE[HY093]: Invalid parameter number","file":"C:\\xampp\\htdocs\\WS_CLIENT\\Batam_Hidayatullah\\index.php","line":288}
[2026-02-25 12:16:39] {"level":"ERROR","event":"EXCEPTION","type":"PDOException","message":"SQLSTATE[HY093]: Invalid parameter number","file":"C:\\xampp\\htdocs\\WS_CLIENT\\Batam_Hidayatullah\\index.php","line":288}
[2026-02-25 12:16:43] {"level":"ERROR","event":"EXCEPTION","type":"PDOException","message":"SQLSTATE[HY093]: Invalid parameter number","file":"C:\\xampp\\htdocs\\WS_CLIENT\\Batam_Hidayatullah\\index.php","line":288}
[2026-02-25 12:16:44] {"level":"ERROR","event":"EXCEPTION","type":"PDOException","message":"SQLSTATE[HY093]: Invalid parameter number","file":"C:\\xampp\\htdocs\\WS_CLIENT\\Batam_Hidayatullah\\index.php","line":288}
[2026-02-25 12:16:56] {"level":"ERROR","event":"EXCEPTION","type":"PDOException","message":"SQLSTATE[HY093]: Invalid parameter number","file":"C:\\xampp\\htdocs\\WS_CLIENT\\Batam_Hidayatullah\\index.php","line":288}
[2026-02-25 12:17:12] {"level":"ERROR","event":"EXCEPTION","type":"PDOException","message":"SQLSTATE[HY093]: Invalid parameter number","file":"C:\\xampp\\htdocs\\WS_CLIENT\\Batam_Hidayatullah\\index.php","line":288}
[2026-02-25 12:17:13] {"level":"ERROR","event":"EXCEPTION","type":"PDOException","message":"SQLSTATE[HY093]: Invalid parameter number","file":"C:\\xampp\\htdocs\\WS_CLIENT\\Batam_Hidayatullah\\index.php","line":288}
[2026-02-25 12:17:23] {"level":"ERROR","event":"EXCEPTION","type":"PDOException","message":"SQLSTATE[HY093]: Invalid parameter number","file":"C:\\xampp\\htdocs\\WS_CLIENT\\Batam_Hidayatullah\\index.php","line":288}
[2026-02-25 12:17:45] {"level":"ERROR","event":"EXCEPTION","type":"PDOException","message":"SQLSTATE[HY093]: Invalid parameter number","file":"C:\\xampp\\htdocs\\WS_CLIENT\\Batam_Hidayatullah\\index.php","line":288}
[2026-02-25 12:18:13] {"level":"ERROR","event":"EXCEPTION","type":"PDOException","message":"SQLSTATE[HY093]: Invalid parameter number","file":"C:\\xampp\\htdocs\\WS_CLIENT\\Batam_Hidayatullah\\index.php","line":288}
[2026-02-25 12:18:26] {"level":"ERROR","event":"EXCEPTION","type":"PDOException","message":"SQLSTATE[HY093]: Invalid parameter number","file":"C:\\xampp\\htdocs\\WS_CLIENT\\Batam_Hidayatullah\\index.php","line":288}
[2026-02-25 12:18:44] {"level":"ERROR","event":"EXCEPTION","type":"PDOException","message":"SQLSTATE[HY093]: Invalid parameter number","file":"C:\\xampp\\htdocs\\WS_CLIENT\\Batam_Hidayatullah\\index.php","line":288}
[2026-02-25 12:21:11] {"level":"ERROR","event":"EXCEPTION","type":"PDOException","message":"SQLSTATE[HY093]: Invalid parameter number","file":"C:\\xampp\\htdocs\\WS_CLIENT\\Batam_Hidayatullah\\index.php","line":288}
[2026-05-06 16:09:38] {"level":"ERROR","event":"EXCEPTION","type":"PDOException","message":"SQLSTATE[42S22]: Column not found: 1054 Unknown column 'b.Saldo' in 'field list'","file":"C:\\xampp\\htdocs\\WS_CLIENT\\Batam_Hidayatullah\\index.php","line":480}
[2026-05-06 16:09:40] {"level":"ERROR","event":"EXCEPTION","type":"PDOException","message":"SQLSTATE[42S22]: Column not found: 1054 Unknown column 'b.Saldo' in 'field list'","file":"C:\\xampp\\htdocs\\WS_CLIENT\\Batam_Hidayatullah\\index.php","line":480}
[2026-05-06 16:09:41] {"level":"ERROR","event":"EXCEPTION","type":"PDOException","message":"SQLSTATE[42S22]: Column not found: 1054 Unknown column 'b.Saldo' in 'field list'","file":"C:\\xampp\\htdocs\\WS_CLIENT\\Batam_Hidayatullah\\index.php","line":480}
[2026-05-06 16:09:42] {"level":"ERROR","event":"EXCEPTION","type":"PDOException","message":"SQLSTATE[42S22]: Column not found: 1054 Unknown column 'b.Saldo' in 'field list'","file":"C:\\xampp\\htdocs\\WS_CLIENT\\Batam_Hidayatullah\\index.php","line":480}
[2026-05-06 16:09:42] {"level":"ERROR","event":"EXCEPTION","type":"PDOException","message":"SQLSTATE[42S22]: Column not found: 1054 Unknown column 'b.Saldo' in 'field list'","file":"C:\\xampp\\htdocs\\WS_CLIENT\\Batam_Hidayatullah\\index.php","line":480}
[2026-05-06 16:09:43] {"level":"ERROR","event":"EXCEPTION","type":"PDOException","message":"SQLSTATE[42S22]: Column not found: 1054 Unknown column 'b.Saldo' in 'field list'","file":"C:\\xampp\\htdocs\\WS_CLIENT\\Batam_Hidayatullah\\index.php","line":480}
[2026-05-06 16:09:46] {"level":"ERROR","event":"EXCEPTION","type":"PDOException","message":"SQLSTATE[42S22]: Column not found: 1054 Unknown column 'b.Saldo' in 'field list'","file":"C:\\xampp\\htdocs\\WS_CLIENT\\Batam_Hidayatullah\\index.php","line":480}
[2026-05-06 16:10:18] {"level":"ERROR","event":"EXCEPTION","type":"PDOException","message":"SQLSTATE[42S22]: Column not found: 1054 Unknown column 'b.Saldo' in 'field list'","file":"C:\\xampp\\htdocs\\WS_CLIENT\\Batam_Hidayatullah\\index.php","line":480}
[2026-05-06 16:11:33] {"level":"ERROR","event":"EXCEPTION","type":"PDOException","message":"SQLSTATE[42S22]: Column not found: 1054 Unknown column 'b.Saldo' in 'field list'","file":"C:\\xampp\\htdocs\\WS_CLIENT\\Batam_Hidayatullah\\index.php","line":480}
[2026-05-06 16:11:39] {"level":"ERROR","event":"EXCEPTION","type":"PDOException","message":"SQLSTATE[42S22]: Column not found: 1054 Unknown column 'b.Saldo' in 'field list'","file":"C:\\xampp\\htdocs\\WS_CLIENT\\Batam_Hidayatullah\\index.php","line":480}
[2026-05-06 16:11:41] {"level":"ERROR","event":"EXCEPTION","type":"PDOException","message":"SQLSTATE[42S22]: Column not found: 1054 Unknown column 'b.Saldo' in 'field list'","file":"C:\\xampp\\htdocs\\WS_CLIENT\\Batam_Hidayatullah\\index.php","line":480}
[2026-05-06 16:13:35] {"level":"ERROR","event":"EXCEPTION","type":"PDOException","message":"SQLSTATE[42S22]: Column not found: 1054 Unknown column 'b.Saldo' in 'field list'","file":"C:\\xampp\\htdocs\\WS_CLIENT\\Batam_Hidayatullah\\index.php","line":480}
[2026-05-06 16:18:42] {"level":"ERROR","event":"EXCEPTION","type":"RuntimeException","message":"Kolom user untuk relasi sccttran/scctcust tidak ditemukan","file":"C:\\xampp\\htdocs\\WS_CLIENT\\Batam_Hidayatullah\\index.php","line":448}
[2026-05-06 16:18:43] {"level":"ERROR","event":"EXCEPTION","type":"RuntimeException","message":"Kolom user untuk relasi sccttran/scctcust tidak ditemukan","file":"C:\\xampp\\htdocs\\WS_CLIENT\\Batam_Hidayatullah\\index.php","line":448}
[2026-05-11 16:06:40] {"level":"ERROR","event":"EXCEPTION","type":"PDOException","message":"SQLSTATE[HY093]: Invalid parameter number","file":"C:\\xampp\\htdocs\\WS_CLIENT\\Batam_Hidayatullah\\index.php","line":526}
[2026-05-11 16:06:45] {"level":"ERROR","event":"EXCEPTION","type":"PDOException","message":"SQLSTATE[HY093]: Invalid parameter number","file":"C:\\xampp\\htdocs\\WS_CLIENT\\Batam_Hidayatullah\\index.php","line":526}
[2026-07-01 16:08:05] {"level":"ERROR","event":"EXCEPTION","type":"RuntimeException","message":"DB_CONNECT_FAIL: SQLSTATE[HY000] [1045] Access denied for user 'yogya_muallimaat'@'host.docker.internal' (using password: YES)","file":"C:\\xampp\\htdocs\\WS_CLIENT\\Mualimat_Reward\\config\\conn.php","line":24}
[2026-07-01 16:12:27] {"level":"ERROR","event":"EXCEPTION","type":"RuntimeException","message":"DB_CONNECT_FAIL: SQLSTATE[HY000] [2002] A connection attempt failed because the connected party did not properly respond after a period of time, or established connection failed because connected host has failed to respond","file":"C:\\xampp\\htdocs\\WS_CLIENT\\Mualimat_Reward\\config\\conn.php","line":24}
[2026-07-01 16:17:38] {"level":"ERROR","event":"EXCEPTION","type":"RuntimeException","message":"DB_CONNECT_FAIL: SQLSTATE[HY000] [2002] A connection attempt failed because the connected party did not properly respond after a period of time, or established connection failed because connected host has failed to respond","file":"C:\\xampp\\htdocs\\WS_CLIENT\\Mualimat_Reward\\config\\conn.php","line":24}
[2026-07-01 16:20:19] {"level":"ERROR","event":"EXCEPTION","type":"RuntimeException","message":"DB_CONNECT_FAIL: SQLSTATE[HY000] [2002] A connection attempt failed because the connected party did not properly respond after a period of time, or established connection failed because connected host has failed to respond","file":"C:\\xampp\\htdocs\\WS_CLIENT\\Mualimat_Reward\\config\\conn.php","line":24}
[2026-07-01 16:23:25] {"level":"ERROR","event":"EXCEPTION","type":"RuntimeException","message":"DB_CONNECT_FAIL: SQLSTATE[HY000] [2002] A connection attempt failed because the connected party did not properly respond after a period of time, or established connection failed because connected host has failed to respond","file":"C:\\xampp\\htdocs\\WS_CLIENT\\Mualimat_Reward\\config\\conn.php","line":24}
[2026-07-01 16:23:37] {"level":"ERROR","event":"EXCEPTION","type":"RuntimeException","message":"DB_CONNECT_FAIL: SQLSTATE[HY000] [2002] A connection attempt failed because the connected party did not properly respond after a period of time, or established connection failed because connected host has failed to respond","file":"C:\\xampp\\htdocs\\WS_CLIENT\\Mualimat_Reward\\config\\conn.php","line":24}
[2026-07-01 16:42:03] {"level":"INFO","event":"DB_CONNECT_ATTEMPT","host":"103.23.103.43","resolved_host":"103.23.103.43","port":"3306","database":"yogya_muallimaat","username":"elpe","password_masked":"***********","password_len":11}
[2026-07-01 16:42:24] {"level":"ERROR","event":"DB_CONNECT_FAIL","host":"103.23.103.43","resolved_host":"103.23.103.43","port":"3306","database":"yogya_muallimaat","username":"elpe","password_masked":"***********","password_len":11,"error":"DB_CONNECT_FAIL: SQLSTATE[HY000] [2002] A connection attempt failed because the connected party did not properly respond after a period of time, or established connection failed because connected host has failed to respond"}
[2026-07-01 16:42:24] {"level":"ERROR","event":"EXCEPTION","type":"RuntimeException","message":"DB_CONNECT_FAIL: DB_CONNECT_FAIL: SQLSTATE[HY000] [2002] A connection attempt failed because the connected party did not properly respond after a period of time, or established connection failed because connected host has failed to respond","file":"C:\\xampp\\htdocs\\WS_CLIENT\\Mualimat_Reward\\index.php","line":122}
[2026-07-01 16:46:01] {"level":"INFO","event":"DB_CONNECT_ATTEMPT","host":"103.23.103.43","resolved_host":"103.23.103.43","port":"3306","database":"yogya_muallimaat","username":"elpe","password_masked":"***********","password_len":11}
[2026-07-01 16:46:22] {"level":"ERROR","event":"DB_CONNECT_FAIL","host":"103.23.103.43","resolved_host":"103.23.103.43","port":"3306","database":"yogya_muallimaat","username":"elpe","password_masked":"***********","password_len":11,"error":"DB_CONNECT_FAIL: SQLSTATE[HY000] [2002] A connection attempt failed because the connected party did not properly respond after a period of time, or established connection failed because connected host has failed to respond"}
[2026-07-01 16:46:22] {"level":"ERROR","event":"EXCEPTION","type":"RuntimeException","message":"DB_CONNECT_FAIL: DB_CONNECT_FAIL: SQLSTATE[HY000] [2002] A connection attempt failed because the connected party did not properly respond after a period of time, or established connection failed because connected host has failed to respond","file":"C:\\xampp\\htdocs\\WS_CLIENT\\Mualimat_Reward\\index.php","line":122}
[2026-07-01 16:49:08] {"level":"INFO","event":"DB_CONNECT_ATTEMPT","host":"127.0.0.1","resolved_host":"127.0.0.1","port":"3306","database":"yogya_muallimaat","username":"elpe","password_masked":"***********","password_len":11}
[2026-07-01 16:49:08] {"level":"ERROR","event":"DB_CONNECT_FAIL","host":"127.0.0.1","resolved_host":"127.0.0.1","port":"3306","database":"yogya_muallimaat","username":"elpe","password_masked":"***********","password_len":11,"error":"DB_CONNECT_FAIL: SQLSTATE[HY000] [1044] Access denied for user 'elpe'@'localhost' to database 'yogya_muallimaat'"}
[2026-07-01 16:49:08] {"level":"ERROR","event":"EXCEPTION","type":"RuntimeException","message":"DB_CONNECT_FAIL: DB_CONNECT_FAIL: SQLSTATE[HY000] [1044] Access denied for user 'elpe'@'localhost' to database 'yogya_muallimaat'","file":"C:\\xampp\\htdocs\\WS_CLIENT\\Mualimat_Reward\\index.php","line":122}
[2026-07-01 16:50:00] {"level":"INFO","event":"DB_CONNECT_ATTEMPT","host":"127.0.0.1","resolved_host":"127.0.0.1","port":"3306","database":"yogya_muallimaat","username":"root","password_masked":"***********","password_len":11}
[2026-07-01 16:50:00] {"level":"ERROR","event":"DB_CONNECT_FAIL","host":"127.0.0.1","resolved_host":"127.0.0.1","port":"3306","database":"yogya_muallimaat","username":"root","password_masked":"***********","password_len":11,"error":"DB_CONNECT_FAIL: SQLSTATE[HY000] [1045] Access denied for user 'root'@'localhost' (using password: YES)"}
[2026-07-01 16:50:00] {"level":"ERROR","event":"EXCEPTION","type":"RuntimeException","message":"DB_CONNECT_FAIL: DB_CONNECT_FAIL: SQLSTATE[HY000] [1045] Access denied for user 'root'@'localhost' (using password: YES)","file":"C:\\xampp\\htdocs\\WS_CLIENT\\Mualimat_Reward\\index.php","line":122}
[2026-07-01 16:50:04] {"level":"INFO","event":"DB_CONNECT_ATTEMPT","host":"127.0.0.1","resolved_host":"127.0.0.1","port":"3306","database":"yogya_muallimaat","username":"root","password_masked":"***********","password_len":11}
[2026-07-01 16:50:04] {"level":"ERROR","event":"DB_CONNECT_FAIL","host":"127.0.0.1","resolved_host":"127.0.0.1","port":"3306","database":"yogya_muallimaat","username":"root","password_masked":"***********","password_len":11,"error":"DB_CONNECT_FAIL: SQLSTATE[HY000] [1045] Access denied for user 'root'@'localhost' (using password: YES)"}
[2026-07-01 16:50:04] {"level":"ERROR","event":"EXCEPTION","type":"RuntimeException","message":"DB_CONNECT_FAIL: DB_CONNECT_FAIL: SQLSTATE[HY000] [1045] Access denied for user 'root'@'localhost' (using password: YES)","file":"C:\\xampp\\htdocs\\WS_CLIENT\\Mualimat_Reward\\index.php","line":122}
[2026-07-01 16:50:05] {"level":"INFO","event":"DB_CONNECT_ATTEMPT","host":"127.0.0.1","resolved_host":"127.0.0.1","port":"3306","database":"yogya_muallimaat","username":"root","password_masked":"***********","password_len":11}
[2026-07-01 16:50:05] {"level":"ERROR","event":"DB_CONNECT_FAIL","host":"127.0.0.1","resolved_host":"127.0.0.1","port":"3306","database":"yogya_muallimaat","username":"root","password_masked":"***********","password_len":11,"error":"DB_CONNECT_FAIL: SQLSTATE[HY000] [1045] Access denied for user 'root'@'localhost' (using password: YES)"}
[2026-07-01 16:50:05] {"level":"ERROR","event":"EXCEPTION","type":"RuntimeException","message":"DB_CONNECT_FAIL: DB_CONNECT_FAIL: SQLSTATE[HY000] [1045] Access denied for user 'root'@'localhost' (using password: YES)","file":"C:\\xampp\\htdocs\\WS_CLIENT\\Mualimat_Reward\\index.php","line":122}
[2026-07-01 16:51:08] {"level":"INFO","event":"DB_CONNECT_ATTEMPT","host":"127.0.0.1","resolved_host":"127.0.0.1","port":"3306","database":"yogya_muallimaat","username":"root","password_masked":"***********","password_len":11}
[2026-07-01 16:51:50] {"level":"INFO","event":"DB_CONNECT_ATTEMPT","host":"127.0.0.1","resolved_host":"127.0.0.1","port":"3306","database":"yogya_muallimaat","username":"root","password_masked":"***********","password_len":11}
[2026-07-01 16:53:00] {"level":"INFO","event":"DB_CONNECT_ATTEMPT","host":"127.0.0.1","resolved_host":"127.0.0.1","port":"3306","database":"yogya_muallimaat","username":"root","password_masked":"***********","password_len":11}
[2026-07-01 16:53:34] {"level":"INFO","event":"DB_CONNECT_ATTEMPT","host":"127.0.0.1","resolved_host":"127.0.0.1","port":"3306","database":"yogya_muallimaat","username":"root","password_masked":"***********","password_len":11}
[2026-07-01 16:55:40] {"level":"INFO","event":"DB_CONNECT_ATTEMPT","host":"127.0.0.1","resolved_host":"127.0.0.1","port":"3306","database":"yogya_muallimaat","username":"root","password_masked":"***********","password_len":11}
[2026-07-01 16:57:02] {"level":"INFO","event":"DB_CONNECT_ATTEMPT","host":"127.0.0.1","resolved_host":"127.0.0.1","port":"3306","database":"yogya_muallimaat","username":"root","password_masked":"***********","password_len":11}
[2026-07-01 17:04:16] {"level":"INFO","event":"DB_CONNECT_ATTEMPT","host":"127.0.0.1","resolved_host":"127.0.0.1","port":"3306","database":"yogya_muallimaat","username":"root","password_masked":"***********","password_len":11}
[2026-07-01 17:04:34] {"level":"INFO","event":"DB_CONNECT_ATTEMPT","host":"127.0.0.1","resolved_host":"127.0.0.1","port":"3306","database":"yogya_muallimaat","username":"root","password_masked":"***********","password_len":11}
[2026-07-01 17:06:38] {"level":"INFO","event":"DB_CONNECT_ATTEMPT","host":"127.0.0.1","resolved_host":"127.0.0.1","port":"3306","database":"yogya_muallimaat","username":"root","password_masked":"***********","password_len":11}
[2026-07-01 17:09:09] {"level":"INFO","event":"DB_CONNECT_ATTEMPT","host":"127.0.0.1","resolved_host":"127.0.0.1","port":"3306","database":"yogya_muallimaat","username":"root","password_masked":"***********","password_len":11}
[2026-07-01 17:09:40] {"level":"INFO","event":"DB_CONNECT_ATTEMPT","host":"127.0.0.1","resolved_host":"127.0.0.1","port":"3306","database":"yogya_muallimaat","username":"root","password_masked":"***********","password_len":11}
[2026-07-01 17:09:40] {"level":"ERROR","event":"EXCEPTION","type":"PDOException","message":"SQLSTATE[23000]: Integrity constraint violation: 1062 Duplicate entry '1' for key 'PRIMARY'","file":"C:\\xampp\\htdocs\\WS_CLIENT\\Mualimat_Reward\\index.php","line":391}
[2026-07-01 17:13:08] {"level":"INFO","event":"DB_CONNECT_ATTEMPT","host":"127.0.0.1","resolved_host":"127.0.0.1","port":"3306","database":"yogya_muallimaat","username":"root","password_masked":"***********","password_len":11}
[2026-07-01 17:13:22] {"level":"INFO","event":"DB_CONNECT_ATTEMPT","host":"127.0.0.1","resolved_host":"127.0.0.1","port":"3306","database":"yogya_muallimaat","username":"root","password_masked":"***********","password_len":11}
[2026-07-01 17:19:11] {"level":"INFO","event":"DB_CONNECT_ATTEMPT","host":"127.0.0.1","resolved_host":"127.0.0.1","port":"3306","database":"yogya_muallimaat","username":"root","password_masked":"***********","password_len":11}
[2026-07-01 17:20:14] {"level":"INFO","event":"DB_CONNECT_ATTEMPT","host":"127.0.0.1","resolved_host":"127.0.0.1","port":"3306","database":"yogya_muallimaat","username":"root","password_masked":"***********","password_len":11}
[2026-07-01 17:25:48] {"level":"INFO","event":"DB_CONNECT_ATTEMPT","host":"127.0.0.1","resolved_host":"127.0.0.1","port":"3306","database":"yogya_muallimaat","username":"root","password_masked":"***********","password_len":11}
[2026-07-01 17:26:09] {"level":"INFO","event":"DB_CONNECT_ATTEMPT","host":"127.0.0.1","resolved_host":"127.0.0.1","port":"3306","database":"yogya_muallimaat","username":"root","password_masked":"***********","password_len":11}
[2026-07-01 18:50:20] {"level":"INFO","event":"DB_CONNECT_ATTEMPT","host":"127.0.0.1","resolved_host":"127.0.0.1","port":"3306","database":"yogya_muallimaat","username":"root","password_masked":"***********","password_len":11}
[2026-07-02 07:33:30] {"level":"INFO","event":"DB_CONNECT_ATTEMPT","host":"127.0.0.1","resolved_host":"127.0.0.1","port":"3306","database":"yogya_muallimaat","username":"root","password_masked":"***********","password_len":11}
[2026-07-02 10:41:17] {"level":"INFO","event":"DB_CONNECT_ATTEMPT","host":"127.0.0.1","resolved_host":"127.0.0.1","port":"3306","database":"yogya_muallimaat","username":"root","password_masked":"***********","password_len":11}
[2026-07-02 10:41:18] {"level":"INFO","event":"DB_CONNECT_ATTEMPT","host":"127.0.0.1","resolved_host":"127.0.0.1","port":"3306","database":"yogya_muallimaat","username":"root","password_masked":"***********","password_len":11}
[2026-07-08 14:22:46] METHOD_GET_TAHUN []
[2026-07-08 14:22:46] DB_CONNECT_FAIL {"host":"10.99.23.26","db":"yogya_muallimaat","port":"3306"}
[2026-07-08 14:22:46] FATAL_EXCEPTION {"message":"DB_UNAVAILABLE","file":"C:\\xampp\\htdocs\\WS_CLIENT\\Mualimat_Reward\\index.php","line":407}
[2026-07-08 14:22:48] METHOD_LOGIN []
[2026-07-08 14:22:48] DB_CONNECT_FAIL {"host":"10.99.23.26","db":"yogya_muallimaat","port":"3306"}
[2026-07-08 14:22:48] FATAL_EXCEPTION {"message":"DB_UNAVAILABLE","file":"C:\\xampp\\htdocs\\WS_CLIENT\\Mualimat_Reward\\index.php","line":407}
[2026-07-08 14:23:20] METHOD_GET_TAHUN []
[2026-07-08 14:23:29] METHOD_GET_TAHUN []
[2026-07-08 14:23:31] METHOD_LOGIN []
[2026-07-08 14:23:41] DB_CONNECT_FAIL {"host":"103.23.103.36","db":"yogya_muallimaat","port":"3306"}
[2026-07-08 14:23:41] FATAL_EXCEPTION {"message":"DB_UNAVAILABLE","file":"C:\\xampp\\htdocs\\WS_CLIENT\\Mualimat_Reward\\index.php","line":407}
[2026-07-08 14:23:50] DB_CONNECT_FAIL {"host":"103.23.103.36","db":"yogya_muallimaat","port":"3306"}
[2026-07-08 14:23:50] FATAL_EXCEPTION {"message":"DB_UNAVAILABLE","file":"C:\\xampp\\htdocs\\WS_CLIENT\\Mualimat_Reward\\index.php","line":407}
[2026-07-08 14:23:52] DB_CONNECT_FAIL {"host":"103.23.103.36","db":"yogya_muallimaat","port":"3306"}
[2026-07-08 14:23:52] FATAL_EXCEPTION {"message":"DB_UNAVAILABLE","file":"C:\\xampp\\htdocs\\WS_CLIENT\\Mualimat_Reward\\index.php","line":407}
[2026-07-08 14:26:43] METHOD_GET_TAHUN []
[2026-07-08 14:26:45] METHOD_LOGIN []
[2026-07-08 14:26:45] LOGIN_ATTEMPT {"username":"1301154344"}
[2026-07-08 14:26:45] LOGIN_USER_NOT_FOUND {"username":"1301154344"}
[2026-07-08 14:27:40] METHOD_LOGIN []
[2026-07-08 14:27:40] LOGIN_ATTEMPT {"username":"farrelep"}
[2026-07-08 14:27:40] LOGIN_SUCCESS {"username":"farrelep","custid":"65"}
[2026-07-08 15:10:02] METHOD_GET_TAHUN []
[2026-07-08 15:10:04] METHOD_LOGIN []
[2026-07-08 15:10:04] LOGIN_ATTEMPT {"username":"farrelep"}
[2026-07-08 15:10:04] LOGIN_USER_NOT_FOUND {"username":"farrelep"}
[2026-07-08 15:10:05] METHOD_LOGIN []
[2026-07-08 15:10:05] LOGIN_ATTEMPT {"username":"farrelep"}
[2026-07-08 15:10:05] LOGIN_USER_NOT_FOUND {"username":"farrelep"}
[2026-07-08 15:10:06] METHOD_LOGIN []
[2026-07-08 15:10:06] LOGIN_ATTEMPT {"username":"farrelep"}
[2026-07-08 15:10:06] LOGIN_USER_NOT_FOUND {"username":"farrelep"}
[2026-07-08 15:10:08] METHOD_LOGIN []
[2026-07-08 15:10:08] LOGIN_ATTEMPT {"username":"niko"}
[2026-07-08 15:10:08] LOGIN_WRONG_PASSWORD {"username":"niko"}
[2026-07-08 15:10:09] METHOD_LOGIN []
[2026-07-08 15:10:09] LOGIN_ATTEMPT {"username":"niko"}
[2026-07-08 15:10:09] LOGIN_WRONG_PASSWORD {"username":"niko"}
[2026-07-08 15:10:38] METHOD_LOGIN []
[2026-07-08 15:10:38] LOGIN_ATTEMPT {"username":"niko"}
[2026-07-08 15:10:38] LOGIN_WRONG_PASSWORD {"username":"niko"}
[2026-07-08 15:10:38] METHOD_LOGIN []
[2026-07-08 15:10:38] LOGIN_ATTEMPT {"username":"niko"}
[2026-07-08 15:10:38] LOGIN_WRONG_PASSWORD {"username":"niko"}
[2026-07-08 15:10:38] METHOD_LOGIN []
[2026-07-08 15:10:38] LOGIN_ATTEMPT {"username":"niko"}
[2026-07-08 15:10:38] LOGIN_WRONG_PASSWORD {"username":"niko"}
[2026-07-08 15:10:39] METHOD_LOGIN []
[2026-07-08 15:10:39] LOGIN_ATTEMPT {"username":"niko"}
[2026-07-08 15:10:39] LOGIN_WRONG_PASSWORD {"username":"niko"}
[2026-07-08 15:10:39] METHOD_LOGIN []
[2026-07-08 15:10:39] LOGIN_ATTEMPT {"username":"niko"}
[2026-07-08 15:10:39] LOGIN_WRONG_PASSWORD {"username":"niko"}
[2026-07-08 15:10:39] METHOD_LOGIN []
[2026-07-08 15:10:39] LOGIN_ATTEMPT {"username":"niko"}
[2026-07-08 15:10:39] LOGIN_WRONG_PASSWORD {"username":"niko"}
[2026-07-08 15:10:39] METHOD_LOGIN []
[2026-07-08 15:10:39] LOGIN_ATTEMPT {"username":"niko"}
[2026-07-08 15:10:39] LOGIN_WRONG_PASSWORD {"username":"niko"}
[2026-07-08 15:10:39] METHOD_LOGIN []
[2026-07-08 15:10:39] LOGIN_ATTEMPT {"username":"niko"}
[2026-07-08 15:10:39] LOGIN_WRONG_PASSWORD {"username":"niko"}
[2026-07-08 15:10:39] METHOD_LOGIN []
[2026-07-08 15:10:39] LOGIN_ATTEMPT {"username":"niko"}
[2026-07-08 15:10:39] LOGIN_WRONG_PASSWORD {"username":"niko"}
[2026-07-08 15:10:40] METHOD_LOGIN []
[2026-07-08 15:10:40] LOGIN_ATTEMPT {"username":"niko"}
[2026-07-08 15:10:40] LOGIN_WRONG_PASSWORD {"username":"niko"}
[2026-07-08 15:12:28] METHOD_LOGIN []
[2026-07-08 15:12:28] LOGIN_ATTEMPT {"username":"niko"}
[2026-07-08 15:12:28] LOGIN_WRONG_PASSWORD {"username":"niko"}
[2026-07-08 15:12:51] METHOD_GET_TAHUN []
[2026-07-08 15:12:53] METHOD_LOGIN []
[2026-07-08 15:12:53] LOGIN_ATTEMPT {"username":"niko"}
[2026-07-08 15:12:53] LOGIN_SUCCESS {"username":"niko","custid":"1"}
[2026-07-08 15:20:32] METHOD_GET_TAHUN []
[2026-07-08 15:20:51] METHOD_SUBMIT {"has_file":true}
[2026-07-08 15:20:51] SUBMIT_SUCCESS {"id":1,"custid":"1","nocust":"niko","tahun":"2026/2027"}
[2026-07-08 15:40:42] METHOD_LOGIN []
[2026-07-08 15:40:42] LOGIN_ATTEMPT {"username":"niko"}
[2026-07-08 15:40:42] LOGIN_SUCCESS {"username":"niko","custid":"1"}
[2026-07-08 15:43:43] METHOD_GET_TAHUN []
[2026-07-08 16:00:39] METHOD_LOGIN_APPROVAL []
[2026-07-08 16:00:39] LOGIN_APPROVAL_ATTEMPT {"username":"niko"}
[2026-07-08 16:00:39] LOGIN_APPROVAL_SUCCESS {"username":"niko","role":"Musrifah","code01":"23"}
[2026-07-08 16:03:36] METHOD_APPROVAL {"action":"list"}
[2026-07-08 16:03:36] FATAL_EXCEPTION {"message":"SQLSTATE[HY093]: Invalid parameter number","file":"C:\\xampp\\htdocs\\WS_CLIENT\\Mualimat_Reward\\index.php","line":891}
[2026-07-08 16:03:38] METHOD_APPROVAL {"action":"list"}
[2026-07-08 16:03:38] FATAL_EXCEPTION {"message":"SQLSTATE[HY093]: Invalid parameter number","file":"C:\\xampp\\htdocs\\WS_CLIENT\\Mualimat_Reward\\index.php","line":891}
[2026-07-08 16:03:40] METHOD_APPROVAL {"action":"list"}
[2026-07-08 16:03:40] FATAL_EXCEPTION {"message":"SQLSTATE[HY093]: Invalid parameter number","file":"C:\\xampp\\htdocs\\WS_CLIENT\\Mualimat_Reward\\index.php","line":891}
[2026-07-08 16:03:43] METHOD_APPROVAL {"action":"list"}
[2026-07-08 16:03:43] FATAL_EXCEPTION {"message":"SQLSTATE[HY093]: Invalid parameter number","file":"C:\\xampp\\htdocs\\WS_CLIENT\\Mualimat_Reward\\index.php","line":891}
[2026-07-08 16:03:53] METHOD_LOGIN_APPROVAL []
[2026-07-08 16:03:53] LOGIN_APPROVAL_ATTEMPT {"username":"farrelep"}
[2026-07-08 16:03:53] LOGIN_APPROVAL_USER_NOT_FOUND {"username":"farrelep"}
[2026-07-08 16:05:08] METHOD_LOGIN_APPROVAL []
[2026-07-08 16:05:08] LOGIN_APPROVAL_ATTEMPT {"username":"niko"}
[2026-07-08 16:05:08] LOGIN_APPROVAL_SUCCESS {"username":"niko","role":"Musrifah","code01":"23"}
[2026-07-08 16:05:55] METHOD_APPROVAL {"action":"list"}
[2026-07-08 16:05:55] FATAL_EXCEPTION {"message":"SQLSTATE[HY093]: Invalid parameter number","file":"C:\\xampp\\htdocs\\WS_CLIENT\\Mualimat_Reward\\index.php","line":891}
[2026-07-08 16:05:57] METHOD_APPROVAL {"action":"list"}
[2026-07-08 16:05:57] FATAL_EXCEPTION {"message":"SQLSTATE[HY093]: Invalid parameter number","file":"C:\\xampp\\htdocs\\WS_CLIENT\\Mualimat_Reward\\index.php","line":891}
[2026-07-08 16:06:04] METHOD_LOGIN_APPROVAL []
[2026-07-08 16:06:04] LOGIN_APPROVAL_ATTEMPT {"username":"farrelep"}
[2026-07-08 16:06:04] LOGIN_APPROVAL_USER_NOT_FOUND {"username":"farrelep"}
[2026-07-08 16:06:29] METHOD_LOGIN_APPROVAL []
[2026-07-08 16:06:29] LOGIN_APPROVAL_ATTEMPT {"username":"niko"}
[2026-07-08 16:06:29] LOGIN_APPROVAL_WRONG_PASSWORD {"username":"niko"}
[2026-07-08 16:07:38] METHOD_LOGIN_APPROVAL []
[2026-07-08 16:07:38] LOGIN_APPROVAL_ATTEMPT {"username":"farrelep"}
[2026-07-08 16:07:38] LOGIN_APPROVAL_USER_NOT_FOUND {"username":"farrelep"}
[2026-07-08 16:08:02] METHOD_LOGIN []
[2026-07-08 16:08:02] LOGIN_ATTEMPT {"username":"farrelep"}
[2026-07-08 16:08:02] LOGIN_USER_NOT_FOUND {"username":"farrelep"}
[2026-07-08 16:08:06] METHOD_LOGIN []
[2026-07-08 16:08:06] LOGIN_ATTEMPT {"username":"niko"}
[2026-07-08 16:08:06] LOGIN_SUCCESS {"username":"niko","custid":"1"}
[2026-07-08 16:08:46] METHOD_LOGIN_APPROVAL []
[2026-07-08 16:08:46] LOGIN_APPROVAL_ATTEMPT {"username":"niko"}
[2026-07-08 16:08:46] LOGIN_APPROVAL_SUCCESS {"username":"niko","role":"Musrifah","code01":"23"}
[2026-07-08 16:08:46] METHOD_APPROVAL {"action":"list"}
[2026-07-08 16:09:45] METHOD_APPROVAL {"action":"list"}
[2026-07-08 16:09:47] METHOD_APPROVAL {"action":"list"}
[2026-07-08 16:09:49] METHOD_APPROVAL {"action":"list"}
[2026-07-08 16:09:50] METHOD_APPROVAL {"action":"list"}
[2026-07-08 16:10:36] METHOD_APPROVAL {"action":"list"}
[2026-07-08 16:10:38] METHOD_APPROVAL {"action":"list"}
[2026-07-08 16:10:39] METHOD_APPROVAL {"action":"list"}
[2026-07-08 16:10:40] METHOD_APPROVAL {"action":"list"}
[2026-07-08 16:10:41] METHOD_APPROVAL {"action":"list"}
[2026-07-08 16:10:42] METHOD_APPROVAL {"action":"list"}
[2026-07-08 16:25:11] METHOD_APPROVAL {"action":"list"}
[2026-07-08 16:25:16] METHOD_APPROVAL {"action":"approve"}
[2026-07-08 16:25:16] APPROVAL_UPDATE {"id":1,"action":"approve","by":"Musrifah","code01":"23"}
[2026-07-08 16:25:16] METHOD_APPROVAL {"action":"list"}
[2026-07-08 16:25:18] METHOD_APPROVAL {"action":"list"}
[2026-07-08 16:25:31] METHOD_LOGIN_APPROVAL []
[2026-07-08 16:25:31] LOGIN_APPROVAL_ATTEMPT {"username":"niko"}
[2026-07-08 16:25:31] LOGIN_APPROVAL_SUCCESS {"username":"niko","role":"Musrifah","code01":"23"}
[2026-07-08 16:25:32] METHOD_APPROVAL {"action":"list"}
[2026-07-09 11:22:19] METHOD_GET_TAHUN []
[2026-07-14 13:56:57] METHOD_LOGIN_APPROVAL []
[2026-07-14 13:56:57] LOGIN_APPROVAL_ATTEMPT {"username":"ust_novia"}
[2026-07-14 13:56:57] LOGIN_APPROVAL_USER_NOT_FOUND {"username":"ust_novia"}
[2026-07-14 13:58:53] METHOD_LOGIN_APPROVAL []
[2026-07-14 13:58:53] LOGIN_APPROVAL_ATTEMPT {"username":"niko"}
[2026-07-14 13:58:53] LOGIN_APPROVAL_SUCCESS {"username":"niko","role":"Musrifah","code01":"23"}
[2026-07-14 13:58:54] METHOD_APPROVAL {"action":"list"}
[2026-07-14 14:00:47] METHOD_LOGIN_APPROVAL []
[2026-07-14 14:00:47] LOGIN_APPROVAL_ATTEMPT {"username":"niko"}
[2026-07-14 14:00:47] LOGIN_APPROVAL_SUCCESS {"username":"niko","role":"Musrifah","code01":"23"}
[2026-07-14 14:00:47] METHOD_APPROVAL {"action":"list"}
[2026-07-14 14:03:01] METHOD_APPROVAL {"action":"list"}
[2026-07-14 14:03:03] METHOD_APPROVAL {"action":"list"}
[2026-07-14 14:03:05] METHOD_APPROVAL {"action":"list"}
[2026-07-14 14:03:08] METHOD_APPROVAL {"action":"list"}
[2026-07-14 14:03:15] METHOD_APPROVAL {"action":"list"}
[2026-07-14 14:03:17] METHOD_APPROVAL {"action":"list"}
[2026-07-14 15:49:11] METHOD_GET_TAHUN []
[2026-07-14 16:03:14] METHOD_LOGIN []
[2026-07-14 16:03:14] LOGIN_ATTEMPT {"username":"1301154344"}
[2026-07-14 16:03:14] LOGIN_USER_NOT_FOUND {"username":"1301154344"}
[2026-07-14 16:03:20] METHOD_LOGIN []
[2026-07-14 16:03:20] LOGIN_ATTEMPT {"username":"1301154344"}
[2026-07-14 16:03:20] LOGIN_USER_NOT_FOUND {"username":"1301154344"}
[2026-07-14 16:18:38] METHOD_LOGIN []
[2026-07-14 16:18:38] LOGIN_ATTEMPT {"username":"ictcek"}
[2026-07-14 16:18:38] LOGIN_USER_NOT_FOUND {"username":"ictcek"}
[2026-07-14 16:18:49] METHOD_LOGIN []
[2026-07-14 16:18:49] LOGIN_ATTEMPT {"username":"ictcek"}
[2026-07-14 16:18:49] LOGIN_USER_NOT_FOUND {"username":"ictcek"}
[2026-07-14 16:18:54] METHOD_LOGIN []
[2026-07-14 16:18:54] LOGIN_ATTEMPT {"username":"admkeu"}
[2026-07-14 16:18:54] LOGIN_USER_NOT_FOUND {"username":"admkeu"}
[2026-07-14 16:19:00] METHOD_GET_TAHUN []
[2026-07-14 16:19:07] METHOD_LOGIN []
[2026-07-14 16:19:07] LOGIN_ATTEMPT {"username":"admkeu"}
[2026-07-14 16:19:07] LOGIN_USER_NOT_FOUND {"username":"admkeu"}
[2026-07-14 16:27:01] METHOD_LOGIN []
[2026-07-14 16:27:01] LOGIN_ATTEMPT {"username":"niko"}
[2026-07-14 16:27:01] LOGIN_SUCCESS {"username":"niko","custid":"1"}
[2026-07-14 16:29:32] METHOD_LOGIN_APPROVAL []
[2026-07-14 16:29:32] LOGIN_APPROVAL_ATTEMPT {"username":"niko"}
[2026-07-14 16:29:32] LOGIN_APPROVAL_SUCCESS {"username":"niko","role":"Musrifah","code01":"23"}
[2026-07-14 16:29:33] METHOD_APPROVAL {"action":"list"}
[2026-07-14 16:34:01] METHOD_LOGIN_APPROVAL []
[2026-07-14 16:34:01] LOGIN_APPROVAL_ATTEMPT {"username":"diva"}
[2026-07-14 16:34:01] LOGIN_APPROVAL_ROLE_FORBIDDEN {"username":"diva","role":"siswa"}
[2026-07-14 16:34:10] METHOD_LOGIN_APPROVAL []
[2026-07-14 16:34:10] LOGIN_APPROVAL_ATTEMPT {"username":"niko"}
[2026-07-14 16:34:10] LOGIN_APPROVAL_SUCCESS {"username":"niko","role":"Musrifah","code01":"23"}
[2026-07-14 16:34:11] METHOD_APPROVAL {"action":"list"}
[2026-07-14 16:34:52] METHOD_GET_TAHUN []
[2026-07-14 16:34:58] METHOD_LOGIN []
[2026-07-14 16:34:58] LOGIN_ATTEMPT {"username":"diva"}
[2026-07-14 16:34:58] LOGIN_SUCCESS {"username":"diva","custid":"2"}
[2026-07-14 16:46:51] METHOD_GET_TAHUN []
[2026-07-14 16:47:00] METHOD_LOGIN []
[2026-07-14 16:47:00] LOGIN_ATTEMPT {"username":"niko"}
[2026-07-14 16:47:00] LOGIN_SUCCESS {"username":"niko","custid":"1"}
[2026-07-14 16:47:07] METHOD_LOGIN []
[2026-07-14 16:47:07] LOGIN_ATTEMPT {"username":"diva"}
[2026-07-14 16:47:07] LOGIN_SUCCESS {"username":"diva","custid":"2"}
[2026-07-14 16:52:02] METHOD_GET_TAHUN []
[2026-07-21 14:53:16] METHOD_GET_TAHUN []
[2026-07-25 17:07:36] METHOD_GET_TAHUN []
[2026-07-26 16:07:47] METHOD_GET_TAHUN []
[2026-07-26 16:07:49] METHOD_LOGIN []
[2026-07-26 16:07:49] LOGIN_ATTEMPT {"username":"niko"}
[2026-07-26 16:07:49] LOGIN_SUCCESS {"username":"niko","custid":"1"}
[2026-07-28 10:40:55] METHOD_GET_TAHUN []
[2026-07-28 22:21:40] METHOD_GET_TAHUN []
[2026-07-30 09:33:17] METHOD_GET_TAHUN []
[2026-07-30 09:33:17] METHOD_GET_TAHUN []
[2026-07-30 09:33:43] METHOD_GET_TAHUN []
[2026-07-30 09:33:43] METHOD_GET_TAHUN []
[2026-07-30 09:44:29] METHOD_GET_TAHUN []
[2026-07-30 10:01:10] METHOD_GET_TAHUN []
[2026-07-30 10:01:28] METHOD_LOGIN []
[2026-07-30 10:01:28] LOGIN_ATTEMPT {"username":"diva"}
[2026-07-30 10:01:28] LOGIN_SUCCESS {"username":"diva","custid":"2"}
[2026-07-30 10:19:28] METHOD_LOGIN []
[2026-07-30 10:19:28] LOGIN_ATTEMPT {"username":"diva"}
[2026-07-30 10:19:28] LOGIN_SUCCESS {"username":"diva","custid":"2"}
[2026-07-30 10:20:47] METHOD_LOGIN_APPROVAL []
[2026-07-30 10:20:47] LOGIN_APPROVAL_ATTEMPT {"username":"niko"}
[2026-07-30 10:20:47] LOGIN_APPROVAL_SUCCESS {"username":"niko","role":"Musrifah","code01":"23"}
[2026-07-30 10:20:47] METHOD_APPROVAL {"action":"list"}
[2026-07-30 10:20:52] METHOD_APPROVAL {"action":"list"}
[2026-07-30 10:21:12] METHOD_APPROVAL {"action":"list"}
[2026-07-30 10:21:14] METHOD_APPROVAL {"action":"list"}
[2026-07-30 10:21:20] METHOD_APPROVAL {"action":"list"}
[2026-07-30 10:45:35] METHOD_GET_TAHUN []
[2026-07-30 10:45:37] METHOD_LOGIN []
[2026-07-30 10:45:37] LOGIN_ATTEMPT {"username":"niko"}
[2026-07-30 10:45:37] LOGIN_SUCCESS {"username":"niko","custid":"1"}
[2026-07-30 10:45:52] METHOD_GET_TAHUN []
[2026-07-30 11:12:05] METHOD_GET_TAHUN []
[2026-08-02 13:11:07] METHOD_GET_TAHUN []
[2026-08-04 15:24:37] METHOD_GET_TAHUN []
[2026-08-04 15:24:44] METHOD_LOGIN []
[2026-08-04 15:24:44] LOGIN_ATTEMPT {"username":"niko"}
[2026-08-04 15:24:44] LOGIN_SUCCESS {"username":"niko","custid":"1"}
[2026-08-07 11:22:31] METHOD_GET_TAHUN []
[2026-08-08 12:05:42] METHOD_GET_TAHUN []
[2026-08-08 12:05:49] METHOD_GET_TAHUN []
[2026-08-08 12:07:11] METHOD_GET_TAHUN []
[2026-08-08 12:07:16] METHOD_LOGIN []
[2026-08-08 12:07:16] LOGIN_ATTEMPT {"username":"niko"}
[2026-08-08 12:07:16] LOGIN_SUCCESS {"username":"niko","custid":"1"}
[2026-08-08 12:22:11] METHOD_GET_TAHUN []
[2026-08-08 12:22:18] METHOD_LOGIN []
[2026-08-08 12:22:18] LOGIN_ATTEMPT {"username":"niko"}
[2026-08-08 12:22:18] LOGIN_SUCCESS {"username":"niko","custid":"1"}
[2026-08-08 12:27:54] METHOD_SUBMIT {"has_file":true}
[2026-08-08 12:27:55] SUBMIT_SUCCESS {"id":2,"custid":"1","nocust":"niko","tahun":"2023/2024"}
[2026-08-08 12:28:16] METHOD_SUBMIT {"has_file":true}
[2026-08-08 12:28:16] SUBMIT_SUCCESS {"id":3,"custid":"1","nocust":"niko","tahun":"2023/2024"}
[2026-08-08 12:28:52] METHOD_SUBMIT {"has_file":true}
[2026-08-08 12:28:52] SUBMIT_SUCCESS {"id":4,"custid":"1","nocust":"niko","tahun":"2023/2024"}
[2026-08-24 13:14:38] METHOD_GET_TAHUN []
[2026-08-24 13:15:26] METHOD_LOGIN []
[2026-08-24 13:15:26] LOGIN_ATTEMPT {"username":"diva"}
[2026-08-24 13:15:26] LOGIN_SUCCESS {"username":"diva","custid":"2"}
[2026-08-24 13:34:42] METHOD_GET_TAHUN []
[2026-08-24 13:53:12] METHOD_LOGIN []
[2026-08-24 13:53:12] LOGIN_ATTEMPT {"username":"diva"}
[2026-08-24 13:53:12] LOGIN_SUCCESS {"username":"diva","custid":"2"}
[2026-08-24 14:11:52] METHOD_LOGIN_APPROVAL []
[2026-08-24 14:11:52] LOGIN_APPROVAL_ATTEMPT {"username":"niko"}
[2026-08-24 14:11:52] LOGIN_APPROVAL_SUCCESS {"username":"niko","role":"Musrifah","code01":"23"}
[2026-08-24 14:11:52] METHOD_APPROVAL {"action":"list"}
[2026-08-24 14:11:59] METHOD_APPROVAL {"action":"list"}
[2026-08-24 14:12:03] METHOD_APPROVAL {"action":"list"}
[2026-08-24 14:12:04] METHOD_APPROVAL {"action":"list"}
[2026-08-24 14:13:02] METHOD_LOGIN_APPROVAL []
[2026-08-24 14:13:02] LOGIN_APPROVAL_ATTEMPT {"username":"niko"}
[2026-08-24 14:13:02] LOGIN_APPROVAL_SUCCESS {"username":"niko","role":"Musrifah","code01":"23"}
[2026-08-24 14:13:02] METHOD_APPROVAL {"action":"list"}
[2026-08-24 16:11:25] METHOD_LOGIN_APPROVAL []
[2026-08-24 16:11:25] LOGIN_APPROVAL_ATTEMPT {"username":"devi"}
[2026-08-24 16:11:25] LOGIN_APPROVAL_USER_NOT_FOUND {"username":"devi"}
[2026-08-24 16:11:45] METHOD_LOGIN_APPROVAL []
[2026-08-24 16:11:45] LOGIN_APPROVAL_ATTEMPT {"username":"niko"}
[2026-08-24 16:11:45] LOGIN_APPROVAL_SUCCESS {"username":"niko","role":"Musrifah","code01":"23"}
[2026-08-24 16:11:46] METHOD_APPROVAL {"action":"list"}
[2026-08-24 18:48:05] METHOD_LOGIN []
[2026-08-24 18:48:26] DB_CONNECT_FAIL {"host":"10.99.23.18","db":"yogya_muallimaat","port":"3306"}
[2026-08-24 18:48:26] FATAL_EXCEPTION {"message":"DB_UNAVAILABLE","file":"C:\\laragon\\www\\Yogya_Muallimaat_Presensi_Sholat\\ws\\index.php","line":407}
[2026-08-24 18:48:26] METHOD_LOGIN []
[2026-08-24 18:48:47] DB_CONNECT_FAIL {"host":"10.99.23.18","db":"yogya_muallimaat","port":"3306"}
[2026-08-24 18:48:47] FATAL_EXCEPTION {"message":"DB_UNAVAILABLE","file":"C:\\laragon\\www\\Yogya_Muallimaat_Presensi_Sholat\\ws\\index.php","line":407}
[2026-08-24 18:49:20] METHOD_LOGIN []
[2026-08-24 18:49:41] DB_CONNECT_FAIL {"host":"10.99.23.18","db":"yogya_muallimaat","port":"3306"}
[2026-08-24 18:49:41] FATAL_EXCEPTION {"message":"DB_UNAVAILABLE","file":"C:\\laragon\\www\\Yogya_Muallimaat_Presensi_Sholat\\ws\\index.php","line":407}
[2026-08-24 18:49:43] METHOD_LOGIN []
[2026-08-24 18:50:04] DB_CONNECT_FAIL {"host":"10.99.23.18","db":"yogya_muallimaat","port":"3306"}
[2026-08-24 18:50:04] FATAL_EXCEPTION {"message":"DB_UNAVAILABLE","file":"C:\\laragon\\www\\Yogya_Muallimaat_Presensi_Sholat\\ws\\index.php","line":407}
[2026-08-24 18:50:19] METHOD_GET_TAHUN []
[2026-08-24 18:50:40] DB_CONNECT_FAIL {"host":"10.99.23.18","db":"yogya_muallimaat","port":"3306"}
[2026-08-24 18:50:40] FATAL_EXCEPTION {"message":"DB_UNAVAILABLE","file":"C:\\laragon\\www\\Yogya_Muallimaat_Presensi_Sholat\\ws\\index.php","line":407}
[2026-08-24 18:51:10] METHOD_GET_TAHUN []
[2026-08-24 18:51:31] DB_CONNECT_FAIL {"host":"10.99.23.18","db":"yogya_muallimaat","port":"3306"}
[2026-08-24 18:51:31] FATAL_EXCEPTION {"message":"DB_UNAVAILABLE","file":"C:\\laragon\\www\\Yogya_Muallimaat_Presensi_Sholat\\ws\\index.php","line":407}
[2026-08-24 18:51:31] METHOD_GET_TAHUN []
[2026-08-24 18:51:52] DB_CONNECT_FAIL {"host":"10.99.23.18","db":"yogya_muallimaat","port":"3306"}
[2026-08-24 18:51:52] FATAL_EXCEPTION {"message":"DB_UNAVAILABLE","file":"C:\\laragon\\www\\Yogya_Muallimaat_Presensi_Sholat\\ws\\index.php","line":407}
[2026-08-24 18:52:00] METHOD_LOGIN []
[2026-08-24 18:52:21] DB_CONNECT_FAIL {"host":"10.99.23.18","db":"yogya_muallimaat","port":"3306"}
[2026-08-24 18:52:21] FATAL_EXCEPTION {"message":"DB_UNAVAILABLE","file":"C:\\laragon\\www\\Yogya_Muallimaat_Presensi_Sholat\\ws\\index.php","line":407}
[2026-08-24 18:52:24] METHOD_LOGIN []
[2026-08-24 18:52:45] DB_CONNECT_FAIL {"host":"10.99.23.18","db":"yogya_muallimaat","port":"3306"}
[2026-08-24 18:52:45] FATAL_EXCEPTION {"message":"DB_UNAVAILABLE","file":"C:\\laragon\\www\\Yogya_Muallimaat_Presensi_Sholat\\ws\\index.php","line":407}
[2026-08-24 18:53:50] METHOD_GET_TAHUN []
[2026-08-24 18:54:11] DB_CONNECT_FAIL {"host":"10.99.23.18","db":"yogya_muallimaat","port":"3306"}
[2026-08-24 18:54:11] FATAL_EXCEPTION {"message":"DB_UNAVAILABLE","file":"C:\\laragon\\www\\Yogya_Muallimaat_Presensi_Sholat\\ws\\index.php","line":407}
[2026-08-24 18:54:31] METHOD_LOGIN []
[2026-08-24 18:54:52] DB_CONNECT_FAIL {"host":"10.99.23.18","db":"yogya_muallimaat","port":"3306"}
[2026-08-24 18:54:52] FATAL_EXCEPTION {"message":"DB_UNAVAILABLE","file":"C:\\laragon\\www\\Yogya_Muallimaat_Presensi_Sholat\\ws\\index.php","line":407}
[2026-08-24 18:54:52] METHOD_GET_TAHUN []
[2026-08-24 18:55:13] DB_CONNECT_FAIL {"host":"10.99.23.18","db":"yogya_muallimaat","port":"3306"}
[2026-08-24 18:55:13] FATAL_EXCEPTION {"message":"DB_UNAVAILABLE","file":"C:\\laragon\\www\\Yogya_Muallimaat_Presensi_Sholat\\ws\\index.php","line":407}
[2026-08-24 18:55:51] METHOD_GET_TAHUN []
[2026-08-24 18:56:12] DB_CONNECT_FAIL {"host":"10.99.23.18","db":"yogya_muallimaat","port":"3306"}
[2026-08-24 18:56:12] FATAL_EXCEPTION {"message":"DB_UNAVAILABLE","file":"C:\\laragon\\www\\Yogya_Muallimaat_Presensi_Sholat\\ws\\index.php","line":407}
[2026-08-24 18:56:49] METHOD_GET_TAHUN []
[2026-08-24 18:57:10] DB_CONNECT_FAIL {"host":"10.99.23.18","db":"yogya_muallimaat","port":"3306"}
[2026-08-24 18:57:10] FATAL_EXCEPTION {"message":"DB_UNAVAILABLE","file":"C:\\laragon\\www\\Yogya_Muallimaat_Presensi_Sholat\\ws\\index.php","line":407}
[2026-08-24 18:57:39] METHOD_GET_TAHUN []
[2026-08-24 18:58:00] DB_CONNECT_FAIL {"host":"10.99.23.18","db":"yogya_muallimaat","port":"3306"}
[2026-08-24 18:58:00] FATAL_EXCEPTION {"message":"DB_UNAVAILABLE","file":"C:\\laragon\\www\\Yogya_Muallimaat_Presensi_Sholat\\ws\\index.php","line":407}
[2026-08-24 18:58:00] METHOD_GET_TAHUN []
[2026-08-24 18:58:21] DB_CONNECT_FAIL {"host":"10.99.23.18","db":"yogya_muallimaat","port":"3306"}
[2026-08-24 18:58:21] FATAL_EXCEPTION {"message":"DB_UNAVAILABLE","file":"C:\\laragon\\www\\Yogya_Muallimaat_Presensi_Sholat\\ws\\index.php","line":407}
[2026-08-24 18:59:20] METHOD_GET_TAHUN []
[2026-08-24 18:59:41] DB_CONNECT_FAIL {"host":"10.99.23.18","db":"yogya_muallimaat","port":"3306"}
[2026-08-24 18:59:41] FATAL_EXCEPTION {"message":"DB_UNAVAILABLE","file":"C:\\laragon\\www\\Yogya_Muallimaat_Presensi_Sholat\\ws\\index.php","line":407}
[2026-08-24 19:00:13] METHOD_LOGIN []
[2026-08-24 19:00:34] DB_CONNECT_FAIL {"host":"10.99.23.18","db":"yogya_muallimaat","port":"3306"}
[2026-08-24 19:00:34] FATAL_EXCEPTION {"message":"DB_UNAVAILABLE","file":"C:\\laragon\\www\\Yogya_Muallimaat_Presensi_Sholat\\ws\\index.php","line":407}
[2026-08-24 19:01:04] METHOD_LOGIN []
[2026-08-24 19:01:25] DB_CONNECT_FAIL {"host":"10.99.23.18","db":"yogya_muallimaat","port":"3306"}
[2026-08-24 19:01:25] FATAL_EXCEPTION {"message":"DB_UNAVAILABLE","file":"C:\\laragon\\www\\Yogya_Muallimaat_Presensi_Sholat\\ws\\index.php","line":407}
[2026-08-24 19:02:11] METHOD_GET_TAHUN []
[2026-08-24 19:02:32] DB_CONNECT_FAIL {"host":"10.99.23.18","db":"yogya_muallimaat","port":"3306"}
[2026-08-24 19:02:32] FATAL_EXCEPTION {"message":"DB_UNAVAILABLE","file":"C:\\laragon\\www\\Yogya_Muallimaat_Presensi_Sholat\\ws\\index.php","line":407}
[2026-08-24 19:02:36] METHOD_LOGIN []
[2026-08-24 19:02:57] DB_CONNECT_FAIL {"host":"10.99.23.18","db":"yogya_muallimaat","port":"3306"}
[2026-08-24 19:02:57] FATAL_EXCEPTION {"message":"DB_UNAVAILABLE","file":"C:\\laragon\\www\\Yogya_Muallimaat_Presensi_Sholat\\ws\\index.php","line":407}
[2026-08-24 19:03:11] METHOD_GET_TAHUN []
[2026-08-24 19:03:33] DB_CONNECT_FAIL {"host":"10.99.23.18","db":"yogya_muallimaat","port":"3306"}
[2026-08-24 19:03:33] FATAL_EXCEPTION {"message":"DB_UNAVAILABLE","file":"C:\\laragon\\www\\Yogya_Muallimaat_Presensi_Sholat\\ws\\index.php","line":407}
[2026-08-24 19:04:01] METHOD_GET_TAHUN []
[2026-08-24 19:04:22] DB_CONNECT_FAIL {"host":"10.99.23.18","db":"yogya_muallimaat","port":"3306"}
[2026-08-24 19:04:22] FATAL_EXCEPTION {"message":"DB_UNAVAILABLE","file":"C:\\laragon\\www\\Yogya_Muallimaat_Presensi_Sholat\\ws\\index.php","line":407}
[2026-08-24 19:04:37] METHOD_GET_TAHUN []
[2026-08-24 19:04:58] DB_CONNECT_FAIL {"host":"10.99.23.18","db":"yogya_muallimaat","port":"3306"}
[2026-08-24 19:04:58] FATAL_EXCEPTION {"message":"DB_UNAVAILABLE","file":"C:\\laragon\\www\\Yogya_Muallimaat_Presensi_Sholat\\ws\\index.php","line":407}
[2026-08-24 19:05:13] METHOD_GET_TAHUN []
[2026-08-24 19:05:34] DB_CONNECT_FAIL {"host":"10.99.23.18","db":"yogya_muallimaat","port":"3306"}
[2026-08-24 19:05:34] FATAL_EXCEPTION {"message":"DB_UNAVAILABLE","file":"C:\\laragon\\www\\Yogya_Muallimaat_Presensi_Sholat\\ws\\index.php","line":407}
[2026-08-24 19:05:48] METHOD_GET_TAHUN []
[2026-08-24 19:06:09] DB_CONNECT_FAIL {"host":"10.99.23.18","db":"yogya_muallimaat","port":"3306"}
[2026-08-24 19:06:09] FATAL_EXCEPTION {"message":"DB_UNAVAILABLE","file":"C:\\laragon\\www\\Yogya_Muallimaat_Presensi_Sholat\\ws\\index.php","line":407}
[2026-08-24 19:07:36] METHOD_LOGIN []
[2026-08-24 19:07:57] DB_CONNECT_FAIL {"host":"10.99.23.18","db":"yogya_muallimaat","port":"3306"}
[2026-08-24 19:07:57] FATAL_EXCEPTION {"message":"DB_UNAVAILABLE","file":"C:\\laragon\\www\\Yogya_Muallimaat_Presensi_Sholat\\ws\\index.php","line":407}
[2026-08-24 19:07:59] METHOD_LOGIN []
[2026-08-24 19:08:20] DB_CONNECT_FAIL {"host":"10.99.23.18","db":"yogya_muallimaat","port":"3306"}
[2026-08-24 19:08:20] FATAL_EXCEPTION {"message":"DB_UNAVAILABLE","file":"C:\\laragon\\www\\Yogya_Muallimaat_Presensi_Sholat\\ws\\index.php","line":407}
[2026-08-24 19:08:25] METHOD_LOGIN []
[2026-08-24 19:08:46] DB_CONNECT_FAIL {"host":"10.99.23.18","db":"yogya_muallimaat","port":"3306"}
[2026-08-24 19:08:46] FATAL_EXCEPTION {"message":"DB_UNAVAILABLE","file":"C:\\laragon\\www\\Yogya_Muallimaat_Presensi_Sholat\\ws\\index.php","line":407}
[2026-08-24 19:08:53] METHOD_LOGIN []
[2026-08-24 19:09:14] DB_CONNECT_FAIL {"host":"10.99.23.18","db":"yogya_muallimaat","port":"3306"}
[2026-08-24 19:09:14] FATAL_EXCEPTION {"message":"DB_UNAVAILABLE","file":"C:\\laragon\\www\\Yogya_Muallimaat_Presensi_Sholat\\ws\\index.php","line":407}
[2026-08-24 19:10:28] METHOD_LOGIN []
[2026-08-24 19:10:49] DB_CONNECT_FAIL {"host":"10.99.23.18","db":"yogya_muallimaat","port":"3306"}
[2026-08-24 19:10:49] FATAL_EXCEPTION {"message":"DB_UNAVAILABLE","file":"C:\\laragon\\www\\Yogya_Muallimaat_Presensi_Sholat\\ws\\index.php","line":407}
[2026-08-24 19:12:45] METHOD_GET_TAHUN []
[2026-08-24 19:13:06] DB_CONNECT_FAIL {"host":"10.99.23.18","db":"yogya_muallimaat","port":"3306"}
[2026-08-24 19:13:06] FATAL_EXCEPTION {"message":"DB_UNAVAILABLE","file":"C:\\laragon\\www\\Yogya_Muallimaat_Presensi_Sholat\\ws\\index.php","line":407}
[2026-08-24 19:17:42] METHOD_LOGIN []
[2026-08-24 19:17:47] DB_CONNECT_FAIL {"host":"10.99.23.18","db":"yogya_muallimaat","port":"3306"}
[2026-08-24 19:17:47] FATAL_EXCEPTION {"message":"DB_UNAVAILABLE","file":"C:\\laragon\\www\\Yogya_Muallimaat_Presensi_Sholat\\ws\\index.php","line":407}
[2026-08-24 19:18:14] METHOD_LOGIN []
[2026-08-24 19:18:19] DB_CONNECT_FAIL {"host":"10.99.23.18","db":"yogya_muallimaat","port":"3306"}
[2026-08-24 19:18:19] FATAL_EXCEPTION {"message":"DB_UNAVAILABLE","file":"C:\\laragon\\www\\Yogya_Muallimaat_Presensi_Sholat\\ws\\index.php","line":407}
[2026-08-24 19:18:55] METHOD_LOGIN []
[2026-08-24 19:19:00] DB_CONNECT_FAIL {"host":"10.99.23.18","db":"yogya_muallimaat","port":"3306"}
[2026-08-24 19:19:00] FATAL_EXCEPTION {"message":"DB_UNAVAILABLE","file":"C:\\laragon\\www\\Yogya_Muallimaat_Presensi_Sholat\\ws\\index.php","line":407}
[2026-08-24 19:23:24] METHOD_LOGIN []
[2026-08-24 19:23:29] DB_CONNECT_FAIL {"host":"10.99.23.18","db":"yogya_muallimaat","port":"3306"}
[2026-08-24 19:23:29] FATAL_EXCEPTION {"message":"DB_UNAVAILABLE","file":"C:\\laragon\\www\\Yogya_Muallimaat_Presensi_Sholat\\ws\\index.php","line":407}
[2026-08-24 19:24:04] METHOD_LOGIN []
[2026-08-24 19:24:09] DB_CONNECT_FAIL {"host":"10.99.23.18","db":"yogya_muallimaat","port":"3306"}
[2026-08-24 19:24:09] FATAL_EXCEPTION {"message":"DB_UNAVAILABLE","file":"C:\\laragon\\www\\Yogya_Muallimaat_Presensi_Sholat\\ws\\index.php","line":407}
[2026-08-24 19:27:29] METHOD_LOGIN []
[2026-08-24 19:27:34] DB_CONNECT_FAIL {"host":"10.99.23.18","db":"yogya_muallimaat","port":"3306"}
[2026-08-24 19:27:34] FATAL_EXCEPTION {"message":"DB_UNAVAILABLE","file":"C:\\laragon\\www\\Yogya_Muallimaat_Presensi_Sholat\\ws\\index.php","line":407}
[2026-08-24 19:29:34] METHOD_LOGIN []
[2026-08-24 19:29:39] DB_CONNECT_FAIL {"host":"10.99.23.18","db":"yogya_muallimaat","port":"3306"}
[2026-08-24 19:29:39] FATAL_EXCEPTION {"message":"DB_UNAVAILABLE","file":"C:\\laragon\\www\\Yogya_Muallimaat_Presensi_Sholat\\ws\\index.php","line":407}
[2026-08-24 19:30:07] METHOD_LOGIN []
[2026-08-24 19:30:12] DB_CONNECT_FAIL {"host":"10.99.23.18","db":"yogya_muallimaat","port":"3306"}
[2026-08-24 19:30:12] FATAL_EXCEPTION {"message":"DB_UNAVAILABLE","file":"C:\\laragon\\www\\Yogya_Muallimaat_Presensi_Sholat\\ws\\index.php","line":407}
[2026-08-24 19:32:51] METHOD_LOGIN []
[2026-08-24 19:32:56] DB_CONNECT_FAIL {"host":"10.99.23.18","db":"yogya_muallimaat","port":"3306"}
[2026-08-24 19:32:56] FATAL_EXCEPTION {"message":"DB_UNAVAILABLE","file":"C:\\laragon\\www\\Yogya_Muallimaat_Presensi_Sholat\\ws\\index.php","line":407}
[2026-08-24 19:33:06] METHOD_LOGIN []
[2026-08-24 19:33:11] DB_CONNECT_FAIL {"host":"10.99.23.18","db":"yogya_muallimaat","port":"3306"}
[2026-08-24 19:33:11] FATAL_EXCEPTION {"message":"DB_UNAVAILABLE","file":"C:\\laragon\\www\\Yogya_Muallimaat_Presensi_Sholat\\ws\\index.php","line":407}
